[2025-02-09T23:30:16.335] [INFO] default - Starting Nest application...
[2025-02-09T23:30:16.487] [INFO] default - App successfully configured Logger
[2025-02-09T23:30:16.488] [INFO] default - App successfully configured Filters
[2025-02-09T23:30:16.488] [INFO] default - App successfully configured Interceptors
[2025-02-09T23:30:16.488] [INFO] default - Nest app started with port [8092]
[2025-02-09T23:30:16.584] [INFO] default - AppController {/}:
[2025-02-09T23:30:16.585] [INFO] default - Mapped {/, GET} route
[2025-02-09T23:30:16.586] [INFO] default - Nest application successfully started
[2025-02-09T23:31:39.551] [INFO] default - Starting Nest application...
[2025-02-09T23:33:07.361] [INFO] default - Starting Nest application...
[2025-02-09T23:33:34.600] [INFO] default - Starting Nest application...
[2025-02-09T23:33:34.811] [INFO] default - App successfully configured Logger
[2025-02-09T23:33:34.811] [INFO] default - App successfully configured Filters
[2025-02-09T23:33:34.812] [INFO] default - App successfully configured Interceptors
[2025-02-09T23:33:34.812] [INFO] default - Nest app started with port [8092]
[2025-02-09T23:33:34.912] [INFO] default - AppController {/}:
[2025-02-09T23:33:34.913] [INFO] default - Mapped {/, GET} route
[2025-02-09T23:33:34.914] [INFO] default - Nest application successfully started
[2025-02-11T20:58:23.273] [INFO] default - Starting Nest application...
[2025-02-11T20:58:23.489] [INFO] default - App successfully configured Logger
[2025-02-11T20:58:23.490] [INFO] default - App successfully configured Filters
[2025-02-11T20:58:23.490] [INFO] default - App successfully configured Interceptors
[2025-02-11T20:58:23.490] [INFO] default - Nest app started with port [8092]
[2025-02-11T20:58:23.504] [INFO] default - AppController {/}:
[2025-02-11T20:58:23.504] [INFO] default - Mapped {/, GET} route
[2025-02-11T20:58:23.504] [INFO] default - CategoryController {/api/v1/concert}:
[2025-02-11T20:58:23.505] [INFO] default - Mapped {/api/v1/concert/categories, GET} route
[2025-02-11T20:58:23.505] [INFO] default - Mapped {/api/v1/concert/categories/:categoryId, GET} route
[2025-02-11T20:58:23.505] [INFO] default - Mapped {/api/v1/concert/categories, POST} route
[2025-02-11T20:58:23.505] [INFO] default - ConcertController {/api/v1/concert}:
[2025-02-11T20:58:23.505] [INFO] default - Mapped {/api/v1/concert/concerts, POST} route
[2025-02-11T20:58:23.506] [INFO] default - Nest application successfully started
[2025-02-11T20:59:06.755] [INFO] log-aspect - Logging started: save
[2025-02-11T20:59:06.791] [INFO] log-aspect - Logging finished: save finished in 36ms
[2025-02-11T20:59:11.823] [INFO] log-aspect - Logging started: save
[2025-02-11T20:59:11.836] [INFO] log-aspect - Logging finished: save finished in 13ms
[2025-02-11T20:59:16.866] [INFO] log-aspect - Logging started: save
[2025-02-11T20:59:16.878] [INFO] log-aspect - Logging finished: save finished in 12ms
[2025-02-11T20:59:21.906] [INFO] log-aspect - Logging started: save
[2025-02-11T20:59:21.916] [INFO] log-aspect - Logging finished: save finished in 10ms
[2025-02-11T20:59:26.947] [INFO] log-aspect - Logging started: save
[2025-02-11T20:59:26.968] [INFO] log-aspect - Logging finished: save finished in 21ms
[2025-02-11T20:59:32.000] [INFO] log-aspect - Logging started: save
[2025-02-11T20:59:32.013] [INFO] log-aspect - Logging finished: save finished in 13ms
[2025-02-11T20:59:37.051] [INFO] log-aspect - Logging started: save
[2025-02-11T20:59:37.060] [INFO] log-aspect - Logging finished: save finished in 9ms
[2025-02-13T21:06:43.760] [INFO] default - Starting Nest application...
[2025-02-13T21:06:44.005] [INFO] default - App successfully configured Logger
[2025-02-13T21:06:44.005] [INFO] default - App successfully configured Filters
[2025-02-13T21:06:44.005] [INFO] default - App successfully configured Interceptors
[2025-02-13T21:06:44.005] [INFO] default - Nest app started with port [8092]
[2025-02-13T21:06:44.021] [INFO] default - AppController {/}:
[2025-02-13T21:06:44.022] [INFO] default - Mapped {/, GET} route
[2025-02-13T21:06:44.022] [INFO] default - CategoryController {/api/v1/concert}:
[2025-02-13T21:06:44.022] [INFO] default - Mapped {/api/v1/concert/categories, GET} route
[2025-02-13T21:06:44.022] [INFO] default - Mapped {/api/v1/concert/categories/:categoryId, GET} route
[2025-02-13T21:06:44.023] [INFO] default - Mapped {/api/v1/concert/categories, POST} route
[2025-02-13T21:06:44.023] [INFO] default - ConcertController {/api/v1/concert}:
[2025-02-13T21:06:44.023] [INFO] default - Mapped {/api/v1/concert/concerts, POST} route
[2025-02-13T21:06:44.024] [INFO] default - Nest application successfully started
[2025-02-13T22:37:30.829] [INFO] default - Starting Nest application...
[2025-02-13T22:37:31.063] [INFO] default - App successfully configured Logger
[2025-02-13T22:37:31.063] [INFO] default - App successfully configured Filters
[2025-02-13T22:37:31.063] [INFO] default - App successfully configured Interceptors
[2025-02-13T22:37:31.063] [INFO] default - Nest app started with port [8092]
[2025-02-13T22:37:31.076] [INFO] default - AppController {/}:
[2025-02-13T22:37:31.077] [INFO] default - Mapped {/, GET} route
[2025-02-13T22:37:31.077] [INFO] default - CategoryController {/api/v1/concert}:
[2025-02-13T22:37:31.077] [INFO] default - Mapped {/api/v1/concert/categories, GET} route
[2025-02-13T22:37:31.078] [INFO] default - Mapped {/api/v1/concert/categories/:categoryId, GET} route
[2025-02-13T22:37:31.078] [INFO] default - Mapped {/api/v1/concert/categories, POST} route
[2025-02-13T22:37:31.078] [INFO] default - ConcertController {/api/v1/concert}:
[2025-02-13T22:37:31.078] [INFO] default - Mapped {/api/v1/concert/concerts, POST} route
[2025-02-13T22:37:31.079] [INFO] default - Nest application successfully started
[2025-02-13T22:37:36.192] [INFO] log-aspect - Logging started: save
[2025-02-13T22:37:36.197] [ERROR] log-aspect - Error: ["seatCategoriesPrice must be an array"]
[2025-02-13T22:37:36.197] [ERROR] log-aspect - Logging finished: save failed after 5ms with error: BadRequestException: Bad Request Exception
    at ValidationPipe.exceptionFactory (/Users/nhannguyen/Documents/IT Project/opera-house-backend/concert-service/node_modules/@nestjs/common/pipes/validation.pipe.js:101:20)
    at ValidationPipe.transform (/Users/nhannguyen/Documents/IT Project/opera-house-backend/concert-service/node_modules/@nestjs/common/pipes/validation.pipe.js:74:30)
    at process.processTicksAndRejections (node:internal/process/task_queues:105:5)
    at async resolveParamValue (/Users/nhannguyen/Documents/IT Project/opera-house-backend/concert-service/node_modules/@nestjs/core/router/router-execution-context.js:148:23)
    at async Promise.all (index 0)
    at async pipesFn (/Users/nhannguyen/Documents/IT Project/opera-house-backend/concert-service/node_modules/@nestjs/core/router/router-execution-context.js:151:13)
    at async /Users/nhannguyen/Documents/IT Project/opera-house-backend/concert-service/node_modules/@nestjs/core/router/router-execution-context.js:37:30.
[2025-02-13T22:46:18.985] [INFO] log-aspect - Logging started: save
[2025-02-13T22:46:19.020] [INFO] concert-service - Start create operation...
[2025-02-13T22:46:19.044] [INFO] concert-service - Set categories of concert
[2025-02-13T22:46:19.045] [INFO] concert-service - Set images of concert
[2025-02-13T22:46:19.051] [INFO] concert-service - Set show times of concert
[2025-02-13T22:46:19.087] [ERROR] concert-service - SequelizeForeignKeyConstraintError: insert or update on table "concert_category" violates foreign key constraint "concert_category_concertId_fkey"
[2025-02-13T22:46:19.087] [ERROR] log-aspect - Logging finished: save failed after 102ms with error: Error
    at Query.run (/Users/nhannguyen/Documents/IT Project/opera-house-backend/concert-service/node_modules/sequelize/src/dialects/postgres/query.js:76:25)
    at <anonymous> (/Users/nhannguyen/Documents/IT Project/opera-house-backend/concert-service/node_modules/sequelize/src/sequelize.js:650:28)
    at process.processTicksAndRejections (node:internal/process/task_queues:105:5)
    at async PostgresQueryInterface.bulkInsert (/Users/nhannguyen/Documents/IT Project/opera-house-backend/concert-service/node_modules/sequelize/src/dialects/abstract/query-interface.js:881:21)
    at async recursiveBulkCreate (/Users/nhannguyen/Documents/IT Project/opera-house-backend/concert-service/node_modules/sequelize/src/model.js:2851:25)
    at async Function.bulkCreate (/Users/nhannguyen/Documents/IT Project/opera-house-backend/concert-service/node_modules/sequelize/src/model.js:2977:12)
    at async Promise.all (index 0)
    at async BelongsToMany.set (/Users/nhannguyen/Documents/IT Project/opera-house-backend/concert-service/node_modules/sequelize/src/associations/belongs-to-many.js:653:14)
    at async ConcertRepository.create (/Users/nhannguyen/Documents/IT Project/opera-house-backend/concert-service/src/repository/impl/concert.repository.impl.ts:19:5)
    at async ConcertService.create (/Users/nhannguyen/Documents/IT Project/opera-house-backend/concert-service/src/service/impl/concert.service.impl.ts:79:30).
[2025-02-13T23:14:03.934] [INFO] default - Starting Nest application...
[2025-02-13T23:14:04.129] [INFO] default - App successfully configured Logger
[2025-02-13T23:14:04.130] [INFO] default - App successfully configured Filters
[2025-02-13T23:14:04.130] [INFO] default - App successfully configured Interceptors
[2025-02-13T23:14:04.130] [INFO] default - Nest app started with port [8092]
[2025-02-13T23:14:04.146] [INFO] default - AppController {/}:
[2025-02-13T23:14:04.147] [INFO] default - Mapped {/, GET} route
[2025-02-13T23:14:04.147] [INFO] default - CategoryController {/api/v1/concert}:
[2025-02-13T23:14:04.147] [INFO] default - Mapped {/api/v1/concert/categories, GET} route
[2025-02-13T23:14:04.148] [INFO] default - Mapped {/api/v1/concert/categories/:categoryId, GET} route
[2025-02-13T23:14:04.148] [INFO] default - Mapped {/api/v1/concert/categories, POST} route
[2025-02-13T23:14:04.148] [INFO] default - ConcertController {/api/v1/concert}:
[2025-02-13T23:14:04.148] [INFO] default - Mapped {/api/v1/concert/concerts, POST} route
[2025-02-13T23:14:04.149] [INFO] default - Nest application successfully started
[2025-02-13T23:14:07.038] [INFO] log-aspect - Logging started: save
[2025-02-13T23:14:07.049] [INFO] concert-service - Start create operation...
[2025-02-13T23:14:07.066] [INFO] concert-service - Set categories of concert
[2025-02-13T23:14:07.067] [INFO] concert-service - Set images of concert
[2025-02-13T23:14:07.069] [INFO] concert-service - Set show times of concert
[2025-02-13T23:14:07.088] [ERROR] concert-service - SequelizeForeignKeyConstraintError: insert or update on table "concert_category" violates foreign key constraint "concert_category_concertId_fkey"
[2025-02-13T23:14:07.088] [ERROR] log-aspect - Logging finished: save failed after 50ms with error: Error
    at Query.run (/Users/nhannguyen/Documents/IT Project/opera-house-backend/concert-service/node_modules/sequelize/src/dialects/postgres/query.js:76:25)
    at <anonymous> (/Users/nhannguyen/Documents/IT Project/opera-house-backend/concert-service/node_modules/sequelize/src/sequelize.js:650:28)
    at process.processTicksAndRejections (node:internal/process/task_queues:105:5)
    at async PostgresQueryInterface.bulkInsert (/Users/nhannguyen/Documents/IT Project/opera-house-backend/concert-service/node_modules/sequelize/src/dialects/abstract/query-interface.js:881:21)
    at async recursiveBulkCreate (/Users/nhannguyen/Documents/IT Project/opera-house-backend/concert-service/node_modules/sequelize/src/model.js:2851:25)
    at async Function.bulkCreate (/Users/nhannguyen/Documents/IT Project/opera-house-backend/concert-service/node_modules/sequelize/src/model.js:2977:12)
    at async Promise.all (index 0)
    at async BelongsToMany.set (/Users/nhannguyen/Documents/IT Project/opera-house-backend/concert-service/node_modules/sequelize/src/associations/belongs-to-many.js:653:14)
    at async ConcertRepository.create (/Users/nhannguyen/Documents/IT Project/opera-house-backend/concert-service/src/repository/impl/concert.repository.impl.ts:19:5)
    at async ConcertService.create (/Users/nhannguyen/Documents/IT Project/opera-house-backend/concert-service/src/service/impl/concert.service.impl.ts:84:30).
[2025-02-13T23:17:58.452] [INFO] default - Starting Nest application...
[2025-02-13T23:17:58.667] [INFO] default - App successfully configured Logger
[2025-02-13T23:17:58.667] [INFO] default - App successfully configured Filters
[2025-02-13T23:17:58.667] [INFO] default - App successfully configured Interceptors
[2025-02-13T23:17:58.667] [INFO] default - Nest app started with port [8092]
[2025-02-13T23:17:58.681] [INFO] default - AppController {/}:
[2025-02-13T23:17:58.682] [INFO] default - Mapped {/, GET} route
[2025-02-13T23:17:58.682] [INFO] default - CategoryController {/api/v1/concert}:
[2025-02-13T23:17:58.682] [INFO] default - Mapped {/api/v1/concert/categories, GET} route
[2025-02-13T23:17:58.683] [INFO] default - Mapped {/api/v1/concert/categories/:categoryId, GET} route
[2025-02-13T23:17:58.683] [INFO] default - Mapped {/api/v1/concert/categories, POST} route
[2025-02-13T23:17:58.683] [INFO] default - ConcertController {/api/v1/concert}:
[2025-02-13T23:17:58.683] [INFO] default - Mapped {/api/v1/concert/concerts, POST} route
[2025-02-13T23:17:58.684] [INFO] default - Nest application successfully started
[2025-02-13T23:19:27.867] [INFO] log-aspect - Logging started: save
[2025-02-13T23:19:27.883] [INFO] concert-service - Start create operation...
[2025-02-13T23:19:27.898] [INFO] concert-service - Set categories of concert
[2025-02-13T23:19:27.898] [INFO] concert-service - Set images of concert
[2025-02-13T23:19:27.900] [INFO] concert-service - Set show times of concert
[2025-02-13T23:19:27.921] [ERROR] concert-service - SequelizeForeignKeyConstraintError: insert or update on table "concert_category" violates foreign key constraint "concert_category_concertId_fkey"
[2025-02-13T23:19:27.921] [ERROR] log-aspect - Logging finished: save failed after 54ms with error: Error
    at Query.run (/Users/nhannguyen/Documents/IT Project/opera-house-backend/concert-service/node_modules/sequelize/src/dialects/postgres/query.js:76:25)
    at <anonymous> (/Users/nhannguyen/Documents/IT Project/opera-house-backend/concert-service/node_modules/sequelize/src/sequelize.js:650:28)
    at process.processTicksAndRejections (node:internal/process/task_queues:105:5)
    at async PostgresQueryInterface.bulkInsert (/Users/nhannguyen/Documents/IT Project/opera-house-backend/concert-service/node_modules/sequelize/src/dialects/abstract/query-interface.js:881:21)
    at async recursiveBulkCreate (/Users/nhannguyen/Documents/IT Project/opera-house-backend/concert-service/node_modules/sequelize/src/model.js:2851:25)
    at async Function.bulkCreate (/Users/nhannguyen/Documents/IT Project/opera-house-backend/concert-service/node_modules/sequelize/src/model.js:2977:12)
    at async Promise.all (index 0)
    at async BelongsToMany.add (/Users/nhannguyen/Documents/IT Project/opera-house-backend/concert-service/node_modules/sequelize/src/associations/belongs-to-many.js:747:30)
    at async ConcertRepository.create (/Users/nhannguyen/Documents/IT Project/opera-house-backend/concert-service/src/repository/impl/concert.repository.impl.ts:19:5)
    at async ConcertService.create (/Users/nhannguyen/Documents/IT Project/opera-house-backend/concert-service/src/service/impl/concert.service.impl.ts:83:30).
[2025-02-13T23:30:24.524] [INFO] default - Starting Nest application...
[2025-02-13T23:30:24.708] [INFO] default - App successfully configured Logger
[2025-02-13T23:30:24.709] [INFO] default - App successfully configured Filters
[2025-02-13T23:30:24.709] [INFO] default - App successfully configured Interceptors
[2025-02-13T23:30:24.709] [INFO] default - Nest app started with port [8092]
[2025-02-13T23:30:24.722] [INFO] default - AppController {/}:
[2025-02-13T23:30:24.723] [INFO] default - Mapped {/, GET} route
[2025-02-13T23:30:24.723] [INFO] default - CategoryController {/api/v1/concert}:
[2025-02-13T23:30:24.723] [INFO] default - Mapped {/api/v1/concert/categories, GET} route
[2025-02-13T23:30:24.724] [INFO] default - Mapped {/api/v1/concert/categories/:categoryId, GET} route
[2025-02-13T23:30:24.724] [INFO] default - Mapped {/api/v1/concert/categories, POST} route
[2025-02-13T23:30:24.724] [INFO] default - ConcertController {/api/v1/concert}:
[2025-02-13T23:30:24.724] [INFO] default - Mapped {/api/v1/concert/concerts, POST} route
[2025-02-13T23:30:24.725] [INFO] default - Nest application successfully started
[2025-02-13T23:30:30.472] [INFO] log-aspect - Logging started: save
[2025-02-13T23:30:30.481] [INFO] concert-service - Start create operation...
[2025-02-13T23:30:30.502] [INFO] concert-service - Set categories of concert
[2025-02-13T23:30:30.502] [INFO] concert-service - Set images of concert
[2025-02-13T23:30:30.505] [INFO] concert-service - Set show times of concert
[2025-02-13T23:30:30.537] [ERROR] concert-service - SequelizeDatabaseError: null value in column "id" of relation "concert_seatCategories" violates not-null constraint
[2025-02-13T23:30:30.537] [ERROR] log-aspect - Logging finished: save failed after 65ms with error: Error
    at Query.run (/Users/nhannguyen/Documents/IT Project/opera-house-backend/concert-service/node_modules/sequelize/src/dialects/postgres/query.js:76:25)
    at <anonymous> (/Users/nhannguyen/Documents/IT Project/opera-house-backend/concert-service/node_modules/sequelize/src/sequelize.js:650:28)
    at process.processTicksAndRejections (node:internal/process/task_queues:105:5)
    at async PostgresQueryInterface.bulkInsert (/Users/nhannguyen/Documents/IT Project/opera-house-backend/concert-service/node_modules/sequelize/src/dialects/abstract/query-interface.js:881:21)
    at async recursiveBulkCreate (/Users/nhannguyen/Documents/IT Project/opera-house-backend/concert-service/node_modules/sequelize/src/model.js:2851:25)
    at async Function.bulkCreate (/Users/nhannguyen/Documents/IT Project/opera-house-backend/concert-service/node_modules/sequelize/src/model.js:2977:12)
    at async ConcertService.create (/Users/nhannguyen/Documents/IT Project/opera-house-backend/concert-service/src/service/impl/concert.service.impl.ts:97:7)
    at async ConcertController.save (/Users/nhannguyen/Documents/IT Project/opera-house-backend/concert-service/src/controller/concert.controller.ts:39:21).
[2025-02-13T23:32:26.713] [INFO] default - Starting Nest application...
[2025-02-13T23:32:26.897] [INFO] default - App successfully configured Logger
[2025-02-13T23:32:26.897] [INFO] default - App successfully configured Filters
[2025-02-13T23:32:26.897] [INFO] default - App successfully configured Interceptors
[2025-02-13T23:32:26.897] [INFO] default - Nest app started with port [8092]
[2025-02-13T23:32:26.910] [INFO] default - AppController {/}:
[2025-02-13T23:32:26.911] [INFO] default - Mapped {/, GET} route
[2025-02-13T23:32:26.911] [INFO] default - CategoryController {/api/v1/concert}:
[2025-02-13T23:32:26.911] [INFO] default - Mapped {/api/v1/concert/categories, GET} route
[2025-02-13T23:32:26.911] [INFO] default - Mapped {/api/v1/concert/categories/:categoryId, GET} route
[2025-02-13T23:32:26.912] [INFO] default - Mapped {/api/v1/concert/categories, POST} route
[2025-02-13T23:32:26.912] [INFO] default - ConcertController {/api/v1/concert}:
[2025-02-13T23:32:26.912] [INFO] default - Mapped {/api/v1/concert/concerts, POST} route
[2025-02-13T23:32:26.913] [INFO] default - Nest application successfully started
[2025-02-13T23:32:30.442] [INFO] log-aspect - Logging started: save
[2025-02-13T23:32:30.450] [INFO] concert-service - Start create operation...
[2025-02-13T23:32:30.467] [INFO] concert-service - Set categories of concert
[2025-02-13T23:32:30.467] [INFO] concert-service - Set images of concert
[2025-02-13T23:32:30.469] [INFO] concert-service - Set show times of concert
[2025-02-13T23:32:30.494] [ERROR] concert-service - SequelizeDatabaseError: null value in column "id" of relation "concert_seatCategories" violates not-null constraint
[2025-02-13T23:32:30.494] [ERROR] log-aspect - Logging finished: save failed after 52ms with error: Error
    at Query.run (/Users/nhannguyen/Documents/IT Project/opera-house-backend/concert-service/node_modules/sequelize/src/dialects/postgres/query.js:76:25)
    at <anonymous> (/Users/nhannguyen/Documents/IT Project/opera-house-backend/concert-service/node_modules/sequelize/src/sequelize.js:650:28)
    at process.processTicksAndRejections (node:internal/process/task_queues:105:5)
    at async PostgresQueryInterface.bulkInsert (/Users/nhannguyen/Documents/IT Project/opera-house-backend/concert-service/node_modules/sequelize/src/dialects/abstract/query-interface.js:881:21)
    at async recursiveBulkCreate (/Users/nhannguyen/Documents/IT Project/opera-house-backend/concert-service/node_modules/sequelize/src/model.js:2851:25)
    at async Function.bulkCreate (/Users/nhannguyen/Documents/IT Project/opera-house-backend/concert-service/node_modules/sequelize/src/model.js:2977:12)
    at async ConcertService.create (/Users/nhannguyen/Documents/IT Project/opera-house-backend/concert-service/src/service/impl/concert.service.impl.ts:99:7)
    at async ConcertController.save (/Users/nhannguyen/Documents/IT Project/opera-house-backend/concert-service/src/controller/concert.controller.ts:39:21).
[2025-02-13T23:35:51.888] [INFO] default - Starting Nest application...
[2025-02-13T23:35:52.126] [INFO] default - App successfully configured Logger
[2025-02-13T23:35:52.126] [INFO] default - App successfully configured Filters
[2025-02-13T23:35:52.126] [INFO] default - App successfully configured Interceptors
[2025-02-13T23:35:52.126] [INFO] default - Nest app started with port [8092]
[2025-02-13T23:35:52.144] [INFO] default - AppController {/}:
[2025-02-13T23:35:52.145] [INFO] default - Mapped {/, GET} route
[2025-02-13T23:35:52.145] [INFO] default - CategoryController {/api/v1/concert}:
[2025-02-13T23:35:52.146] [INFO] default - Mapped {/api/v1/concert/categories, GET} route
[2025-02-13T23:35:52.146] [INFO] default - Mapped {/api/v1/concert/categories/:categoryId, GET} route
[2025-02-13T23:35:52.146] [INFO] default - Mapped {/api/v1/concert/categories, POST} route
[2025-02-13T23:35:52.146] [INFO] default - ConcertController {/api/v1/concert}:
[2025-02-13T23:35:52.146] [INFO] default - Mapped {/api/v1/concert/concerts, POST} route
[2025-02-13T23:35:52.148] [INFO] default - Nest application successfully started
[2025-02-13T23:35:54.663] [INFO] log-aspect - Logging started: save
[2025-02-13T23:35:54.672] [INFO] concert-service - Start create operation...
[2025-02-13T23:35:54.693] [INFO] concert-service - Set categories of concert
[2025-02-13T23:35:54.694] [INFO] concert-service - Set images of concert
[2025-02-13T23:35:54.696] [INFO] concert-service - Set show times of concert
[2025-02-13T23:35:54.730] [ERROR] concert-service - SequelizeDatabaseError: null value in column "id" of relation "concert_seatCategories" violates not-null constraint
[2025-02-13T23:35:54.730] [ERROR] log-aspect - Logging finished: save failed after 67ms with error: Error
    at Query.run (/Users/nhannguyen/Documents/IT Project/opera-house-backend/concert-service/node_modules/sequelize/src/dialects/postgres/query.js:76:25)
    at <anonymous> (/Users/nhannguyen/Documents/IT Project/opera-house-backend/concert-service/node_modules/sequelize/src/sequelize.js:650:28)
    at process.processTicksAndRejections (node:internal/process/task_queues:105:5)
    at async PostgresQueryInterface.bulkInsert (/Users/nhannguyen/Documents/IT Project/opera-house-backend/concert-service/node_modules/sequelize/src/dialects/abstract/query-interface.js:881:21)
    at async recursiveBulkCreate (/Users/nhannguyen/Documents/IT Project/opera-house-backend/concert-service/node_modules/sequelize/src/model.js:2851:25)
    at async Function.bulkCreate (/Users/nhannguyen/Documents/IT Project/opera-house-backend/concert-service/node_modules/sequelize/src/model.js:2977:12)
    at async ConcertService.create (/Users/nhannguyen/Documents/IT Project/opera-house-backend/concert-service/src/service/impl/concert.service.impl.ts:99:7)
    at async ConcertController.save (/Users/nhannguyen/Documents/IT Project/opera-house-backend/concert-service/src/controller/concert.controller.ts:39:21).
[2025-02-13T23:38:32.780] [INFO] default - Starting Nest application...
[2025-02-13T23:38:32.996] [INFO] default - App successfully configured Logger
[2025-02-13T23:38:32.996] [INFO] default - App successfully configured Filters
[2025-02-13T23:38:32.996] [INFO] default - App successfully configured Interceptors
[2025-02-13T23:38:32.996] [INFO] default - Nest app started with port [8092]
[2025-02-13T23:38:33.009] [INFO] default - AppController {/}:
[2025-02-13T23:38:33.010] [INFO] default - Mapped {/, GET} route
[2025-02-13T23:38:33.010] [INFO] default - CategoryController {/api/v1/concert}:
[2025-02-13T23:38:33.010] [INFO] default - Mapped {/api/v1/concert/categories, GET} route
[2025-02-13T23:38:33.010] [INFO] default - Mapped {/api/v1/concert/categories/:categoryId, GET} route
[2025-02-13T23:38:33.011] [INFO] default - Mapped {/api/v1/concert/categories, POST} route
[2025-02-13T23:38:33.011] [INFO] default - ConcertController {/api/v1/concert}:
[2025-02-13T23:38:33.011] [INFO] default - Mapped {/api/v1/concert/concerts, POST} route
[2025-02-13T23:38:33.012] [INFO] default - Nest application successfully started
[2025-02-13T23:38:35.542] [INFO] log-aspect - Logging started: save
[2025-02-13T23:38:35.552] [INFO] concert-service - Start create operation...
[2025-02-13T23:38:35.576] [INFO] concert-service - Set categories of concert
[2025-02-13T23:38:35.576] [INFO] concert-service - Set images of concert
[2025-02-13T23:38:35.579] [INFO] concert-service - Set show times of concert
[2025-02-13T23:38:35.609] [ERROR] concert-service - SequelizeDatabaseError: null value in column "id" of relation "concert_seatCategories" violates not-null constraint
[2025-02-13T23:38:35.609] [ERROR] log-aspect - Logging finished: save failed after 67ms with error: Error
    at Query.run (/Users/nhannguyen/Documents/IT Project/opera-house-backend/concert-service/node_modules/sequelize/src/dialects/postgres/query.js:76:25)
    at <anonymous> (/Users/nhannguyen/Documents/IT Project/opera-house-backend/concert-service/node_modules/sequelize/src/sequelize.js:650:28)
    at process.processTicksAndRejections (node:internal/process/task_queues:105:5)
    at async PostgresQueryInterface.bulkInsert (/Users/nhannguyen/Documents/IT Project/opera-house-backend/concert-service/node_modules/sequelize/src/dialects/abstract/query-interface.js:881:21)
    at async recursiveBulkCreate (/Users/nhannguyen/Documents/IT Project/opera-house-backend/concert-service/node_modules/sequelize/src/model.js:2851:25)
    at async Function.bulkCreate (/Users/nhannguyen/Documents/IT Project/opera-house-backend/concert-service/node_modules/sequelize/src/model.js:2977:12)
    at async ConcertService.create (/Users/nhannguyen/Documents/IT Project/opera-house-backend/concert-service/src/service/impl/concert.service.impl.ts:99:7)
    at async ConcertController.save (/Users/nhannguyen/Documents/IT Project/opera-house-backend/concert-service/src/controller/concert.controller.ts:39:21).
[2025-02-13T23:42:51.103] [INFO] default - Starting Nest application...
[2025-02-13T23:42:51.299] [INFO] default - App successfully configured Logger
[2025-02-13T23:42:51.299] [INFO] default - App successfully configured Filters
[2025-02-13T23:42:51.299] [INFO] default - App successfully configured Interceptors
[2025-02-13T23:42:51.299] [INFO] default - Nest app started with port [8092]
[2025-02-13T23:42:51.313] [INFO] default - AppController {/}:
[2025-02-13T23:42:51.314] [INFO] default - Mapped {/, GET} route
[2025-02-13T23:42:51.314] [INFO] default - CategoryController {/api/v1/concert}:
[2025-02-13T23:42:51.314] [INFO] default - Mapped {/api/v1/concert/categories, GET} route
[2025-02-13T23:42:51.314] [INFO] default - Mapped {/api/v1/concert/categories/:categoryId, GET} route
[2025-02-13T23:42:51.314] [INFO] default - Mapped {/api/v1/concert/categories, POST} route
[2025-02-13T23:42:51.314] [INFO] default - ConcertController {/api/v1/concert}:
[2025-02-13T23:42:51.315] [INFO] default - Mapped {/api/v1/concert/concerts, POST} route
[2025-02-13T23:42:51.316] [INFO] default - Nest application successfully started
[2025-02-13T23:42:55.096] [INFO] log-aspect - Logging started: save
[2025-02-13T23:42:55.105] [INFO] concert-service - Start create operation...
[2025-02-13T23:42:55.128] [INFO] concert-service - Set categories of concert
[2025-02-13T23:42:55.128] [INFO] concert-service - Set images of concert
[2025-02-13T23:42:55.132] [INFO] concert-service - Set show times of concert
[2025-02-13T23:42:55.152] [INFO] concert-service - Set price of seat categories
[2025-02-13T23:42:55.536] [INFO] concert-service - Set amount of seat of concert
[2025-02-13T23:42:55.538] [INFO] concert-service - Concert created!
[2025-02-13T23:42:55.540] [INFO] log-aspect - Logging finished: save finished in 444ms
[2025-02-13T23:56:38.653] [INFO] default - Starting Nest application...
[2025-02-13T23:56:38.843] [INFO] default - App successfully configured Logger
[2025-02-13T23:56:38.843] [INFO] default - App successfully configured Filters
[2025-02-13T23:56:38.843] [INFO] default - App successfully configured Interceptors
[2025-02-13T23:56:38.843] [INFO] default - Nest app started with port [8092]
[2025-02-13T23:56:38.857] [INFO] default - AppController {/}:
[2025-02-13T23:56:38.858] [INFO] default - Mapped {/, GET} route
[2025-02-13T23:56:38.858] [INFO] default - CategoryController {/api/v1/concert}:
[2025-02-13T23:56:38.858] [INFO] default - Mapped {/api/v1/concert/categories, GET} route
[2025-02-13T23:56:38.859] [INFO] default - Mapped {/api/v1/concert/categories/:categoryId, GET} route
[2025-02-13T23:56:38.859] [INFO] default - Mapped {/api/v1/concert/categories, POST} route
[2025-02-13T23:56:38.859] [INFO] default - ConcertController {/api/v1/concert}:
[2025-02-13T23:56:38.859] [INFO] default - Mapped {/api/v1/concert/concerts, POST} route
[2025-02-13T23:56:38.860] [INFO] default - Nest application successfully started
[2025-02-13T23:56:48.643] [INFO] log-aspect - Logging started: save
[2025-02-13T23:56:48.652] [INFO] concert-service - Start create operation...
[2025-02-13T23:56:48.676] [INFO] concert-service - Set categories of concert
[2025-02-13T23:56:48.676] [INFO] concert-service - Set images of concert
[2025-02-13T23:56:48.679] [INFO] concert-service - Set show times of concert
[2025-02-13T23:56:48.701] [INFO] concert-service - Set price of seat categories
[2025-02-13T23:56:49.109] [INFO] concert-service - Set amount of seat of concert
[2025-02-13T23:56:49.111] [INFO] concert-service - Concert created!
[2025-02-13T23:56:49.112] [INFO] log-aspect - Logging finished: save finished in 469ms
[2025-02-14T00:04:47.560] [INFO] default - Starting Nest application...
[2025-02-14T00:04:47.750] [INFO] default - App successfully configured Logger
[2025-02-14T00:04:47.751] [INFO] default - App successfully configured Filters
[2025-02-14T00:04:47.751] [INFO] default - App successfully configured Interceptors
[2025-02-14T00:04:47.751] [INFO] default - Nest app started with port [8092]
[2025-02-14T00:04:47.765] [INFO] default - AppController {/}:
[2025-02-14T00:04:47.765] [INFO] default - Mapped {/, GET} route
[2025-02-14T00:04:47.765] [INFO] default - CategoryController {/api/v1/concert}:
[2025-02-14T00:04:47.766] [INFO] default - Mapped {/api/v1/concert/categories, GET} route
[2025-02-14T00:04:47.766] [INFO] default - Mapped {/api/v1/concert/categories/:categoryId, GET} route
[2025-02-14T00:04:47.766] [INFO] default - Mapped {/api/v1/concert/categories, POST} route
[2025-02-14T00:04:47.766] [INFO] default - ConcertController {/api/v1/concert}:
[2025-02-14T00:04:47.766] [INFO] default - Mapped {/api/v1/concert/concerts, POST} route
[2025-02-14T00:04:47.767] [INFO] default - Nest application successfully started
[2025-02-14T00:04:53.021] [INFO] log-aspect - Logging started: save
[2025-02-14T00:04:53.030] [INFO] concert-service - Start create operation...
[2025-02-14T00:04:53.053] [INFO] concert-service - Set categories of concert
[2025-02-14T00:04:53.053] [INFO] concert-service - Set images of concert
[2025-02-14T00:04:53.056] [INFO] concert-service - Set show times of concert
[2025-02-14T00:04:53.076] [INFO] concert-service - Set price of seat categories
[2025-02-14T00:04:53.451] [INFO] concert-service - Set amount of seat of concert
[2025-02-14T00:04:53.454] [INFO] concert-service - Concert created!
[2025-02-14T00:04:53.456] [INFO] log-aspect - Logging finished: save finished in 435ms
[2025-02-14T00:07:21.939] [INFO] default - Starting Nest application...
[2025-02-14T00:07:22.134] [INFO] default - App successfully configured Logger
[2025-02-14T00:07:22.134] [INFO] default - App successfully configured Filters
[2025-02-14T00:07:22.134] [INFO] default - App successfully configured Interceptors
[2025-02-14T00:07:22.134] [INFO] default - Nest app started with port [8092]
[2025-02-14T00:07:22.148] [INFO] default - AppController {/}:
[2025-02-14T00:07:22.149] [INFO] default - Mapped {/, GET} route
[2025-02-14T00:07:22.149] [INFO] default - CategoryController {/api/v1/concert}:
[2025-02-14T00:07:22.149] [INFO] default - Mapped {/api/v1/concert/categories, GET} route
[2025-02-14T00:07:22.149] [INFO] default - Mapped {/api/v1/concert/categories/:categoryId, GET} route
[2025-02-14T00:07:22.149] [INFO] default - Mapped {/api/v1/concert/categories, POST} route
[2025-02-14T00:07:22.149] [INFO] default - ConcertController {/api/v1/concert}:
[2025-02-14T00:07:22.150] [INFO] default - Mapped {/api/v1/concert/concerts, POST} route
[2025-02-14T00:07:22.151] [INFO] default - Nest application successfully started
[2025-02-14T00:08:43.416] [INFO] default - Starting Nest application...
[2025-02-14T00:08:43.599] [INFO] default - App successfully configured Logger
[2025-02-14T00:08:43.599] [INFO] default - App successfully configured Filters
[2025-02-14T00:08:43.601] [INFO] default - App successfully configured Interceptors
[2025-02-14T00:08:43.601] [INFO] default - Nest app started with port [8092]
[2025-02-14T00:08:43.614] [INFO] default - AppController {/}:
[2025-02-14T00:08:43.615] [INFO] default - Mapped {/, GET} route
[2025-02-14T00:08:43.615] [INFO] default - CategoryController {/api/v1/concert}:
[2025-02-14T00:08:43.615] [INFO] default - Mapped {/api/v1/concert/categories, GET} route
[2025-02-14T00:08:43.616] [INFO] default - Mapped {/api/v1/concert/categories/:categoryId, GET} route
[2025-02-14T00:08:43.616] [INFO] default - Mapped {/api/v1/concert/categories, POST} route
[2025-02-14T00:08:43.616] [INFO] default - ConcertController {/api/v1/concert}:
[2025-02-14T00:08:43.616] [INFO] default - Mapped {/api/v1/concert/concerts, POST} route
[2025-02-14T00:08:43.617] [INFO] default - Nest application successfully started
[2025-02-14T00:09:47.170] [INFO] log-aspect - Logging started: save
[2025-02-14T00:09:47.191] [INFO] concert-service - Start create operation...
[2025-02-14T00:09:47.205] [ERROR] concert-service - Error: Resource not found
[2025-02-14T00:09:47.207] [ERROR] log-aspect - Logging finished: save failed after 35ms with error: Error: Resource not found
    at CategoryRepository.findById (/Users/nhannguyen/Documents/IT Project/opera-house-backend/concert-service/src/repository/impl/category.repository.impl.ts:35:13)
    at process.processTicksAndRejections (node:internal/process/task_queues:105:5)
    at async CategoryService.findById (/Users/nhannguyen/Documents/IT Project/opera-house-backend/concert-service/src/service/impl/category.service.impl.ts:47:12)
    at async ConcertService.create (/Users/nhannguyen/Documents/IT Project/opera-house-backend/concert-service/src/service/impl/concert.service.impl.ts:40:29)
    at async ConcertController.save (/Users/nhannguyen/Documents/IT Project/opera-house-backend/concert-service/src/controller/concert.controller.ts:39:21).
[2025-02-14T00:11:20.923] [INFO] log-aspect - Logging started: save
[2025-02-14T00:11:20.947] [INFO] concert-service - Start create operation...
[2025-02-14T00:11:20.970] [INFO] concert-service - Set categories of concert
[2025-02-14T00:11:20.972] [INFO] concert-service - Set images of concert
[2025-02-14T00:11:20.976] [INFO] concert-service - Set show times of concert
[2025-02-14T00:11:21.001] [INFO] concert-service - Set price of seat categories
[2025-02-14T00:11:21.147] [INFO] concert-service - Set amount of seat of concert
[2025-02-14T00:11:21.152] [INFO] concert-service - Concert created!
[2025-02-14T00:11:21.153] [INFO] log-aspect - Logging finished: save finished in 230ms
[2025-02-14T00:14:34.420] [INFO] default - Starting Nest application...
[2025-02-14T00:14:34.611] [INFO] default - App successfully configured Logger
[2025-02-14T00:14:34.612] [INFO] default - App successfully configured Filters
[2025-02-14T00:14:34.612] [INFO] default - App successfully configured Interceptors
[2025-02-14T00:14:34.612] [INFO] default - Nest app started with port [8092]
[2025-02-14T00:14:34.626] [INFO] default - AppController {/}:
[2025-02-14T00:14:34.626] [INFO] default - Mapped {/, GET} route
[2025-02-14T00:14:34.626] [INFO] default - CategoryController {/api/v1/concert}:
[2025-02-14T00:14:34.627] [INFO] default - Mapped {/api/v1/concert/categories, GET} route
[2025-02-14T00:14:34.627] [INFO] default - Mapped {/api/v1/concert/categories/:categoryId, GET} route
[2025-02-14T00:14:34.627] [INFO] default - Mapped {/api/v1/concert/categories, POST} route
[2025-02-14T00:14:34.627] [INFO] default - ConcertController {/api/v1/concert}:
[2025-02-14T00:14:34.627] [INFO] default - Mapped {/api/v1/concert/concerts, POST} route
[2025-02-14T00:14:34.628] [INFO] default - Nest application successfully started
[2025-02-14T00:14:38.620] [INFO] log-aspect - Logging started: save
[2025-02-14T00:14:38.629] [INFO] concert-service - Start create operation...
[2025-02-14T00:14:38.650] [INFO] concert-service - Set categories of concert
[2025-02-14T00:14:38.651] [INFO] concert-service - Set images of concert
[2025-02-14T00:14:38.654] [INFO] concert-service - Set show times of concert
[2025-02-14T00:14:38.678] [INFO] concert-service - Set price of seat categories
[2025-02-14T00:14:38.815] [INFO] concert-service - Set amount of seat of concert
[2025-02-14T00:14:38.818] [INFO] concert-service - Concert created!
[2025-02-14T00:14:38.820] [INFO] log-aspect - Logging finished: save finished in 200ms
[2025-02-14T00:17:56.089] [INFO] default - Starting Nest application...
[2025-02-14T00:17:56.304] [INFO] default - App successfully configured Logger
[2025-02-14T00:17:56.305] [INFO] default - App successfully configured Filters
[2025-02-14T00:17:56.305] [INFO] default - App successfully configured Interceptors
[2025-02-14T00:17:56.305] [INFO] default - Nest app started with port [8092]
[2025-02-14T00:17:56.326] [INFO] default - AppController {/}:
[2025-02-14T00:17:56.327] [INFO] default - Mapped {/, GET} route
[2025-02-14T00:17:56.327] [INFO] default - CategoryController {/api/v1/concert}:
[2025-02-14T00:17:56.327] [INFO] default - Mapped {/api/v1/concert/categories, GET} route
[2025-02-14T00:17:56.328] [INFO] default - Mapped {/api/v1/concert/categories/:categoryId, GET} route
[2025-02-14T00:17:56.328] [INFO] default - Mapped {/api/v1/concert/categories, POST} route
[2025-02-14T00:17:56.328] [INFO] default - ConcertController {/api/v1/concert}:
[2025-02-14T00:17:56.328] [INFO] default - Mapped {/api/v1/concert/concerts, POST} route
[2025-02-14T00:17:56.329] [INFO] default - Nest application successfully started
[2025-02-14T00:18:01.943] [INFO] log-aspect - Logging started: save
[2025-02-14T00:18:01.952] [INFO] concert-service - Start create operation...
[2025-02-14T00:18:01.971] [INFO] concert-service - Set categories of concert
[2025-02-14T00:18:01.971] [INFO] concert-service - Set images of concert
[2025-02-14T00:18:01.973] [INFO] concert-service - Set show times of concert
[2025-02-14T00:18:01.990] [INFO] concert-service - Set price of seat categories
[2025-02-14T00:18:02.147] [INFO] concert-service - Set amount of seat of concert
[2025-02-14T00:18:02.149] [INFO] concert-service - Concert created!
[2025-02-14T00:18:02.150] [INFO] log-aspect - Logging finished: save finished in 207ms
[2025-02-14T00:28:07.298] [INFO] default - Starting Nest application...
[2025-02-14T00:28:07.489] [INFO] default - App successfully configured Logger
[2025-02-14T00:28:07.489] [INFO] default - App successfully configured Filters
[2025-02-14T00:28:07.489] [INFO] default - App successfully configured Interceptors
[2025-02-14T00:28:07.489] [INFO] default - Nest app started with port [8092]
[2025-02-14T00:28:07.503] [INFO] default - AppController {/}:
[2025-02-14T00:28:07.504] [INFO] default - Mapped {/, GET} route
[2025-02-14T00:28:07.504] [INFO] default - CategoryController {/api/v1/concert}:
[2025-02-14T00:28:07.504] [INFO] default - Mapped {/api/v1/concert/categories, GET} route
[2025-02-14T00:28:07.505] [INFO] default - Mapped {/api/v1/concert/categories/:categoryId, GET} route
[2025-02-14T00:28:07.505] [INFO] default - Mapped {/api/v1/concert/categories, POST} route
[2025-02-14T00:28:07.505] [INFO] default - ConcertController {/api/v1/concert}:
[2025-02-14T00:28:07.505] [INFO] default - Mapped {/api/v1/concert/concerts, POST} route
[2025-02-14T00:28:07.506] [INFO] default - Nest application successfully started
[2025-02-14T00:28:17.277] [INFO] log-aspect - Logging started: save
[2025-02-14T00:28:17.286] [INFO] concert-service - Start create operation...
[2025-02-14T00:28:17.304] [INFO] concert-service - Set categories of concert
[2025-02-14T00:28:17.304] [INFO] concert-service - Set images of concert
[2025-02-14T00:28:17.306] [INFO] concert-service - Set show times of concert
[2025-02-14T00:28:17.326] [INFO] concert-service - Set price of seat categories
[2025-02-14T00:28:17.466] [INFO] concert-service - Set amount of seat of concert
[2025-02-14T00:28:17.469] [INFO] concert-service - Concert created!
[2025-02-14T00:28:17.470] [INFO] log-aspect - Logging finished: save finished in 193ms
[2025-02-14T00:32:54.391] [INFO] default - Starting Nest application...
[2025-02-14T00:32:54.585] [INFO] default - App successfully configured Logger
[2025-02-14T00:32:54.585] [INFO] default - App successfully configured Filters
[2025-02-14T00:32:54.585] [INFO] default - App successfully configured Interceptors
[2025-02-14T00:32:54.585] [INFO] default - Nest app started with port [8092]
[2025-02-14T00:32:54.601] [INFO] default - AppController {/}:
[2025-02-14T00:32:54.602] [INFO] default - Mapped {/, GET} route
[2025-02-14T00:32:54.602] [INFO] default - CategoryController {/api/v1/concert}:
[2025-02-14T00:32:54.602] [INFO] default - Mapped {/api/v1/concert/categories, GET} route
[2025-02-14T00:32:54.602] [INFO] default - Mapped {/api/v1/concert/categories/:categoryId, GET} route
[2025-02-14T00:32:54.603] [INFO] default - Mapped {/api/v1/concert/categories, POST} route
[2025-02-14T00:32:54.603] [INFO] default - ConcertController {/api/v1/concert}:
[2025-02-14T00:32:54.603] [INFO] default - Mapped {/api/v1/concert/concerts, POST} route
[2025-02-14T00:32:54.603] [INFO] default - Nest application successfully started
[2025-02-14T00:33:18.342] [INFO] log-aspect - Logging started: save
[2025-02-14T00:33:18.364] [INFO] concert-service - Start create operation...
[2025-02-14T00:33:18.384] [INFO] concert-service - Set categories of concert
[2025-02-14T00:33:18.400] [ERROR] concert-service - SequelizeForeignKeyConstraintError: insert or update on table "images" violates foreign key constraint "images_concertId_fkey"
[2025-02-14T00:33:18.400] [ERROR] log-aspect - Logging finished: save failed after 58ms with error: Error
    at Query.run (/Users/nhannguyen/Documents/IT Project/opera-house-backend/concert-service/node_modules/sequelize/src/dialects/postgres/query.js:76:25)
    at <anonymous> (/Users/nhannguyen/Documents/IT Project/opera-house-backend/concert-service/node_modules/sequelize/src/sequelize.js:650:28)
    at process.processTicksAndRejections (node:internal/process/task_queues:105:5)
    at async PostgresQueryInterface.bulkInsert (/Users/nhannguyen/Documents/IT Project/opera-house-backend/concert-service/node_modules/sequelize/src/dialects/abstract/query-interface.js:881:21)
    at async recursiveBulkCreate (/Users/nhannguyen/Documents/IT Project/opera-house-backend/concert-service/node_modules/sequelize/src/model.js:2851:25)
    at async Function.bulkCreate (/Users/nhannguyen/Documents/IT Project/opera-house-backend/concert-service/node_modules/sequelize/src/model.js:2977:12)
    at async ConcertService.create (/Users/nhannguyen/Documents/IT Project/opera-house-backend/concert-service/src/service/impl/concert.service.impl.ts:62:7)
    at async ConcertController.save (/Users/nhannguyen/Documents/IT Project/opera-house-backend/concert-service/src/controller/concert.controller.ts:39:21).
[2025-02-14T00:35:22.142] [INFO] default - Starting Nest application...
[2025-02-14T00:35:22.336] [INFO] default - App successfully configured Logger
[2025-02-14T00:35:22.337] [INFO] default - App successfully configured Filters
[2025-02-14T00:35:22.337] [INFO] default - App successfully configured Interceptors
[2025-02-14T00:35:22.337] [INFO] default - Nest app started with port [8092]
[2025-02-14T00:35:22.351] [INFO] default - AppController {/}:
[2025-02-14T00:35:22.351] [INFO] default - Mapped {/, GET} route
[2025-02-14T00:35:22.351] [INFO] default - CategoryController {/api/v1/concert}:
[2025-02-14T00:35:22.352] [INFO] default - Mapped {/api/v1/concert/categories, GET} route
[2025-02-14T00:35:22.352] [INFO] default - Mapped {/api/v1/concert/categories/:categoryId, GET} route
[2025-02-14T00:35:22.352] [INFO] default - Mapped {/api/v1/concert/categories, POST} route
[2025-02-14T00:35:22.352] [INFO] default - ConcertController {/api/v1/concert}:
[2025-02-14T00:35:22.352] [INFO] default - Mapped {/api/v1/concert/concerts, POST} route
[2025-02-14T00:35:22.353] [INFO] default - Nest application successfully started
[2025-02-14T00:35:28.114] [INFO] log-aspect - Logging started: save
[2025-02-14T00:35:28.123] [INFO] concert-service - Start create operation...
[2025-02-14T00:35:28.142] [INFO] concert-service - Set categories of concert
[2025-02-14T00:35:28.143] [INFO] concert-service - Set images of concert
[2025-02-14T00:35:28.145] [INFO] concert-service - Set show times of concert
[2025-02-14T00:35:28.173] [INFO] concert-service - Set price of seat categories
[2025-02-14T00:35:28.309] [INFO] concert-service - Set amount of seat of concert
[2025-02-14T00:35:28.312] [INFO] concert-service - Concert created!
[2025-02-14T00:35:28.313] [INFO] log-aspect - Logging finished: save finished in 199ms
[2025-02-14T21:51:03.517] [INFO] default - Starting Nest application...
[2025-02-14T21:51:03.712] [INFO] default - App successfully configured Logger
[2025-02-14T21:51:03.713] [INFO] default - App successfully configured Filters
[2025-02-14T21:51:03.713] [INFO] default - App successfully configured Interceptors
[2025-02-14T21:51:03.713] [INFO] default - Nest app started with port [8092]
[2025-02-14T21:51:03.726] [INFO] default - AppController {/}:
[2025-02-14T21:51:03.727] [INFO] default - Mapped {/, GET} route
[2025-02-14T21:51:03.727] [INFO] default - CategoryController {/api/v1/concert}:
[2025-02-14T21:51:03.728] [INFO] default - Mapped {/api/v1/concert/categories, GET} route
[2025-02-14T21:51:03.728] [INFO] default - Mapped {/api/v1/concert/categories/:categoryId, GET} route
[2025-02-14T21:51:03.728] [INFO] default - Mapped {/api/v1/concert/categories, POST} route
[2025-02-14T21:51:03.728] [INFO] default - ConcertController {/api/v1/concert}:
[2025-02-14T21:51:03.728] [INFO] default - Mapped {/api/v1/concert/concerts, POST} route
[2025-02-14T21:51:03.729] [INFO] default - Nest application successfully started
[2025-02-14T21:52:48.659] [INFO] log-aspect - Logging started: save
[2025-02-14T21:52:48.678] [INFO] concert-service - Start create operation...
[2025-02-14T21:52:48.692] [ERROR] concert-service - Error: Resource not found
[2025-02-14T21:52:48.695] [ERROR] log-aspect - Logging finished: save failed after 33ms with error: Error: Resource not found
    at CategoryRepository.findById (/Users/nhannguyen/Documents/IT Project/opera-house-backend/concert-service/src/repository/impl/category.repository.impl.ts:35:13)
    at process.processTicksAndRejections (node:internal/process/task_queues:105:5)
    at async CategoryService.findById (/Users/nhannguyen/Documents/IT Project/opera-house-backend/concert-service/src/service/impl/category.service.impl.ts:47:12)
    at async ConcertService.create (/Users/nhannguyen/Documents/IT Project/opera-house-backend/concert-service/src/service/impl/concert.service.impl.ts:46:29)
    at async ConcertController.save (/Users/nhannguyen/Documents/IT Project/opera-house-backend/concert-service/src/controller/concert.controller.ts:39:21).
[2025-02-14T21:54:44.141] [INFO] log-aspect - Logging started: save
[2025-02-14T21:54:44.165] [INFO] concert-service - Start create operation...
[2025-02-14T21:54:44.198] [INFO] concert-service - Set categories of concert
[2025-02-14T21:54:44.198] [INFO] concert-service - Set images of concert
[2025-02-14T21:54:44.219] [ERROR] concert-service - SequelizeDatabaseError: syntax error at or near "04"
[2025-02-14T21:54:44.219] [ERROR] log-aspect - Logging finished: save failed after 78ms with error: Error
    at Query.run (/Users/nhannguyen/Documents/IT Project/opera-house-backend/concert-service/node_modules/sequelize/src/dialects/postgres/query.js:76:25)
    at <anonymous> (/Users/nhannguyen/Documents/IT Project/opera-house-backend/concert-service/node_modules/sequelize/src/sequelize.js:650:28)
    at process.processTicksAndRejections (node:internal/process/task_queues:105:5)
    at async ConcertService.isShowTimesOfConcertDuplicated (/Users/nhannguyen/Documents/IT Project/opera-house-backend/concert-service/src/service/impl/concert.service.impl.ts:160:24)
    at async ConcertService.create (/Users/nhannguyen/Documents/IT Project/opera-house-backend/concert-service/src/service/impl/concert.service.impl.ts:87:35)
    at async ConcertController.save (/Users/nhannguyen/Documents/IT Project/opera-house-backend/concert-service/src/controller/concert.controller.ts:39:21).
[2025-02-14T21:58:02.819] [INFO] default - Starting Nest application...
[2025-02-14T21:58:03.003] [INFO] default - App successfully configured Logger
[2025-02-14T21:58:03.003] [INFO] default - App successfully configured Filters
[2025-02-14T21:58:03.003] [INFO] default - App successfully configured Interceptors
[2025-02-14T21:58:03.003] [INFO] default - Nest app started with port [8092]
[2025-02-14T21:58:03.017] [INFO] default - AppController {/}:
[2025-02-14T21:58:03.018] [INFO] default - Mapped {/, GET} route
[2025-02-14T21:58:03.018] [INFO] default - CategoryController {/api/v1/concert}:
[2025-02-14T21:58:03.018] [INFO] default - Mapped {/api/v1/concert/categories, GET} route
[2025-02-14T21:58:03.019] [INFO] default - Mapped {/api/v1/concert/categories/:categoryId, GET} route
[2025-02-14T21:58:03.019] [INFO] default - Mapped {/api/v1/concert/categories, POST} route
[2025-02-14T21:58:03.019] [INFO] default - ConcertController {/api/v1/concert}:
[2025-02-14T21:58:03.019] [INFO] default - Mapped {/api/v1/concert/concerts, POST} route
[2025-02-14T21:58:03.020] [INFO] default - Nest application successfully started
[2025-02-14T21:58:06.314] [INFO] log-aspect - Logging started: save
[2025-02-14T21:58:06.321] [INFO] concert-service - Start create operation...
[2025-02-14T21:58:06.347] [INFO] concert-service - Set categories of concert
[2025-02-14T21:58:06.348] [INFO] concert-service - Set images of concert
[2025-02-14T21:58:06.357] [ERROR] concert-service - SequelizeDatabaseError: structure of query does not match function result type
[2025-02-14T21:58:06.357] [ERROR] log-aspect - Logging finished: save failed after 43ms with error: Error
    at Query.run (/Users/nhannguyen/Documents/IT Project/opera-house-backend/concert-service/node_modules/sequelize/src/dialects/postgres/query.js:76:25)
    at <anonymous> (/Users/nhannguyen/Documents/IT Project/opera-house-backend/concert-service/node_modules/sequelize/src/sequelize.js:650:28)
    at process.processTicksAndRejections (node:internal/process/task_queues:105:5)
    at async ConcertService.isShowTimesOfConcertDuplicated (/Users/nhannguyen/Documents/IT Project/opera-house-backend/concert-service/src/service/impl/concert.service.impl.ts:160:24)
    at async ConcertService.create (/Users/nhannguyen/Documents/IT Project/opera-house-backend/concert-service/src/service/impl/concert.service.impl.ts:87:35)
    at async ConcertController.save (/Users/nhannguyen/Documents/IT Project/opera-house-backend/concert-service/src/controller/concert.controller.ts:39:21).
[2025-02-14T22:00:16.995] [INFO] default - Starting Nest application...
[2025-02-14T22:00:17.195] [INFO] default - App successfully configured Logger
[2025-02-14T22:00:17.195] [INFO] default - App successfully configured Filters
[2025-02-14T22:00:17.196] [INFO] default - App successfully configured Interceptors
[2025-02-14T22:00:17.196] [INFO] default - Nest app started with port [8092]
[2025-02-14T22:00:17.212] [INFO] default - AppController {/}:
[2025-02-14T22:00:17.213] [INFO] default - Mapped {/, GET} route
[2025-02-14T22:00:17.213] [INFO] default - CategoryController {/api/v1/concert}:
[2025-02-14T22:00:17.213] [INFO] default - Mapped {/api/v1/concert/categories, GET} route
[2025-02-14T22:00:17.213] [INFO] default - Mapped {/api/v1/concert/categories/:categoryId, GET} route
[2025-02-14T22:00:17.213] [INFO] default - Mapped {/api/v1/concert/categories, POST} route
[2025-02-14T22:00:17.214] [INFO] default - ConcertController {/api/v1/concert}:
[2025-02-14T22:00:17.214] [INFO] default - Mapped {/api/v1/concert/concerts, POST} route
[2025-02-14T22:00:17.215] [INFO] default - Nest application successfully started
[2025-02-14T22:01:39.356] [INFO] log-aspect - Logging started: save
[2025-02-14T22:01:39.382] [INFO] concert-service - Start create operation...
[2025-02-14T22:01:39.399] [INFO] concert-service - Set categories of concert
[2025-02-14T22:01:39.400] [INFO] concert-service - Set images of concert
[2025-02-14T22:01:39.409] [INFO] concert-service - Set show times of concert
[2025-02-14T22:01:39.435] [INFO] concert-service - Set price of seat categories
[2025-02-14T22:01:39.627] [INFO] concert-service - Set amount of seat of concert
[2025-02-14T22:01:39.629] [INFO] concert-service - Concert created id [c3741358-2bdf-47a1-8eb2-ad95794834c7]
[2025-02-14T22:01:39.631] [INFO] log-aspect - Logging finished: save finished in 275ms
[2025-02-14T22:09:12.864] [INFO] default - Starting Nest application...
[2025-02-14T22:09:13.058] [INFO] default - App successfully configured Logger
[2025-02-14T22:09:13.058] [INFO] default - App successfully configured Filters
[2025-02-14T22:09:13.058] [INFO] default - App successfully configured Interceptors
[2025-02-14T22:09:13.058] [INFO] default - Nest app started with port [8092]
[2025-02-14T22:09:13.073] [INFO] default - AppController {/}:
[2025-02-14T22:09:13.074] [INFO] default - Mapped {/, GET} route
[2025-02-14T22:09:13.074] [INFO] default - CategoryController {/api/v1/concert}:
[2025-02-14T22:09:13.074] [INFO] default - Mapped {/api/v1/concert/categories, GET} route
[2025-02-14T22:09:13.074] [INFO] default - Mapped {/api/v1/concert/categories/:categoryId, GET} route
[2025-02-14T22:09:13.074] [INFO] default - Mapped {/api/v1/concert/categories, POST} route
[2025-02-14T22:09:13.074] [INFO] default - ConcertController {/api/v1/concert}:
[2025-02-14T22:09:13.075] [INFO] default - Mapped {/api/v1/concert/concerts, POST} route
[2025-02-14T22:09:13.075] [INFO] default - Nest application successfully started
[2025-02-14T22:09:15.910] [INFO] log-aspect - Logging started: save
[2025-02-14T22:09:15.920] [INFO] concert-service - Start create operation...
[2025-02-14T22:09:15.938] [INFO] concert-service - Set categories of concert
[2025-02-14T22:09:15.939] [INFO] concert-service - Set images of concert
[2025-02-14T22:09:15.947] [INFO] concert-service - Set show times of concert
[2025-02-14T22:09:15.970] [INFO] concert-service - Set price of seat categories
[2025-02-14T22:09:16.128] [INFO] concert-service - Set amount of seat of concert
[2025-02-14T22:09:16.130] [INFO] concert-service - Concert created id [448d8db2-256a-4e97-8897-b4f6ab2666cb]
[2025-02-14T22:09:16.132] [INFO] log-aspect - Logging finished: save finished in 222ms
[2025-02-14T22:30:16.761] [INFO] default - Starting Nest application...
[2025-02-14T22:30:16.952] [INFO] default - App successfully configured Logger
[2025-02-14T22:30:16.952] [INFO] default - App successfully configured Filters
[2025-02-14T22:30:16.952] [INFO] default - App successfully configured Interceptors
[2025-02-14T22:30:16.952] [INFO] default - Nest app started with port [8092]
[2025-02-14T22:30:16.967] [INFO] default - AppController {/}:
[2025-02-14T22:30:16.967] [INFO] default - Mapped {/, GET} route
[2025-02-14T22:30:16.967] [INFO] default - CategoryController {/api/v1/concert}:
[2025-02-14T22:30:16.968] [INFO] default - Mapped {/api/v1/concert/categories, GET} route
[2025-02-14T22:30:16.968] [INFO] default - Mapped {/api/v1/concert/categories/:categoryId, GET} route
[2025-02-14T22:30:16.968] [INFO] default - Mapped {/api/v1/concert/categories, POST} route
[2025-02-14T22:30:16.968] [INFO] default - ConcertController {/api/v1/concert}:
[2025-02-14T22:30:16.968] [INFO] default - Mapped {/api/v1/concert/concerts, POST} route
[2025-02-14T22:30:16.969] [INFO] default - Nest application successfully started
[2025-02-14T22:30:23.629] [INFO] log-aspect - Logging started: save
[2025-02-14T22:30:23.644] [INFO] concert-service - Start create operation...
[2025-02-14T22:30:23.664] [INFO] concert-service - Set categories of concert
[2025-02-14T22:30:23.664] [INFO] concert-service - Set images of concert
[2025-02-14T22:30:23.673] [ERROR] concert-service - SequelizeDatabaseError: function checkconcerttimeduplication(unknown, unknown) does not exist
[2025-02-14T22:30:23.673] [ERROR] log-aspect - Logging finished: save failed after 44ms with error: Error
    at Query.run (/Users/nhannguyen/Documents/IT Project/opera-house-backend/concert-service/node_modules/sequelize/src/dialects/postgres/query.js:76:25)
    at <anonymous> (/Users/nhannguyen/Documents/IT Project/opera-house-backend/concert-service/node_modules/sequelize/src/sequelize.js:650:28)
    at process.processTicksAndRejections (node:internal/process/task_queues:105:5)
    at async ConcertService.isShowTimesOfConcertDuplicated (/Users/nhannguyen/Documents/IT Project/opera-house-backend/concert-service/src/service/impl/concert.service.impl.ts:160:24)
    at async ConcertService.create (/Users/nhannguyen/Documents/IT Project/opera-house-backend/concert-service/src/service/impl/concert.service.impl.ts:87:35)
    at async ConcertController.save (/Users/nhannguyen/Documents/IT Project/opera-house-backend/concert-service/src/controller/concert.controller.ts:39:21).
[2025-02-14T22:30:41.635] [INFO] default - Starting Nest application...
[2025-02-14T22:30:41.809] [INFO] default - App successfully configured Logger
[2025-02-14T22:30:41.809] [INFO] default - App successfully configured Filters
[2025-02-14T22:30:41.809] [INFO] default - App successfully configured Interceptors
[2025-02-14T22:30:41.809] [INFO] default - Nest app started with port [8092]
[2025-02-14T22:30:41.823] [INFO] default - AppController {/}:
[2025-02-14T22:30:41.824] [INFO] default - Mapped {/, GET} route
[2025-02-14T22:30:41.824] [INFO] default - CategoryController {/api/v1/concert}:
[2025-02-14T22:30:41.824] [INFO] default - Mapped {/api/v1/concert/categories, GET} route
[2025-02-14T22:30:41.824] [INFO] default - Mapped {/api/v1/concert/categories/:categoryId, GET} route
[2025-02-14T22:30:41.824] [INFO] default - Mapped {/api/v1/concert/categories, POST} route
[2025-02-14T22:30:41.825] [INFO] default - ConcertController {/api/v1/concert}:
[2025-02-14T22:30:41.825] [INFO] default - Mapped {/api/v1/concert/concerts, POST} route
[2025-02-14T22:30:41.825] [INFO] default - Nest application successfully started
[2025-02-14T22:37:40.539] [INFO] log-aspect - Logging started: save
[2025-02-14T22:37:40.557] [INFO] concert-service - Start create operation...
[2025-02-14T22:37:40.578] [INFO] concert-service - Set categories of concert
[2025-02-14T22:37:40.578] [INFO] concert-service - Set images of concert
[2025-02-14T22:37:40.585] [INFO] concert-service - Set show times of concert
[2025-02-14T22:37:40.603] [INFO] concert-service - Set price of seat categories
[2025-02-14T22:37:40.775] [INFO] concert-service - Set the number of seats for the concert
[2025-02-14T22:37:40.777] [INFO] concert-service - Concert created id [f89e6d09-e496-418a-b154-76bfcf2e14f6]
[2025-02-14T22:37:40.779] [INFO] log-aspect - Logging finished: save finished in 240ms
[2025-02-14T23:06:48.713] [INFO] default - Starting Nest application...
[2025-02-14T23:06:48.911] [INFO] default - App successfully configured Logger
[2025-02-14T23:06:48.911] [INFO] default - App successfully configured Filters
[2025-02-14T23:06:48.911] [INFO] default - App successfully configured Interceptors
[2025-02-14T23:06:48.911] [INFO] default - Nest app started with port [8092]
[2025-02-14T23:06:48.926] [INFO] default - AppController {/}:
[2025-02-14T23:06:48.927] [INFO] default - Mapped {/, GET} route
[2025-02-14T23:06:48.927] [INFO] default - CategoryController {/api/v1/concert}:
[2025-02-14T23:06:48.927] [INFO] default - Mapped {/api/v1/concert/categories, GET} route
[2025-02-14T23:06:48.927] [INFO] default - Mapped {/api/v1/concert/categories/:categoryId, GET} route
[2025-02-14T23:06:48.927] [INFO] default - Mapped {/api/v1/concert/categories, POST} route
[2025-02-14T23:06:48.927] [INFO] default - ConcertController {/api/v1/concert}:
[2025-02-14T23:06:48.928] [INFO] default - Mapped {/api/v1/concert/concerts, POST} route
[2025-02-14T23:06:48.928] [INFO] default - Nest application successfully started
[2025-02-14T23:06:59.649] [INFO] log-aspect - Logging started: save
[2025-02-14T23:06:59.656] [INFO] concert-service - Start create operation...
[2025-02-14T23:06:59.681] [INFO] concert-service - Set categories of concert
[2025-02-14T23:06:59.681] [INFO] concert-service - Set images of concert
[2025-02-14T23:06:59.688] [INFO] concert-service - Set show times of concert
[2025-02-14T23:06:59.708] [INFO] concert-service - Set price of seat categories
[2025-02-14T23:06:59.864] [INFO] concert-service - Set the number of seats for the concert
[2025-02-14T23:06:59.867] [INFO] concert-service - Concert created id [49e777b8-b6b4-4280-8f96-8d06b6cf1e3e]
[2025-02-14T23:06:59.868] [INFO] log-aspect - Logging finished: save finished in 219ms
[2025-02-14T23:21:38.618] [INFO] default - Starting Nest application...
[2025-02-14T23:21:38.825] [INFO] default - App successfully configured Logger
[2025-02-14T23:21:38.825] [INFO] default - App successfully configured Filters
[2025-02-14T23:21:38.825] [INFO] default - App successfully configured Interceptors
[2025-02-14T23:21:38.825] [INFO] default - Nest app started with port [8092]
[2025-02-14T23:21:38.840] [INFO] default - AppController {/}:
[2025-02-14T23:21:38.841] [INFO] default - Mapped {/, GET} route
[2025-02-14T23:21:38.841] [INFO] default - CategoryController {/api/v1/concert}:
[2025-02-14T23:21:38.841] [INFO] default - Mapped {/api/v1/concert/categories, GET} route
[2025-02-14T23:21:38.842] [INFO] default - Mapped {/api/v1/concert/categories/:categoryId, GET} route
[2025-02-14T23:21:38.842] [INFO] default - Mapped {/api/v1/concert/categories, POST} route
[2025-02-14T23:21:38.842] [INFO] default - ConcertController {/api/v1/concert}:
[2025-02-14T23:21:38.842] [INFO] default - Mapped {/api/v1/concert/concerts, POST} route
[2025-02-14T23:21:38.843] [INFO] default - Nest application successfully started
[2025-02-14T23:23:52.833] [INFO] default - Starting Nest application...
[2025-02-14T23:23:53.040] [INFO] default - App successfully configured Logger
[2025-02-14T23:23:53.041] [INFO] default - App successfully configured Filters
[2025-02-14T23:23:53.041] [INFO] default - App successfully configured Interceptors
[2025-02-14T23:23:53.041] [INFO] default - Nest app started with port [8092]
[2025-02-14T23:23:53.055] [INFO] default - AppController {/}:
[2025-02-14T23:23:53.055] [INFO] default - Mapped {/, GET} route
[2025-02-14T23:23:53.056] [INFO] default - CategoryController {/api/v1/concert}:
[2025-02-14T23:23:53.056] [INFO] default - Mapped {/api/v1/concert/categories, GET} route
[2025-02-14T23:23:53.056] [INFO] default - Mapped {/api/v1/concert/categories/:categoryId, GET} route
[2025-02-14T23:23:53.056] [INFO] default - Mapped {/api/v1/concert/categories, POST} route
[2025-02-14T23:23:53.056] [INFO] default - ConcertController {/api/v1/concert}:
[2025-02-14T23:23:53.056] [INFO] default - Mapped {/api/v1/concert/concerts, POST} route
[2025-02-14T23:23:53.057] [INFO] default - Nest application successfully started
[2025-02-14T23:29:02.895] [INFO] default - Starting Nest application...
[2025-02-14T23:29:03.107] [INFO] default - App successfully configured Logger
[2025-02-14T23:29:03.107] [INFO] default - App successfully configured Filters
[2025-02-14T23:29:03.107] [INFO] default - App successfully configured Interceptors
[2025-02-14T23:29:03.107] [INFO] default - Nest app started with port [8092]
[2025-02-14T23:29:03.129] [INFO] default - AppController {/}:
[2025-02-14T23:29:03.130] [INFO] default - Mapped {/, GET} route
[2025-02-14T23:29:03.130] [INFO] default - CategoryController {/api/v1/concert}:
[2025-02-14T23:29:03.130] [INFO] default - Mapped {/api/v1/concert/categories, GET} route
[2025-02-14T23:29:03.131] [INFO] default - Mapped {/api/v1/concert/categories/:categoryId, GET} route
[2025-02-14T23:29:03.131] [INFO] default - Mapped {/api/v1/concert/categories, POST} route
[2025-02-14T23:29:03.131] [INFO] default - ConcertController {/api/v1/concert}:
[2025-02-14T23:29:03.131] [INFO] default - Mapped {/api/v1/concert/concerts, POST} route
[2025-02-14T23:29:03.132] [INFO] default - Nest application successfully started
[2025-02-14T23:31:40.008] [INFO] default - Starting Nest application...
[2025-02-14T23:31:40.196] [INFO] default - App successfully configured Logger
[2025-02-14T23:31:40.197] [INFO] default - App successfully configured Filters
[2025-02-14T23:31:40.197] [INFO] default - App successfully configured Interceptors
[2025-02-14T23:31:40.197] [INFO] default - Nest app started with port [8092]
[2025-02-14T23:31:40.211] [INFO] default - AppController {/}:
[2025-02-14T23:31:40.212] [INFO] default - Mapped {/, GET} route
[2025-02-14T23:31:40.212] [INFO] default - CategoryController {/api/v1/concert}:
[2025-02-14T23:31:40.213] [INFO] default - Mapped {/api/v1/concert/categories, GET} route
[2025-02-14T23:31:40.213] [INFO] default - Mapped {/api/v1/concert/categories/:categoryId, GET} route
[2025-02-14T23:31:40.213] [INFO] default - Mapped {/api/v1/concert/categories, POST} route
[2025-02-14T23:31:40.213] [INFO] default - ConcertController {/api/v1/concert}:
[2025-02-14T23:31:40.213] [INFO] default - Mapped {/api/v1/concert/concerts, POST} route
[2025-02-14T23:31:40.214] [INFO] default - Nest application successfully started
[2025-02-14T23:34:03.584] [INFO] default - Starting Nest application...
[2025-02-14T23:34:03.790] [INFO] default - App successfully configured Logger
[2025-02-14T23:34:03.790] [INFO] default - App successfully configured Filters
[2025-02-14T23:34:03.790] [INFO] default - App successfully configured Interceptors
[2025-02-14T23:34:03.790] [INFO] default - Nest app started with port [8092]
[2025-02-14T23:34:03.804] [INFO] default - AppController {/}:
[2025-02-14T23:34:03.805] [INFO] default - Mapped {/, GET} route
[2025-02-14T23:34:03.805] [INFO] default - CategoryController {/api/v1/concert}:
[2025-02-14T23:34:03.805] [INFO] default - Mapped {/api/v1/concert/categories, GET} route
[2025-02-14T23:34:03.806] [INFO] default - Mapped {/api/v1/concert/categories/:categoryId, GET} route
[2025-02-14T23:34:03.806] [INFO] default - Mapped {/api/v1/concert/categories, POST} route
[2025-02-14T23:34:03.806] [INFO] default - ConcertController {/api/v1/concert}:
[2025-02-14T23:34:03.806] [INFO] default - Mapped {/api/v1/concert/concerts, POST} route
[2025-02-14T23:34:03.807] [INFO] default - Nest application successfully started
[2025-02-14T23:35:20.592] [INFO] default - Starting Nest application...
[2025-02-14T23:35:20.768] [INFO] default - App successfully configured Logger
[2025-02-14T23:35:20.768] [INFO] default - App successfully configured Filters
[2025-02-14T23:35:20.768] [INFO] default - App successfully configured Interceptors
[2025-02-14T23:35:20.769] [INFO] default - Nest app started with port [8092]
[2025-02-14T23:35:20.787] [INFO] default - AppController {/}:
[2025-02-14T23:35:20.788] [INFO] default - Mapped {/, GET} route
[2025-02-14T23:35:20.788] [INFO] default - CategoryController {/api/v1/concert}:
[2025-02-14T23:35:20.788] [INFO] default - Mapped {/api/v1/concert/categories, GET} route
[2025-02-14T23:35:20.788] [INFO] default - Mapped {/api/v1/concert/categories/:categoryId, GET} route
[2025-02-14T23:35:20.788] [INFO] default - Mapped {/api/v1/concert/categories, POST} route
[2025-02-14T23:35:20.788] [INFO] default - ConcertController {/api/v1/concert}:
[2025-02-14T23:35:20.788] [INFO] default - Mapped {/api/v1/concert/concerts, POST} route
[2025-02-14T23:35:20.789] [INFO] default - Nest application successfully started
[2025-02-14T23:35:34.010] [INFO] log-aspect - Logging started: save
[2025-02-14T23:35:34.033] [INFO] concert-service - Start create operation...
[2025-02-14T23:35:34.064] [INFO] concert-service - Set categories of concert
[2025-02-14T23:35:34.065] [INFO] concert-service - Set images of concert
[2025-02-14T23:35:34.077] [ERROR] concert-service - SequelizeDatabaseError: function checkconcerttimeduplication(unknown, unknown) does not exist
[2025-02-14T23:35:34.077] [ERROR] log-aspect - Logging finished: save failed after 67ms with error: Error
    at Query.run (/Users/nhannguyen/Documents/IT Project/opera-house-backend/concert-service/node_modules/sequelize/src/dialects/postgres/query.js:76:25)
    at <anonymous> (/Users/nhannguyen/Documents/IT Project/opera-house-backend/concert-service/node_modules/sequelize/src/sequelize.js:650:28)
    at process.processTicksAndRejections (node:internal/process/task_queues:105:5)
    at async ConcertService.isShowTimesOfConcertDuplicated (/Users/nhannguyen/Documents/IT Project/opera-house-backend/concert-service/src/service/impl/concert.service.impl.ts:166:24)
    at async ConcertService.create (/Users/nhannguyen/Documents/IT Project/opera-house-backend/concert-service/src/service/impl/concert.service.impl.ts:87:35)
    at async ConcertController.save (/Users/nhannguyen/Documents/IT Project/opera-house-backend/concert-service/src/controller/concert.controller.ts:39:21).
[2025-02-14T23:35:50.979] [INFO] log-aspect - Logging started: save
[2025-02-14T23:35:50.990] [INFO] concert-service - Start create operation...
[2025-02-14T23:35:51.004] [INFO] concert-service - Set categories of concert
[2025-02-14T23:35:51.004] [INFO] concert-service - Set images of concert
[2025-02-14T23:35:51.009] [INFO] concert-service - Set show times of concert
[2025-02-14T23:35:51.030] [INFO] concert-service - Set price of seat categories
[2025-02-14T23:35:51.206] [INFO] concert-service - Set the number of seats for the concert
[2025-02-14T23:35:51.208] [INFO] concert-service - Concert created id [9ef1a40b-be72-47f7-b5e4-33aa56f3bece]
[2025-02-14T23:35:51.209] [INFO] log-aspect - Logging finished: save finished in 230ms
[2025-02-14T23:36:04.698] [INFO] log-aspect - Logging started: save
[2025-02-14T23:36:04.717] [INFO] concert-service - Start create operation...
[2025-02-14T23:36:04.739] [INFO] concert-service - Set categories of concert
[2025-02-14T23:36:04.740] [INFO] concert-service - Set images of concert
[2025-02-14T23:36:04.747] [INFO] concert-service - Set show times of concert
[2025-02-14T23:36:04.766] [INFO] concert-service - Set price of seat categories
[2025-02-14T23:36:04.918] [INFO] concert-service - Set the number of seats for the concert
[2025-02-14T23:36:04.920] [INFO] concert-service - Concert created id [9353c53f-fd7b-4eaa-8ab2-177a722b0a86]
[2025-02-14T23:36:04.921] [INFO] log-aspect - Logging finished: save finished in 223ms
[2025-02-14T23:39:27.205] [INFO] default - Starting Nest application...
[2025-02-14T23:39:27.405] [INFO] default - App successfully configured Logger
[2025-02-14T23:39:27.405] [INFO] default - App successfully configured Filters
[2025-02-14T23:39:27.405] [INFO] default - App successfully configured Interceptors
[2025-02-14T23:39:27.405] [INFO] default - Nest app started with port [8092]
[2025-02-14T23:39:27.419] [INFO] default - AppController {/}:
[2025-02-14T23:39:27.420] [INFO] default - Mapped {/, GET} route
[2025-02-14T23:39:27.420] [INFO] default - CategoryController {/api/v1/concert}:
[2025-02-14T23:39:27.420] [INFO] default - Mapped {/api/v1/concert/categories, GET} route
[2025-02-14T23:39:27.421] [INFO] default - Mapped {/api/v1/concert/categories/:categoryId, GET} route
[2025-02-14T23:39:27.421] [INFO] default - Mapped {/api/v1/concert/categories, POST} route
[2025-02-14T23:39:27.421] [INFO] default - ConcertController {/api/v1/concert}:
[2025-02-14T23:39:27.421] [INFO] default - Mapped {/api/v1/concert/concerts, POST} route
[2025-02-14T23:39:27.422] [INFO] default - Nest application successfully started
[2025-02-14T23:40:51.305] [INFO] default - Starting Nest application...
[2025-02-14T23:40:51.494] [INFO] default - App successfully configured Logger
[2025-02-14T23:40:51.494] [INFO] default - App successfully configured Filters
[2025-02-14T23:40:51.494] [INFO] default - App successfully configured Interceptors
[2025-02-14T23:40:51.495] [INFO] default - Nest app started with port [8092]
[2025-02-14T23:40:51.508] [INFO] default - AppController {/}:
[2025-02-14T23:40:51.509] [INFO] default - Mapped {/, GET} route
[2025-02-14T23:40:51.509] [INFO] default - CategoryController {/api/v1/concert}:
[2025-02-14T23:40:51.510] [INFO] default - Mapped {/api/v1/concert/categories, GET} route
[2025-02-14T23:40:51.510] [INFO] default - Mapped {/api/v1/concert/categories/:categoryId, GET} route
[2025-02-14T23:40:51.510] [INFO] default - Mapped {/api/v1/concert/categories, POST} route
[2025-02-14T23:40:51.510] [INFO] default - ConcertController {/api/v1/concert}:
[2025-02-14T23:40:51.510] [INFO] default - Mapped {/api/v1/concert/concerts, POST} route
[2025-02-14T23:40:51.511] [INFO] default - Nest application successfully started
[2025-02-14T23:42:39.159] [INFO] log-aspect - Logging started: save
[2025-02-14T23:42:39.188] [INFO] concert-service - Start create operation...
[2025-02-14T23:42:39.220] [INFO] concert-service - Set categories of concert
[2025-02-14T23:42:39.220] [INFO] concert-service - Set images of concert
[2025-02-14T23:42:39.239] [INFO] concert-service - Set show times of concert
[2025-02-14T23:42:39.283] [INFO] concert-service - Set price of seat categories
[2025-02-14T23:42:39.437] [INFO] concert-service - Set the number of seats for the concert
[2025-02-14T23:42:39.441] [INFO] concert-service - Concert created id [62c5f517-2652-479e-83cd-bb0af6670b61]
[2025-02-14T23:42:39.443] [INFO] log-aspect - Logging finished: save finished in 284ms
[2025-02-14T23:57:26.458] [INFO] default - Starting Nest application...
[2025-02-14T23:57:26.657] [INFO] default - App successfully configured Logger
[2025-02-14T23:57:26.658] [INFO] default - App successfully configured Filters
[2025-02-14T23:57:26.658] [INFO] default - App successfully configured Interceptors
[2025-02-14T23:57:26.658] [INFO] default - Nest app started with port [8092]
[2025-02-14T23:57:26.673] [INFO] default - AppController {/}:
[2025-02-14T23:57:26.674] [INFO] default - Mapped {/, GET} route
[2025-02-14T23:57:26.674] [INFO] default - CategoryController {/api/v1/concert}:
[2025-02-14T23:57:26.674] [INFO] default - Mapped {/api/v1/concert/categories, GET} route
[2025-02-14T23:57:26.674] [INFO] default - Mapped {/api/v1/concert/categories/:categoryId, GET} route
[2025-02-14T23:57:26.674] [INFO] default - Mapped {/api/v1/concert/categories, POST} route
[2025-02-14T23:57:26.674] [INFO] default - ConcertController {/api/v1/concert}:
[2025-02-14T23:57:26.675] [INFO] default - Mapped {/api/v1/concert/concerts, POST} route
[2025-02-14T23:57:26.675] [INFO] default - Nest application successfully started
[2025-02-14T23:57:43.310] [INFO] default - Starting Nest application...
[2025-02-14T23:57:43.486] [INFO] default - App successfully configured Logger
[2025-02-14T23:57:43.486] [INFO] default - App successfully configured Filters
[2025-02-14T23:57:43.486] [INFO] default - App successfully configured Interceptors
[2025-02-14T23:57:43.486] [INFO] default - Nest app started with port [8092]
[2025-02-14T23:57:43.500] [INFO] default - AppController {/}:
[2025-02-14T23:57:43.501] [INFO] default - Mapped {/, GET} route
[2025-02-14T23:57:43.501] [INFO] default - CategoryController {/api/v1/concert}:
[2025-02-14T23:57:43.501] [INFO] default - Mapped {/api/v1/concert/categories, GET} route
[2025-02-14T23:57:43.502] [INFO] default - Mapped {/api/v1/concert/categories/:categoryId, GET} route
[2025-02-14T23:57:43.502] [INFO] default - Mapped {/api/v1/concert/categories, POST} route
[2025-02-14T23:57:43.502] [INFO] default - ConcertController {/api/v1/concert}:
[2025-02-14T23:57:43.502] [INFO] default - Mapped {/api/v1/concert/concerts, POST} route
[2025-02-14T23:57:43.503] [INFO] default - Nest application successfully started
[2025-02-15T00:00:07.759] [INFO] log-aspect - Logging started: save
[2025-02-15T00:00:07.783] [INFO] concert-service - Start create operation...
[2025-02-15T00:00:07.804] [INFO] concert-service - Set categories of concert
[2025-02-15T00:00:07.804] [INFO] concert-service - Set images of concert
[2025-02-15T00:00:07.815] [ERROR] concert-service - SequelizeDatabaseError: function checkconcerttimeduplication(unknown, unknown) does not exist
[2025-02-15T00:00:07.816] [ERROR] log-aspect - Logging finished: save failed after 57ms with error: Error
    at Query.run (/Users/nhannguyen/Documents/IT Project/opera-house-backend/concert-service/node_modules/sequelize/src/dialects/postgres/query.js:76:25)
    at <anonymous> (/Users/nhannguyen/Documents/IT Project/opera-house-backend/concert-service/node_modules/sequelize/src/sequelize.js:650:28)
    at process.processTicksAndRejections (node:internal/process/task_queues:105:5)
    at async ConcertService.isShowTimesOfConcertDuplicated (/Users/nhannguyen/Documents/IT Project/opera-house-backend/concert-service/src/service/impl/concert.service.impl.ts:166:24)
    at async ConcertService.create (/Users/nhannguyen/Documents/IT Project/opera-house-backend/concert-service/src/service/impl/concert.service.impl.ts:87:35)
    at async ConcertController.save (/Users/nhannguyen/Documents/IT Project/opera-house-backend/concert-service/src/controller/concert.controller.ts:39:21).
[2025-02-15T00:00:21.056] [INFO] log-aspect - Logging started: save
[2025-02-15T00:00:21.075] [INFO] concert-service - Start create operation...
[2025-02-15T00:00:21.095] [INFO] concert-service - Set categories of concert
[2025-02-15T00:00:21.096] [INFO] concert-service - Set images of concert
[2025-02-15T00:00:21.102] [INFO] concert-service - Set show times of concert
[2025-02-15T00:00:21.134] [INFO] concert-service - Set price of seat categories
[2025-02-15T00:00:21.285] [INFO] concert-service - Set the number of seats for the concert
[2025-02-15T00:00:21.287] [INFO] concert-service - Concert created id [ca335d67-8b94-425d-b651-b229a0448fd5]
[2025-02-15T00:00:21.288] [INFO] log-aspect - Logging finished: save finished in 232ms
[2025-02-15T00:03:23.194] [INFO] default - Starting Nest application...
[2025-02-15T00:03:23.384] [INFO] default - App successfully configured Logger
[2025-02-15T00:03:23.384] [INFO] default - App successfully configured Filters
[2025-02-15T00:03:23.384] [INFO] default - App successfully configured Interceptors
[2025-02-15T00:03:23.384] [INFO] default - Nest app started with port [8092]
[2025-02-15T00:03:23.400] [INFO] default - AppController {/}:
[2025-02-15T00:03:23.401] [INFO] default - Mapped {/, GET} route
[2025-02-15T00:03:23.401] [INFO] default - CategoryController {/api/v1/concert}:
[2025-02-15T00:03:23.402] [INFO] default - Mapped {/api/v1/concert/categories, GET} route
[2025-02-15T00:03:23.402] [INFO] default - Mapped {/api/v1/concert/categories/:categoryId, GET} route
[2025-02-15T00:03:23.402] [INFO] default - Mapped {/api/v1/concert/categories, POST} route
[2025-02-15T00:03:23.402] [INFO] default - ConcertController {/api/v1/concert}:
[2025-02-15T00:03:23.402] [INFO] default - Mapped {/api/v1/concert/concerts, POST} route
[2025-02-15T00:03:23.404] [INFO] default - Nest application successfully started
[2025-02-15T00:03:26.465] [INFO] log-aspect - Logging started: save
[2025-02-15T00:03:26.473] [INFO] concert-service - Start create operation...
[2025-02-15T00:03:26.492] [INFO] concert-service - Set categories of concert
[2025-02-15T00:03:26.492] [INFO] concert-service - Set images of concert
[2025-02-15T00:03:26.503] [ERROR] concert-service - SequelizeDatabaseError: function checkconcerttimeduplication(unknown, unknown) does not exist
[2025-02-15T00:03:26.503] [ERROR] log-aspect - Logging finished: save failed after 38ms with error: Error
    at Query.run (/Users/nhannguyen/Documents/IT Project/opera-house-backend/concert-service/node_modules/sequelize/src/dialects/postgres/query.js:76:25)
    at <anonymous> (/Users/nhannguyen/Documents/IT Project/opera-house-backend/concert-service/node_modules/sequelize/src/sequelize.js:650:28)
    at process.processTicksAndRejections (node:internal/process/task_queues:105:5)
    at async ConcertService.isShowTimesOfConcertDuplicated (/Users/nhannguyen/Documents/IT Project/opera-house-backend/concert-service/src/service/impl/concert.service.impl.ts:166:24)
    at async ConcertService.create (/Users/nhannguyen/Documents/IT Project/opera-house-backend/concert-service/src/service/impl/concert.service.impl.ts:87:35)
    at async ConcertController.save (/Users/nhannguyen/Documents/IT Project/opera-house-backend/concert-service/src/controller/concert.controller.ts:39:21).
[2025-02-15T00:07:50.049] [INFO] log-aspect - Logging started: save
[2025-02-15T00:07:50.071] [INFO] concert-service - Start create operation...
[2025-02-15T00:07:50.103] [INFO] concert-service - Set categories of concert
[2025-02-15T00:07:50.104] [INFO] concert-service - Set images of concert
[2025-02-15T00:07:50.124] [ERROR] concert-service - Error: Conflict
[2025-02-15T00:07:50.126] [ERROR] log-aspect - Logging finished: save failed after 76ms with error: Error: Conflict
    at ConcertService.create (/Users/nhannguyen/Documents/IT Project/opera-house-backend/concert-service/src/service/impl/concert.service.impl.ts:92:15)
    at process.processTicksAndRejections (node:internal/process/task_queues:105:5)
    at async ConcertController.save (/Users/nhannguyen/Documents/IT Project/opera-house-backend/concert-service/src/controller/concert.controller.ts:39:21).
[2025-02-15T09:25:18.998] [INFO] default - Starting Nest application...
[2025-02-15T09:25:19.200] [INFO] default - App successfully configured Logger
[2025-02-15T09:25:19.200] [INFO] default - App successfully configured Filters
[2025-02-15T09:25:19.200] [INFO] default - App successfully configured Interceptors
[2025-02-15T09:25:19.200] [INFO] default - Nest app started with port [8092]
[2025-02-15T09:25:19.214] [INFO] default - AppController {/}:
[2025-02-15T09:25:19.215] [INFO] default - Mapped {/, GET} route
[2025-02-15T09:25:19.215] [INFO] default - CategoryController {/api/v1/concert}:
[2025-02-15T09:25:19.216] [INFO] default - Mapped {/api/v1/concert/categories, GET} route
[2025-02-15T09:25:19.216] [INFO] default - Mapped {/api/v1/concert/categories/:categoryId, GET} route
[2025-02-15T09:25:19.216] [INFO] default - Mapped {/api/v1/concert/categories, POST} route
[2025-02-15T09:25:19.216] [INFO] default - ConcertController {/api/v1/concert}:
[2025-02-15T09:25:19.216] [INFO] default - Mapped {/api/v1/concert/concerts, POST} route
[2025-02-15T09:25:19.217] [INFO] default - Nest application successfully started
[2025-02-15T09:26:48.267] [INFO] log-aspect - Logging started: save
[2025-02-15T09:26:48.295] [INFO] concert-service - Start create operation...
[2025-02-15T09:26:48.314] [ERROR] concert-service - Error: Resource not found
[2025-02-15T09:26:48.316] [ERROR] log-aspect - Logging finished: save failed after 47ms with error: Error: Resource not found
    at CategoryRepository.findById (/Users/nhannguyen/Documents/IT Project/opera-house-backend/concert-service/src/repository/impl/category.repository.impl.ts:35:13)
    at process.processTicksAndRejections (node:internal/process/task_queues:105:5)
    at async CategoryService.findById (/Users/nhannguyen/Documents/IT Project/opera-house-backend/concert-service/src/service/impl/category.service.impl.ts:47:12)
    at async ConcertService.create (/Users/nhannguyen/Documents/IT Project/opera-house-backend/concert-service/src/service/impl/concert.service.impl.ts:49:29)
    at async ConcertController.save (/Users/nhannguyen/Documents/IT Project/opera-house-backend/concert-service/src/controller/concert.controller.ts:39:21).
[2025-02-15T09:26:48.345] [INFO] log-aspect - Logging started: save
[2025-02-15T09:26:48.346] [INFO] concert-service - Start create operation...
[2025-02-15T09:26:48.348] [ERROR] concert-service - Error: Resource not found
[2025-02-15T09:26:48.348] [ERROR] log-aspect - Logging finished: save failed after 3ms with error: Error: Resource not found
    at CategoryRepository.findById (/Users/nhannguyen/Documents/IT Project/opera-house-backend/concert-service/src/repository/impl/category.repository.impl.ts:35:13)
    at process.processTicksAndRejections (node:internal/process/task_queues:105:5)
    at async CategoryService.findById (/Users/nhannguyen/Documents/IT Project/opera-house-backend/concert-service/src/service/impl/category.service.impl.ts:47:12)
    at async ConcertService.create (/Users/nhannguyen/Documents/IT Project/opera-house-backend/concert-service/src/service/impl/concert.service.impl.ts:49:29)
    at async ConcertController.save (/Users/nhannguyen/Documents/IT Project/opera-house-backend/concert-service/src/controller/concert.controller.ts:39:21).
[2025-02-15T09:26:48.363] [INFO] log-aspect - Logging started: save
[2025-02-15T09:26:48.364] [INFO] concert-service - Start create operation...
[2025-02-15T09:26:48.366] [ERROR] concert-service - Error: Resource not found
[2025-02-15T09:26:48.366] [ERROR] log-aspect - Logging finished: save failed after 3ms with error: Error: Resource not found
    at CategoryRepository.findById (/Users/nhannguyen/Documents/IT Project/opera-house-backend/concert-service/src/repository/impl/category.repository.impl.ts:35:13)
    at process.processTicksAndRejections (node:internal/process/task_queues:105:5)
    at async CategoryService.findById (/Users/nhannguyen/Documents/IT Project/opera-house-backend/concert-service/src/service/impl/category.service.impl.ts:47:12)
    at async ConcertService.create (/Users/nhannguyen/Documents/IT Project/opera-house-backend/concert-service/src/service/impl/concert.service.impl.ts:49:29)
    at async ConcertController.save (/Users/nhannguyen/Documents/IT Project/opera-house-backend/concert-service/src/controller/concert.controller.ts:39:21).
[2025-02-15T09:26:48.381] [INFO] log-aspect - Logging started: save
[2025-02-15T09:26:48.382] [INFO] concert-service - Start create operation...
[2025-02-15T09:26:48.384] [ERROR] concert-service - Error: Resource not found
[2025-02-15T09:26:48.385] [ERROR] log-aspect - Logging finished: save failed after 3ms with error: Error: Resource not found
    at CategoryRepository.findById (/Users/nhannguyen/Documents/IT Project/opera-house-backend/concert-service/src/repository/impl/category.repository.impl.ts:35:13)
    at process.processTicksAndRejections (node:internal/process/task_queues:105:5)
    at async CategoryService.findById (/Users/nhannguyen/Documents/IT Project/opera-house-backend/concert-service/src/service/impl/category.service.impl.ts:47:12)
    at async ConcertService.create (/Users/nhannguyen/Documents/IT Project/opera-house-backend/concert-service/src/service/impl/concert.service.impl.ts:49:29)
    at async ConcertController.save (/Users/nhannguyen/Documents/IT Project/opera-house-backend/concert-service/src/controller/concert.controller.ts:39:21).
[2025-02-15T09:26:48.395] [INFO] log-aspect - Logging started: save
[2025-02-15T09:26:48.397] [INFO] concert-service - Start create operation...
[2025-02-15T09:26:48.399] [ERROR] concert-service - Error: Resource not found
[2025-02-15T09:26:48.399] [ERROR] log-aspect - Logging finished: save failed after 4ms with error: Error: Resource not found
    at CategoryRepository.findById (/Users/nhannguyen/Documents/IT Project/opera-house-backend/concert-service/src/repository/impl/category.repository.impl.ts:35:13)
    at process.processTicksAndRejections (node:internal/process/task_queues:105:5)
    at async CategoryService.findById (/Users/nhannguyen/Documents/IT Project/opera-house-backend/concert-service/src/service/impl/category.service.impl.ts:47:12)
    at async ConcertService.create (/Users/nhannguyen/Documents/IT Project/opera-house-backend/concert-service/src/service/impl/concert.service.impl.ts:49:29)
    at async ConcertController.save (/Users/nhannguyen/Documents/IT Project/opera-house-backend/concert-service/src/controller/concert.controller.ts:39:21).
[2025-02-15T09:26:48.411] [INFO] log-aspect - Logging started: save
[2025-02-15T09:26:48.412] [INFO] concert-service - Start create operation...
[2025-02-15T09:26:48.414] [ERROR] concert-service - Error: Resource not found
[2025-02-15T09:26:48.414] [ERROR] log-aspect - Logging finished: save failed after 3ms with error: Error: Resource not found
    at CategoryRepository.findById (/Users/nhannguyen/Documents/IT Project/opera-house-backend/concert-service/src/repository/impl/category.repository.impl.ts:35:13)
    at process.processTicksAndRejections (node:internal/process/task_queues:105:5)
    at async CategoryService.findById (/Users/nhannguyen/Documents/IT Project/opera-house-backend/concert-service/src/service/impl/category.service.impl.ts:47:12)
    at async ConcertService.create (/Users/nhannguyen/Documents/IT Project/opera-house-backend/concert-service/src/service/impl/concert.service.impl.ts:49:29)
    at async ConcertController.save (/Users/nhannguyen/Documents/IT Project/opera-house-backend/concert-service/src/controller/concert.controller.ts:39:21).
[2025-02-15T09:26:48.427] [INFO] log-aspect - Logging started: save
[2025-02-15T09:26:48.429] [INFO] concert-service - Start create operation...
[2025-02-15T09:26:48.431] [ERROR] concert-service - Error: Resource not found
[2025-02-15T09:26:48.431] [ERROR] log-aspect - Logging finished: save failed after 4ms with error: Error: Resource not found
    at CategoryRepository.findById (/Users/nhannguyen/Documents/IT Project/opera-house-backend/concert-service/src/repository/impl/category.repository.impl.ts:35:13)
    at process.processTicksAndRejections (node:internal/process/task_queues:105:5)
    at async CategoryService.findById (/Users/nhannguyen/Documents/IT Project/opera-house-backend/concert-service/src/service/impl/category.service.impl.ts:47:12)
    at async ConcertService.create (/Users/nhannguyen/Documents/IT Project/opera-house-backend/concert-service/src/service/impl/concert.service.impl.ts:49:29)
    at async ConcertController.save (/Users/nhannguyen/Documents/IT Project/opera-house-backend/concert-service/src/controller/concert.controller.ts:39:21).
[2025-02-15T09:26:48.443] [INFO] log-aspect - Logging started: save
[2025-02-15T09:26:48.444] [INFO] concert-service - Start create operation...
[2025-02-15T09:26:48.445] [ERROR] concert-service - Error: Resource not found
[2025-02-15T09:26:48.446] [ERROR] log-aspect - Logging finished: save failed after 2ms with error: Error: Resource not found
    at CategoryRepository.findById (/Users/nhannguyen/Documents/IT Project/opera-house-backend/concert-service/src/repository/impl/category.repository.impl.ts:35:13)
    at process.processTicksAndRejections (node:internal/process/task_queues:105:5)
    at async CategoryService.findById (/Users/nhannguyen/Documents/IT Project/opera-house-backend/concert-service/src/service/impl/category.service.impl.ts:47:12)
    at async ConcertService.create (/Users/nhannguyen/Documents/IT Project/opera-house-backend/concert-service/src/service/impl/concert.service.impl.ts:49:29)
    at async ConcertController.save (/Users/nhannguyen/Documents/IT Project/opera-house-backend/concert-service/src/controller/concert.controller.ts:39:21).
[2025-02-15T09:26:48.457] [INFO] log-aspect - Logging started: save
[2025-02-15T09:26:48.458] [INFO] concert-service - Start create operation...
[2025-02-15T09:26:48.460] [ERROR] concert-service - Error: Resource not found
[2025-02-15T09:26:48.461] [ERROR] log-aspect - Logging finished: save failed after 4ms with error: Error: Resource not found
    at CategoryRepository.findById (/Users/nhannguyen/Documents/IT Project/opera-house-backend/concert-service/src/repository/impl/category.repository.impl.ts:35:13)
    at process.processTicksAndRejections (node:internal/process/task_queues:105:5)
    at async CategoryService.findById (/Users/nhannguyen/Documents/IT Project/opera-house-backend/concert-service/src/service/impl/category.service.impl.ts:47:12)
    at async ConcertService.create (/Users/nhannguyen/Documents/IT Project/opera-house-backend/concert-service/src/service/impl/concert.service.impl.ts:49:29)
    at async ConcertController.save (/Users/nhannguyen/Documents/IT Project/opera-house-backend/concert-service/src/controller/concert.controller.ts:39:21).
[2025-02-15T09:38:50.190] [INFO] default - Starting Nest application...
[2025-02-15T09:38:50.370] [INFO] default - App successfully configured Logger
[2025-02-15T09:38:50.370] [INFO] default - App successfully configured Filters
[2025-02-15T09:38:50.370] [INFO] default - App successfully configured Interceptors
[2025-02-15T09:38:50.370] [INFO] default - Nest app started with port [8092]
[2025-02-15T09:38:50.385] [INFO] default - AppController {/}:
[2025-02-15T09:38:50.385] [INFO] default - Mapped {/, GET} route
[2025-02-15T09:38:50.386] [INFO] default - CategoryController {/api/v1/concert}:
[2025-02-15T09:38:50.386] [INFO] default - Mapped {/api/v1/concert/categories, GET} route
[2025-02-15T09:38:50.386] [INFO] default - Mapped {/api/v1/concert/categories/:categoryId, GET} route
[2025-02-15T09:38:50.386] [INFO] default - Mapped {/api/v1/concert/categories, POST} route
[2025-02-15T09:38:50.386] [INFO] default - ConcertController {/api/v1/concert}:
[2025-02-15T09:38:50.386] [INFO] default - Mapped {/api/v1/concert/concerts, POST} route
[2025-02-15T09:38:50.387] [INFO] default - Nest application successfully started
[2025-02-15T12:28:43.088] [INFO] log-aspect - Logging started: save
[2025-02-15T12:28:43.094] [ERROR] log-aspect - Error: ["art must be a string","director must be a string","title must be a string","description must be a string","categories must be an array","images must be an array","showTimes must be an array","seatCategoriesPrice must be an array"]
[2025-02-15T12:28:43.094] [ERROR] log-aspect - Logging finished: save failed after 6ms with error: BadRequestException: Bad Request Exception
    at ValidationPipe.exceptionFactory (/Users/nhannguyen/Documents/IT Project/opera-house-backend/concert-service/node_modules/@nestjs/common/pipes/validation.pipe.js:101:20)
    at ValidationPipe.transform (/Users/nhannguyen/Documents/IT Project/opera-house-backend/concert-service/node_modules/@nestjs/common/pipes/validation.pipe.js:74:30)
    at async resolveParamValue (/Users/nhannguyen/Documents/IT Project/opera-house-backend/concert-service/node_modules/@nestjs/core/router/router-execution-context.js:148:23)
    at async Promise.all (index 0)
    at async pipesFn (/Users/nhannguyen/Documents/IT Project/opera-house-backend/concert-service/node_modules/@nestjs/core/router/router-execution-context.js:151:13)
    at async /Users/nhannguyen/Documents/IT Project/opera-house-backend/concert-service/node_modules/@nestjs/core/router/router-execution-context.js:37:30.
[2025-02-15T12:30:28.607] [INFO] log-aspect - Logging started: save
[2025-02-15T12:30:28.635] [INFO] concert-service - Start create operation...
[2025-02-15T12:30:28.677] [ERROR] concert-service - SequelizeDatabaseError: invalid input syntax for type uuid: ";"
[2025-02-15T12:30:28.677] [ERROR] log-aspect - Logging finished: save failed after 70ms with error: Error
    at Query.run (/Users/nhannguyen/Documents/IT Project/opera-house-backend/concert-service/node_modules/sequelize/src/dialects/postgres/query.js:76:25)
    at <anonymous> (/Users/nhannguyen/Documents/IT Project/opera-house-backend/concert-service/node_modules/sequelize/src/sequelize.js:650:28)
    at process.processTicksAndRejections (node:internal/process/task_queues:105:5)
    at async PostgresQueryInterface.select (/Users/nhannguyen/Documents/IT Project/opera-house-backend/concert-service/node_modules/sequelize/src/dialects/abstract/query-interface.js:1001:12)
    at async Function.findAll (/Users/nhannguyen/Documents/IT Project/opera-house-backend/concert-service/node_modules/sequelize/src/model.js:1824:21)
    at async Function.findOne (/Users/nhannguyen/Documents/IT Project/opera-house-backend/concert-service/node_modules/sequelize/src/model.js:1998:12)
    at async CategoryRepository.findById (/Users/nhannguyen/Documents/IT Project/opera-house-backend/concert-service/src/repository/impl/category.repository.impl.ts:33:22)
    at async CategoryService.findById (/Users/nhannguyen/Documents/IT Project/opera-house-backend/concert-service/src/service/impl/category.service.impl.ts:47:12)
    at async ConcertService.create (/Users/nhannguyen/Documents/IT Project/opera-house-backend/concert-service/src/service/impl/concert.service.impl.ts:49:29)
    at async ConcertController.save (/Users/nhannguyen/Documents/IT Project/opera-house-backend/concert-service/src/controller/concert.controller.ts:39:21).
[2025-02-15T12:57:03.968] [INFO] log-aspect - Logging started: save
[2025-02-15T12:57:03.972] [ERROR] log-aspect - Error: ["categories must be an array"]
[2025-02-15T12:57:03.972] [ERROR] log-aspect - Logging finished: save failed after 4ms with error: BadRequestException: Bad Request Exception
    at ValidationPipe.exceptionFactory (/Users/nhannguyen/Documents/IT Project/opera-house-backend/concert-service/node_modules/@nestjs/common/pipes/validation.pipe.js:101:20)
    at ValidationPipe.transform (/Users/nhannguyen/Documents/IT Project/opera-house-backend/concert-service/node_modules/@nestjs/common/pipes/validation.pipe.js:74:30)
    at process.processTicksAndRejections (node:internal/process/task_queues:105:5)
    at async resolveParamValue (/Users/nhannguyen/Documents/IT Project/opera-house-backend/concert-service/node_modules/@nestjs/core/router/router-execution-context.js:148:23)
    at async Promise.all (index 0)
    at async pipesFn (/Users/nhannguyen/Documents/IT Project/opera-house-backend/concert-service/node_modules/@nestjs/core/router/router-execution-context.js:151:13)
    at async /Users/nhannguyen/Documents/IT Project/opera-house-backend/concert-service/node_modules/@nestjs/core/router/router-execution-context.js:37:30.
[2025-02-15T12:58:59.514] [INFO] log-aspect - Logging started: save
[2025-02-15T12:58:59.540] [INFO] concert-service - Start create operation...
[2025-02-15T12:58:59.597] [ERROR] concert-service - SequelizeDatabaseError: invalid input syntax for type uuid: "${categories_2}"
[2025-02-15T12:58:59.597] [ERROR] log-aspect - Logging finished: save failed after 83ms with error: Error
    at Query.run (/Users/nhannguyen/Documents/IT Project/opera-house-backend/concert-service/node_modules/sequelize/src/dialects/postgres/query.js:76:25)
    at <anonymous> (/Users/nhannguyen/Documents/IT Project/opera-house-backend/concert-service/node_modules/sequelize/src/sequelize.js:650:28)
    at process.processTicksAndRejections (node:internal/process/task_queues:105:5)
    at async PostgresQueryInterface.select (/Users/nhannguyen/Documents/IT Project/opera-house-backend/concert-service/node_modules/sequelize/src/dialects/abstract/query-interface.js:1001:12)
    at async Function.findAll (/Users/nhannguyen/Documents/IT Project/opera-house-backend/concert-service/node_modules/sequelize/src/model.js:1824:21)
    at async Function.findOne (/Users/nhannguyen/Documents/IT Project/opera-house-backend/concert-service/node_modules/sequelize/src/model.js:1998:12)
    at async CategoryRepository.findById (/Users/nhannguyen/Documents/IT Project/opera-house-backend/concert-service/src/repository/impl/category.repository.impl.ts:33:22)
    at async CategoryService.findById (/Users/nhannguyen/Documents/IT Project/opera-house-backend/concert-service/src/service/impl/category.service.impl.ts:47:12)
    at async ConcertService.create (/Users/nhannguyen/Documents/IT Project/opera-house-backend/concert-service/src/service/impl/concert.service.impl.ts:49:29)
    at async ConcertController.save (/Users/nhannguyen/Documents/IT Project/opera-house-backend/concert-service/src/controller/concert.controller.ts:39:21).
[2025-02-15T13:01:38.726] [INFO] log-aspect - Logging started: save
[2025-02-15T13:01:38.756] [INFO] concert-service - Start create operation...
[2025-02-15T13:01:38.789] [ERROR] concert-service - SequelizeDatabaseError: invalid input syntax for type uuid: "${categories_2}"
[2025-02-15T13:01:38.789] [ERROR] log-aspect - Logging finished: save failed after 63ms with error: Error
    at Query.run (/Users/nhannguyen/Documents/IT Project/opera-house-backend/concert-service/node_modules/sequelize/src/dialects/postgres/query.js:76:25)
    at <anonymous> (/Users/nhannguyen/Documents/IT Project/opera-house-backend/concert-service/node_modules/sequelize/src/sequelize.js:650:28)
    at process.processTicksAndRejections (node:internal/process/task_queues:105:5)
    at async PostgresQueryInterface.select (/Users/nhannguyen/Documents/IT Project/opera-house-backend/concert-service/node_modules/sequelize/src/dialects/abstract/query-interface.js:1001:12)
    at async Function.findAll (/Users/nhannguyen/Documents/IT Project/opera-house-backend/concert-service/node_modules/sequelize/src/model.js:1824:21)
    at async Function.findOne (/Users/nhannguyen/Documents/IT Project/opera-house-backend/concert-service/node_modules/sequelize/src/model.js:1998:12)
    at async CategoryRepository.findById (/Users/nhannguyen/Documents/IT Project/opera-house-backend/concert-service/src/repository/impl/category.repository.impl.ts:33:22)
    at async CategoryService.findById (/Users/nhannguyen/Documents/IT Project/opera-house-backend/concert-service/src/service/impl/category.service.impl.ts:47:12)
    at async ConcertService.create (/Users/nhannguyen/Documents/IT Project/opera-house-backend/concert-service/src/service/impl/concert.service.impl.ts:49:29)
    at async ConcertController.save (/Users/nhannguyen/Documents/IT Project/opera-house-backend/concert-service/src/controller/concert.controller.ts:39:21).
[2025-02-15T13:06:10.119] [INFO] log-aspect - Logging started: save
[2025-02-15T13:06:10.181] [INFO] concert-service - Start create operation...
[2025-02-15T13:06:10.199] [ERROR] concert-service - SequelizeDatabaseError: invalid input syntax for type uuid: "${categories_2}"
[2025-02-15T13:06:10.199] [ERROR] log-aspect - Logging finished: save failed after 80ms with error: Error
    at Query.run (/Users/nhannguyen/Documents/IT Project/opera-house-backend/concert-service/node_modules/sequelize/src/dialects/postgres/query.js:76:25)
    at <anonymous> (/Users/nhannguyen/Documents/IT Project/opera-house-backend/concert-service/node_modules/sequelize/src/sequelize.js:650:28)
    at process.processTicksAndRejections (node:internal/process/task_queues:105:5)
    at async PostgresQueryInterface.select (/Users/nhannguyen/Documents/IT Project/opera-house-backend/concert-service/node_modules/sequelize/src/dialects/abstract/query-interface.js:1001:12)
    at async Function.findAll (/Users/nhannguyen/Documents/IT Project/opera-house-backend/concert-service/node_modules/sequelize/src/model.js:1824:21)
    at async Function.findOne (/Users/nhannguyen/Documents/IT Project/opera-house-backend/concert-service/node_modules/sequelize/src/model.js:1998:12)
    at async CategoryRepository.findById (/Users/nhannguyen/Documents/IT Project/opera-house-backend/concert-service/src/repository/impl/category.repository.impl.ts:33:22)
    at async CategoryService.findById (/Users/nhannguyen/Documents/IT Project/opera-house-backend/concert-service/src/service/impl/category.service.impl.ts:47:12)
    at async ConcertService.create (/Users/nhannguyen/Documents/IT Project/opera-house-backend/concert-service/src/service/impl/concert.service.impl.ts:49:29)
    at async ConcertController.save (/Users/nhannguyen/Documents/IT Project/opera-house-backend/concert-service/src/controller/concert.controller.ts:39:21).
[2025-02-15T13:07:37.891] [INFO] log-aspect - Logging started: save
[2025-02-15T13:07:37.904] [INFO] concert-service - Start create operation...
[2025-02-15T13:07:37.937] [ERROR] concert-service - SequelizeDatabaseError: invalid input syntax for type uuid: "${categories_2}"
[2025-02-15T13:07:37.938] [ERROR] log-aspect - Logging finished: save failed after 47ms with error: Error
    at Query.run (/Users/nhannguyen/Documents/IT Project/opera-house-backend/concert-service/node_modules/sequelize/src/dialects/postgres/query.js:76:25)
    at <anonymous> (/Users/nhannguyen/Documents/IT Project/opera-house-backend/concert-service/node_modules/sequelize/src/sequelize.js:650:28)
    at process.processTicksAndRejections (node:internal/process/task_queues:105:5)
    at async PostgresQueryInterface.select (/Users/nhannguyen/Documents/IT Project/opera-house-backend/concert-service/node_modules/sequelize/src/dialects/abstract/query-interface.js:1001:12)
    at async Function.findAll (/Users/nhannguyen/Documents/IT Project/opera-house-backend/concert-service/node_modules/sequelize/src/model.js:1824:21)
    at async Function.findOne (/Users/nhannguyen/Documents/IT Project/opera-house-backend/concert-service/node_modules/sequelize/src/model.js:1998:12)
    at async CategoryRepository.findById (/Users/nhannguyen/Documents/IT Project/opera-house-backend/concert-service/src/repository/impl/category.repository.impl.ts:33:22)
    at async CategoryService.findById (/Users/nhannguyen/Documents/IT Project/opera-house-backend/concert-service/src/service/impl/category.service.impl.ts:47:12)
    at async ConcertService.create (/Users/nhannguyen/Documents/IT Project/opera-house-backend/concert-service/src/service/impl/concert.service.impl.ts:49:29)
    at async ConcertController.save (/Users/nhannguyen/Documents/IT Project/opera-house-backend/concert-service/src/controller/concert.controller.ts:39:21).
[2025-02-15T13:08:04.712] [INFO] log-aspect - Logging started: save
[2025-02-15T13:08:04.735] [INFO] concert-service - Start create operation...
[2025-02-15T13:08:04.749] [ERROR] concert-service - SequelizeDatabaseError: invalid input syntax for type uuid: "${categories_2}"
[2025-02-15T13:08:04.749] [ERROR] log-aspect - Logging finished: save failed after 37ms with error: Error
    at Query.run (/Users/nhannguyen/Documents/IT Project/opera-house-backend/concert-service/node_modules/sequelize/src/dialects/postgres/query.js:76:25)
    at <anonymous> (/Users/nhannguyen/Documents/IT Project/opera-house-backend/concert-service/node_modules/sequelize/src/sequelize.js:650:28)
    at process.processTicksAndRejections (node:internal/process/task_queues:105:5)
    at async PostgresQueryInterface.select (/Users/nhannguyen/Documents/IT Project/opera-house-backend/concert-service/node_modules/sequelize/src/dialects/abstract/query-interface.js:1001:12)
    at async Function.findAll (/Users/nhannguyen/Documents/IT Project/opera-house-backend/concert-service/node_modules/sequelize/src/model.js:1824:21)
    at async Function.findOne (/Users/nhannguyen/Documents/IT Project/opera-house-backend/concert-service/node_modules/sequelize/src/model.js:1998:12)
    at async CategoryRepository.findById (/Users/nhannguyen/Documents/IT Project/opera-house-backend/concert-service/src/repository/impl/category.repository.impl.ts:33:22)
    at async CategoryService.findById (/Users/nhannguyen/Documents/IT Project/opera-house-backend/concert-service/src/service/impl/category.service.impl.ts:47:12)
    at async ConcertService.create (/Users/nhannguyen/Documents/IT Project/opera-house-backend/concert-service/src/service/impl/concert.service.impl.ts:49:29)
    at async ConcertController.save (/Users/nhannguyen/Documents/IT Project/opera-house-backend/concert-service/src/controller/concert.controller.ts:39:21).
[2025-02-15T13:24:43.127] [INFO] log-aspect - Logging started: save
[2025-02-15T13:24:43.130] [ERROR] log-aspect - Error: ["art must be a string","director must be a string","title must be a string","description must be a string","categories must be an array","images must be an array","showTimes must be an array","seatCategoriesPrice must be an array"]
[2025-02-15T13:24:43.133] [ERROR] log-aspect - Logging finished: save failed after 3ms with error: BadRequestException: Bad Request Exception
    at ValidationPipe.exceptionFactory (/Users/nhannguyen/Documents/IT Project/opera-house-backend/concert-service/node_modules/@nestjs/common/pipes/validation.pipe.js:101:20)
    at ValidationPipe.transform (/Users/nhannguyen/Documents/IT Project/opera-house-backend/concert-service/node_modules/@nestjs/common/pipes/validation.pipe.js:74:30)
    at process.processTicksAndRejections (node:internal/process/task_queues:105:5)
    at async resolveParamValue (/Users/nhannguyen/Documents/IT Project/opera-house-backend/concert-service/node_modules/@nestjs/core/router/router-execution-context.js:148:23)
    at async Promise.all (index 0)
    at async pipesFn (/Users/nhannguyen/Documents/IT Project/opera-house-backend/concert-service/node_modules/@nestjs/core/router/router-execution-context.js:151:13)
    at async /Users/nhannguyen/Documents/IT Project/opera-house-backend/concert-service/node_modules/@nestjs/core/router/router-execution-context.js:37:30.
[2025-02-15T13:28:57.623] [INFO] log-aspect - Logging started: save
[2025-02-15T13:28:57.624] [ERROR] log-aspect - Error: ["art must be a string","director must be a string","title must be a string","description must be a string","categories must be an array","images must be an array","showTimes must be an array","seatCategoriesPrice must be an array"]
[2025-02-15T13:28:57.624] [ERROR] log-aspect - Logging finished: save failed after 1ms with error: BadRequestException: Bad Request Exception
    at ValidationPipe.exceptionFactory (/Users/nhannguyen/Documents/IT Project/opera-house-backend/concert-service/node_modules/@nestjs/common/pipes/validation.pipe.js:101:20)
    at ValidationPipe.transform (/Users/nhannguyen/Documents/IT Project/opera-house-backend/concert-service/node_modules/@nestjs/common/pipes/validation.pipe.js:74:30)
    at process.processTicksAndRejections (node:internal/process/task_queues:105:5)
    at async resolveParamValue (/Users/nhannguyen/Documents/IT Project/opera-house-backend/concert-service/node_modules/@nestjs/core/router/router-execution-context.js:148:23)
    at async Promise.all (index 0)
    at async pipesFn (/Users/nhannguyen/Documents/IT Project/opera-house-backend/concert-service/node_modules/@nestjs/core/router/router-execution-context.js:151:13)
    at async /Users/nhannguyen/Documents/IT Project/opera-house-backend/concert-service/node_modules/@nestjs/core/router/router-execution-context.js:37:30.
[2025-02-15T13:29:56.526] [INFO] default - Starting Nest application...
[2025-02-15T13:29:56.717] [INFO] default - App successfully configured Logger
[2025-02-15T13:31:44.273] [INFO] default - Starting Nest application...
[2025-02-15T13:31:44.468] [INFO] default - App successfully configured Logger
[2025-02-15T13:31:44.468] [INFO] default - App successfully configured Filters
[2025-02-15T13:31:44.468] [INFO] default - App successfully configured Interceptors
[2025-02-15T13:31:44.468] [INFO] default - Nest app started with port [8092]
[2025-02-15T13:31:44.482] [INFO] default - AppController {/}:
[2025-02-15T13:31:44.483] [INFO] default - Mapped {/, GET} route
[2025-02-15T13:31:44.483] [INFO] default - CategoryController {/api/v1/concert}:
[2025-02-15T13:31:44.483] [INFO] default - Mapped {/api/v1/concert/categories, GET} route
[2025-02-15T13:31:44.484] [INFO] default - Mapped {/api/v1/concert/categories/:categoryId, GET} route
[2025-02-15T13:31:44.484] [INFO] default - Mapped {/api/v1/concert/categories, POST} route
[2025-02-15T13:31:44.484] [INFO] default - ConcertController {/api/v1/concert}:
[2025-02-15T13:31:44.484] [INFO] default - Mapped {/api/v1/concert/concerts, POST} route
[2025-02-15T13:31:44.485] [INFO] default - Nest application successfully started
[2025-02-15T13:31:49.762] [INFO] log-aspect - Logging started: save
[2025-02-15T13:31:49.765] [ERROR] log-aspect - Error: ["art must be a string","director must be a string","title must be a string","description must be a string","categories must be an array","images must be an array","showTimes must be an array","seatCategoriesPrice must be an array"]
[2025-02-15T13:31:49.766] [ERROR] log-aspect - Logging finished: save failed after 3ms with error: BadRequestException: Bad Request Exception
    at ValidationPipe.exceptionFactory (/Users/nhannguyen/Documents/ITProject/opera-house-backend/concert-service/node_modules/@nestjs/common/pipes/validation.pipe.js:101:20)
    at ValidationPipe.transform (/Users/nhannguyen/Documents/ITProject/opera-house-backend/concert-service/node_modules/@nestjs/common/pipes/validation.pipe.js:74:30)
    at process.processTicksAndRejections (node:internal/process/task_queues:105:5)
    at async resolveParamValue (/Users/nhannguyen/Documents/ITProject/opera-house-backend/concert-service/node_modules/@nestjs/core/router/router-execution-context.js:148:23)
    at async Promise.all (index 0)
    at async pipesFn (/Users/nhannguyen/Documents/ITProject/opera-house-backend/concert-service/node_modules/@nestjs/core/router/router-execution-context.js:151:13)
    at async /Users/nhannguyen/Documents/ITProject/opera-house-backend/concert-service/node_modules/@nestjs/core/router/router-execution-context.js:37:30.
[2025-02-15T13:32:22.568] [INFO] log-aspect - Logging started: save
[2025-02-15T13:32:22.572] [ERROR] log-aspect - Error: ["art must be a string","director must be a string","title must be a string","description must be a string","categories must be an array","images must be an array","showTimes must be an array","seatCategoriesPrice must be an array"]
[2025-02-15T13:32:22.572] [ERROR] log-aspect - Logging finished: save failed after 3ms with error: BadRequestException: Bad Request Exception
    at ValidationPipe.exceptionFactory (/Users/nhannguyen/Documents/ITProject/opera-house-backend/concert-service/node_modules/@nestjs/common/pipes/validation.pipe.js:101:20)
    at ValidationPipe.transform (/Users/nhannguyen/Documents/ITProject/opera-house-backend/concert-service/node_modules/@nestjs/common/pipes/validation.pipe.js:74:30)
    at process.processTicksAndRejections (node:internal/process/task_queues:105:5)
    at async resolveParamValue (/Users/nhannguyen/Documents/ITProject/opera-house-backend/concert-service/node_modules/@nestjs/core/router/router-execution-context.js:148:23)
    at async Promise.all (index 0)
    at async pipesFn (/Users/nhannguyen/Documents/ITProject/opera-house-backend/concert-service/node_modules/@nestjs/core/router/router-execution-context.js:151:13)
    at async /Users/nhannguyen/Documents/ITProject/opera-house-backend/concert-service/node_modules/@nestjs/core/router/router-execution-context.js:37:30.
[2025-02-15T13:49:22.181] [INFO] default - Starting Nest application...
[2025-02-15T13:49:22.382] [INFO] default - App successfully configured Logger
[2025-02-15T13:49:22.383] [INFO] default - App successfully configured Filters
[2025-02-15T13:49:22.383] [INFO] default - App successfully configured Interceptors
[2025-02-15T13:49:22.383] [INFO] default - Nest app started with port [8092]
[2025-02-15T13:49:22.397] [INFO] default - AppController {/}:
[2025-02-15T13:49:22.398] [INFO] default - Mapped {/, GET} route
[2025-02-15T13:49:22.398] [INFO] default - CategoryController {/api/v1/concert}:
[2025-02-15T13:49:22.398] [INFO] default - Mapped {/api/v1/concert/categories, GET} route
[2025-02-15T13:49:22.399] [INFO] default - Mapped {/api/v1/concert/categories/:categoryId, GET} route
[2025-02-15T13:49:22.399] [INFO] default - Mapped {/api/v1/concert/categories, POST} route
[2025-02-15T13:49:22.399] [INFO] default - ConcertController {/api/v1/concert}:
[2025-02-15T13:49:22.399] [INFO] default - Mapped {/api/v1/concert/concerts, POST} route
[2025-02-15T13:49:22.399] [INFO] default - Mapped {/api/v1/concert/concerts, POST} route
[2025-02-15T13:49:22.400] [INFO] default - Nest application successfully started
[2025-02-15T13:51:09.152] [INFO] log-aspect - Logging started: create
[2025-02-15T13:51:09.155] [ERROR] log-aspect - Error: ["art must be a string","director must be a string","title must be a string","description must be a string","categories must be an array","images must be an array","showTimes must be an array","seatCategoriesPrice must be an array"]
[2025-02-15T13:51:09.155] [ERROR] log-aspect - Logging finished: create failed after 3ms with error: BadRequestException: Bad Request Exception
    at ValidationPipe.exceptionFactory (/Users/nhannguyen/Documents/ITProject/opera-house-backend/concert-service/node_modules/@nestjs/common/pipes/validation.pipe.js:101:20)
    at ValidationPipe.transform (/Users/nhannguyen/Documents/ITProject/opera-house-backend/concert-service/node_modules/@nestjs/common/pipes/validation.pipe.js:74:30)
    at process.processTicksAndRejections (node:internal/process/task_queues:105:5)
    at async resolveParamValue (/Users/nhannguyen/Documents/ITProject/opera-house-backend/concert-service/node_modules/@nestjs/core/router/router-execution-context.js:148:23)
    at async Promise.all (index 0)
    at async pipesFn (/Users/nhannguyen/Documents/ITProject/opera-house-backend/concert-service/node_modules/@nestjs/core/router/router-execution-context.js:151:13)
    at async /Users/nhannguyen/Documents/ITProject/opera-house-backend/concert-service/node_modules/@nestjs/core/router/router-execution-context.js:37:30.
[2025-02-15T13:51:52.216] [INFO] default - Starting Nest application...
[2025-02-15T13:51:52.418] [INFO] default - App successfully configured Logger
[2025-02-15T13:51:52.418] [INFO] default - App successfully configured Filters
[2025-02-15T13:51:52.419] [INFO] default - App successfully configured Interceptors
[2025-02-15T13:51:52.419] [INFO] default - Nest app started with port [8092]
[2025-02-15T13:51:52.433] [INFO] default - AppController {/}:
[2025-02-15T13:51:52.434] [INFO] default - Mapped {/, GET} route
[2025-02-15T13:51:52.434] [INFO] default - CategoryController {/api/v1/concert}:
[2025-02-15T13:51:52.435] [INFO] default - Mapped {/api/v1/concert/categories, GET} route
[2025-02-15T13:51:52.435] [INFO] default - Mapped {/api/v1/concert/categories/:categoryId, GET} route
[2025-02-15T13:51:52.435] [INFO] default - Mapped {/api/v1/concert/categories, POST} route
[2025-02-15T13:51:52.435] [INFO] default - ConcertController {/api/v1/concert}:
[2025-02-15T13:51:52.435] [INFO] default - Mapped {/api/v1/concert/concerts, POST} route
[2025-02-15T13:51:52.435] [INFO] default - Mapped {/api/v1/concert/concerts/bulkCreate, POST} route
[2025-02-15T13:51:52.436] [INFO] default - Nest application successfully started
[2025-02-15T13:52:11.834] [INFO] log-aspect - Logging started: bulkCreate
[2025-02-15T13:52:11.848] [INFO] concert-service - Start create operation...
[2025-02-15T13:52:11.865] [INFO] concert-service - Set categories of concert
[2025-02-15T13:52:11.865] [INFO] concert-service - Set images of concert
[2025-02-15T13:52:11.873] [INFO] concert-service - Set show times of concert
[2025-02-15T13:52:11.899] [INFO] concert-service - Set price of seat categories
[2025-02-15T13:52:12.050] [INFO] concert-service - Set the number of seats for the concert
[2025-02-15T13:52:12.052] [INFO] concert-service - Concert created id [2be8d626-015e-4ef2-a43e-5c6cbceee7ff]
[2025-02-15T13:52:12.053] [INFO] concert-service - Start create operation...
[2025-02-15T13:52:12.054] [INFO] concert-service - Set categories of concert
[2025-02-15T13:52:12.054] [INFO] concert-service - Set images of concert
[2025-02-15T13:52:12.055] [INFO] concert-service - Set show times of concert
[2025-02-15T13:52:12.064] [INFO] concert-service - Set price of seat categories
[2025-02-15T13:52:12.181] [INFO] concert-service - Set the number of seats for the concert
[2025-02-15T13:52:12.183] [INFO] concert-service - Concert created id [9d8236ed-a86d-4064-a108-d3bd6863e424]
[2025-02-15T13:52:12.184] [INFO] concert-service - Start create operation...
[2025-02-15T13:52:12.186] [INFO] concert-service - Set categories of concert
[2025-02-15T13:52:12.186] [INFO] concert-service - Set images of concert
[2025-02-15T13:52:12.187] [INFO] concert-service - Set show times of concert
[2025-02-15T13:52:12.198] [INFO] concert-service - Set price of seat categories
[2025-02-15T13:52:12.308] [INFO] concert-service - Set the number of seats for the concert
[2025-02-15T13:52:12.311] [INFO] concert-service - Concert created id [b3967bc2-7a86-4044-9581-4a88b94fd4a2]
[2025-02-15T13:52:12.311] [INFO] concert-service - Start create operation...
[2025-02-15T13:52:12.313] [INFO] concert-service - Set categories of concert
[2025-02-15T13:52:12.313] [INFO] concert-service - Set images of concert
[2025-02-15T13:52:12.315] [INFO] concert-service - Set show times of concert
[2025-02-15T13:52:12.326] [INFO] concert-service - Set price of seat categories
[2025-02-15T13:52:12.438] [INFO] concert-service - Set the number of seats for the concert
[2025-02-15T13:52:12.441] [INFO] concert-service - Concert created id [ff0460b5-b03f-4d63-9e60-abb535c6916b]
[2025-02-15T13:52:12.441] [INFO] concert-service - Start create operation...
[2025-02-15T13:52:12.442] [INFO] concert-service - Set categories of concert
[2025-02-15T13:52:12.442] [INFO] concert-service - Set images of concert
[2025-02-15T13:52:12.443] [INFO] concert-service - Set show times of concert
[2025-02-15T13:52:12.451] [INFO] concert-service - Set price of seat categories
[2025-02-15T13:52:12.565] [INFO] concert-service - Set the number of seats for the concert
[2025-02-15T13:52:12.567] [INFO] concert-service - Concert created id [366bda88-d22a-483c-a7c4-c21152bc2cb3]
[2025-02-15T13:52:12.568] [INFO] concert-service - Start create operation...
[2025-02-15T13:52:12.569] [INFO] concert-service - Set categories of concert
[2025-02-15T13:52:12.569] [INFO] concert-service - Set images of concert
[2025-02-15T13:52:12.570] [INFO] concert-service - Set show times of concert
[2025-02-15T13:52:12.579] [INFO] concert-service - Set price of seat categories
[2025-02-15T13:52:12.688] [INFO] concert-service - Set the number of seats for the concert
[2025-02-15T13:52:12.694] [INFO] concert-service - Concert created id [3d4b5b84-ccc1-4388-a29a-c2ebac011655]
[2025-02-15T13:52:12.695] [INFO] concert-service - Start create operation...
[2025-02-15T13:52:12.696] [INFO] concert-service - Set categories of concert
[2025-02-15T13:52:12.696] [INFO] concert-service - Set images of concert
[2025-02-15T13:52:12.697] [INFO] concert-service - Set show times of concert
[2025-02-15T13:52:12.706] [INFO] concert-service - Set price of seat categories
[2025-02-15T13:52:12.804] [INFO] concert-service - Set the number of seats for the concert
[2025-02-15T13:52:12.807] [INFO] concert-service - Concert created id [8c1c4333-a2f9-4ef6-83da-7d2948989f42]
[2025-02-15T13:52:12.808] [INFO] concert-service - Start create operation...
[2025-02-15T13:52:12.809] [INFO] concert-service - Set categories of concert
[2025-02-15T13:52:12.809] [INFO] concert-service - Set images of concert
[2025-02-15T13:52:12.810] [INFO] concert-service - Set show times of concert
[2025-02-15T13:52:12.819] [INFO] concert-service - Set price of seat categories
[2025-02-15T13:52:12.923] [INFO] concert-service - Set the number of seats for the concert
[2025-02-15T13:52:12.927] [INFO] concert-service - Concert created id [a6ddf04f-2626-4de7-88f2-0c4c11ab259b]
[2025-02-15T13:52:12.928] [INFO] concert-service - Start create operation...
[2025-02-15T13:52:12.930] [INFO] concert-service - Set categories of concert
[2025-02-15T13:52:12.930] [INFO] concert-service - Set images of concert
[2025-02-15T13:52:12.931] [INFO] concert-service - Set show times of concert
[2025-02-15T13:52:12.942] [INFO] concert-service - Set price of seat categories
[2025-02-15T13:52:13.045] [INFO] concert-service - Set the number of seats for the concert
[2025-02-15T13:52:13.047] [INFO] concert-service - Concert created id [6add4766-144f-4b99-bda7-3fcf2e1a86a6]
[2025-02-15T13:52:13.048] [INFO] log-aspect - Logging finished: bulkCreate finished in 1214ms
[2025-02-15T17:10:02.796] [INFO] default - Starting Nest application...
[2025-02-15T17:10:02.995] [INFO] default - App successfully configured Logger
[2025-02-15T17:10:02.995] [INFO] default - App successfully configured Filters
[2025-02-15T17:10:02.995] [INFO] default - App successfully configured Interceptors
[2025-02-15T17:10:02.995] [INFO] default - Nest app started with port [8092]
[2025-02-15T17:10:02.998] [INFO] default - AppController {/}:
[2025-02-15T17:10:02.998] [INFO] default - Mapped {/, GET} route
[2025-02-15T17:10:02.998] [INFO] default - CategoryController {/api/v1/concert}:
[2025-02-15T17:10:02.999] [INFO] default - Mapped {/api/v1/concert/categories, GET} route
[2025-02-15T17:10:02.999] [INFO] default - Mapped {/api/v1/concert/categories/:categoryId, GET} route
[2025-02-15T17:10:02.999] [INFO] default - Mapped {/api/v1/concert/categories, POST} route
[2025-02-15T17:10:02.999] [INFO] default - ConcertController {/api/v1/concert}:
[2025-02-15T17:10:03.000] [INFO] default - Mapped {/api/v1/concert/concerts/upcoming, GET} route
[2025-02-15T17:10:03.000] [INFO] default - Mapped {/api/v1/concert/concerts, POST} route
[2025-02-15T17:10:03.000] [INFO] default - Mapped {/api/v1/concert/concerts/bulkCreate, POST} route
[2025-02-15T17:10:03.001] [INFO] default - Nest application successfully started
[2025-02-15T17:10:53.512] [INFO] log-aspect - Logging started: findUpcomingConcerts
[2025-02-15T17:10:53.551] [INFO] log-aspect - Logging finished: findUpcomingConcerts finished in 39ms
[2025-02-15T17:11:25.674] [INFO] log-aspect - Logging started: findUpcomingConcerts
[2025-02-15T17:11:25.700] [INFO] log-aspect - Logging finished: findUpcomingConcerts finished in 25ms
[2025-02-15T17:22:58.509] [INFO] default - Starting Nest application...
[2025-02-15T17:22:58.705] [INFO] default - App successfully configured Logger
[2025-02-15T17:22:58.705] [INFO] default - App successfully configured Filters
[2025-02-15T17:22:58.705] [INFO] default - App successfully configured Interceptors
[2025-02-15T17:22:58.705] [INFO] default - Nest app started with port [8092]
[2025-02-15T17:22:58.707] [INFO] default - AppController {/}:
[2025-02-15T17:22:58.708] [INFO] default - Mapped {/, GET} route
[2025-02-15T17:22:58.708] [INFO] default - CategoryController {/api/v1/concert}:
[2025-02-15T17:22:58.709] [INFO] default - Mapped {/api/v1/concert/categories, GET} route
[2025-02-15T17:22:58.709] [INFO] default - Mapped {/api/v1/concert/categories/:categoryId, GET} route
[2025-02-15T17:22:58.709] [INFO] default - Mapped {/api/v1/concert/categories, POST} route
[2025-02-15T17:22:58.709] [INFO] default - ConcertController {/api/v1/concert}:
[2025-02-15T17:22:58.709] [INFO] default - Mapped {/api/v1/concert/concerts/upcoming, GET} route
[2025-02-15T17:22:58.709] [INFO] default - Mapped {/api/v1/concert/concerts, POST} route
[2025-02-15T17:22:58.709] [INFO] default - Mapped {/api/v1/concert/concerts/bulkCreate, POST} route
[2025-02-15T17:22:58.710] [INFO] default - Nest application successfully started
[2025-02-15T17:23:08.729] [INFO] log-aspect - Logging started: findUpcomingConcerts
[2025-02-15T17:23:08.750] [INFO] log-aspect - Logging finished: findUpcomingConcerts finished in 21ms
[2025-02-15T17:47:35.975] [INFO] default - Starting Nest application...
[2025-02-15T17:47:36.171] [INFO] default - App successfully configured Logger
[2025-02-15T17:47:36.171] [INFO] default - App successfully configured Filters
[2025-02-15T17:47:36.171] [INFO] default - App successfully configured Interceptors
[2025-02-15T17:47:36.171] [INFO] default - Nest app started with port [8092]
[2025-02-15T17:47:36.173] [INFO] default - AppController {/}:
[2025-02-15T17:47:36.174] [INFO] default - Mapped {/, GET} route
[2025-02-15T17:47:36.174] [INFO] default - CategoryController {/api/v1/concert}:
[2025-02-15T17:47:36.174] [INFO] default - Mapped {/api/v1/concert/categories, GET} route
[2025-02-15T17:47:36.175] [INFO] default - Mapped {/api/v1/concert/categories/:categoryId, GET} route
[2025-02-15T17:47:36.175] [INFO] default - Mapped {/api/v1/concert/categories, POST} route
[2025-02-15T17:47:36.175] [INFO] default - ConcertController {/api/v1/concert}:
[2025-02-15T17:47:36.175] [INFO] default - Mapped {/api/v1/concert/concerts/upcoming, GET} route
[2025-02-15T17:47:36.175] [INFO] default - Mapped {/api/v1/concert/concerts, POST} route
[2025-02-15T17:47:36.175] [INFO] default - Mapped {/api/v1/concert/concerts/bulkCreate, POST} route
[2025-02-15T17:47:36.176] [INFO] default - Nest application successfully started
[2025-02-15T17:47:39.428] [INFO] log-aspect - Logging started: findUpcomingConcerts
[2025-02-15T17:47:39.449] [INFO] log-aspect - Logging finished: findUpcomingConcerts finished in 21ms
[2025-02-15T17:51:02.291] [INFO] log-aspect - Logging started: findUpcomingConcerts
[2025-02-15T17:51:02.363] [INFO] log-aspect - Logging finished: findUpcomingConcerts finished in 72ms
[2025-02-15T17:51:20.351] [INFO] log-aspect - Logging started: findUpcomingConcerts
[2025-02-15T17:51:20.387] [INFO] log-aspect - Logging finished: findUpcomingConcerts finished in 36ms
[2025-02-15T17:51:52.669] [INFO] log-aspect - Logging started: findUpcomingConcerts
[2025-02-15T17:51:52.696] [INFO] log-aspect - Logging finished: findUpcomingConcerts finished in 27ms
[2025-02-15T17:52:13.086] [INFO] default - Starting Nest application...
[2025-02-15T17:52:13.300] [INFO] default - App successfully configured Logger
[2025-02-15T17:52:13.300] [INFO] default - App successfully configured Filters
[2025-02-15T17:52:13.300] [INFO] default - App successfully configured Interceptors
[2025-02-15T17:52:13.300] [INFO] default - Nest app started with port [8092]
[2025-02-15T17:52:13.303] [INFO] default - AppController {/}:
[2025-02-15T17:52:13.304] [INFO] default - Mapped {/, GET} route
[2025-02-15T17:52:13.304] [INFO] default - CategoryController {/api/v1/concert}:
[2025-02-15T17:52:13.304] [INFO] default - Mapped {/api/v1/concert/categories, GET} route
[2025-02-15T17:52:13.304] [INFO] default - Mapped {/api/v1/concert/categories/:categoryId, GET} route
[2025-02-15T17:52:13.304] [INFO] default - Mapped {/api/v1/concert/categories, POST} route
[2025-02-15T17:52:13.304] [INFO] default - ConcertController {/api/v1/concert}:
[2025-02-15T17:52:13.305] [INFO] default - Mapped {/api/v1/concert/concerts/upcoming, GET} route
[2025-02-15T17:52:13.305] [INFO] default - Mapped {/api/v1/concert/concerts, POST} route
[2025-02-15T17:52:13.305] [INFO] default - Mapped {/api/v1/concert/concerts/bulkCreate, POST} route
[2025-02-15T17:52:13.306] [INFO] default - Nest application successfully started
[2025-02-15T17:52:17.157] [INFO] log-aspect - Logging started: findUpcomingConcerts
[2025-02-15T17:52:17.180] [INFO] log-aspect - Logging finished: findUpcomingConcerts finished in 23ms
[2025-02-15T17:52:56.664] [INFO] log-aspect - Logging started: findUpcomingConcerts
[2025-02-15T17:52:56.718] [INFO] log-aspect - Logging finished: findUpcomingConcerts finished in 54ms
[2025-02-15T17:53:08.889] [INFO] log-aspect - Logging started: findUpcomingConcerts
[2025-02-15T17:53:08.904] [INFO] log-aspect - Logging finished: findUpcomingConcerts finished in 15ms
[2025-02-15T17:53:19.743] [INFO] log-aspect - Logging started: findUpcomingConcerts
[2025-02-15T17:53:19.778] [INFO] log-aspect - Logging finished: findUpcomingConcerts finished in 35ms
[2025-02-15T18:05:32.489] [INFO] default - Starting Nest application...
[2025-02-15T18:05:32.685] [INFO] default - App successfully configured Logger
[2025-02-15T18:05:32.685] [INFO] default - App successfully configured Filters
[2025-02-15T18:05:32.685] [INFO] default - App successfully configured Interceptors
[2025-02-15T18:05:32.685] [INFO] default - Nest app started with port [8092]
[2025-02-15T18:05:32.688] [INFO] default - AppController {/}:
[2025-02-15T18:05:32.688] [INFO] default - Mapped {/, GET} route
[2025-02-15T18:05:32.689] [INFO] default - CategoryController {/api/v1/concert}:
[2025-02-15T18:05:32.689] [INFO] default - Mapped {/api/v1/concert/categories, GET} route
[2025-02-15T18:05:32.689] [INFO] default - Mapped {/api/v1/concert/categories/:categoryId, GET} route
[2025-02-15T18:05:32.689] [INFO] default - Mapped {/api/v1/concert/categories, POST} route
[2025-02-15T18:05:32.689] [INFO] default - ConcertController {/api/v1/concert}:
[2025-02-15T18:05:32.689] [INFO] default - Mapped {/api/v1/concert/concerts/upcoming, GET} route
[2025-02-15T18:05:32.689] [INFO] default - Mapped {/api/v1/concert/concerts, POST} route
[2025-02-15T18:05:32.690] [INFO] default - Mapped {/api/v1/concert/concerts/bulkCreate, POST} route
[2025-02-15T18:05:32.690] [INFO] default - Nest application successfully started
[2025-02-15T18:05:36.971] [INFO] log-aspect - Logging started: findUpcomingConcerts
[2025-02-15T18:05:36.991] [INFO] log-aspect - Logging finished: findUpcomingConcerts finished in 20ms
[2025-02-15T18:19:31.983] [INFO] default - Starting Nest application...
[2025-02-15T18:19:32.171] [INFO] default - App successfully configured Logger
[2025-02-15T18:19:32.171] [INFO] default - App successfully configured Filters
[2025-02-15T18:19:32.171] [INFO] default - App successfully configured Interceptors
[2025-02-15T18:19:32.171] [INFO] default - Nest app started with port [8092]
[2025-02-15T18:19:32.173] [INFO] default - AppController {/}:
[2025-02-15T18:19:32.174] [INFO] default - Mapped {/, GET} route
[2025-02-15T18:19:32.174] [INFO] default - CategoryController {/api/v1/concert}:
[2025-02-15T18:19:32.174] [INFO] default - Mapped {/api/v1/concert/categories, GET} route
[2025-02-15T18:19:32.174] [INFO] default - Mapped {/api/v1/concert/categories/:categoryId, GET} route
[2025-02-15T18:19:32.174] [INFO] default - Mapped {/api/v1/concert/categories, POST} route
[2025-02-15T18:19:32.174] [INFO] default - ConcertController {/api/v1/concert}:
[2025-02-15T18:19:32.175] [INFO] default - Mapped {/api/v1/concert/concerts/upcoming, GET} route
[2025-02-15T18:19:32.175] [INFO] default - Mapped {/api/v1/concert/concerts, POST} route
[2025-02-15T18:19:32.175] [INFO] default - Mapped {/api/v1/concert/concerts/bulkCreate, POST} route
[2025-02-15T18:19:32.176] [INFO] default - Nest application successfully started
[2025-02-15T18:19:37.279] [INFO] log-aspect - Logging started: findUpcomingConcerts
[2025-02-15T18:19:37.300] [INFO] log-aspect - Logging finished: findUpcomingConcerts finished in 21ms
[2025-02-15T18:19:44.589] [INFO] log-aspect - Logging started: findUpcomingConcerts
[2025-02-15T18:19:44.596] [INFO] log-aspect - Logging finished: findUpcomingConcerts finished in 7ms
[2025-02-15T23:17:47.397] [INFO] default - Starting Nest application...
[2025-02-15T23:17:47.605] [INFO] default - App successfully configured Logger
[2025-02-15T23:17:47.605] [INFO] default - App successfully configured Filters
[2025-02-15T23:17:47.605] [INFO] default - App successfully configured Interceptors
[2025-02-15T23:17:47.605] [INFO] default - Nest app started with port [8092]
[2025-02-15T23:17:47.607] [INFO] default - AppController {/}:
[2025-02-15T23:17:47.608] [INFO] default - Mapped {/, GET} route
[2025-02-15T23:17:47.608] [INFO] default - CategoryController {/api/v1/concert}:
[2025-02-15T23:17:47.608] [INFO] default - Mapped {/api/v1/concert/categories, GET} route
[2025-02-15T23:17:47.609] [INFO] default - Mapped {/api/v1/concert/categories/:categoryId, GET} route
[2025-02-15T23:17:47.609] [INFO] default - Mapped {/api/v1/concert/categories, POST} route
[2025-02-15T23:17:47.609] [INFO] default - ConcertController {/api/v1/concert}:
[2025-02-15T23:17:47.609] [INFO] default - Mapped {/api/v1/concert/concerts/upcoming, GET} route
[2025-02-15T23:17:47.609] [INFO] default - Mapped {/api/v1/concert/concerts, POST} route
[2025-02-15T23:17:47.609] [INFO] default - Mapped {/api/v1/concert/concerts/bulkCreate, POST} route
[2025-02-15T23:17:47.610] [INFO] default - Nest application successfully started
[2025-02-15T23:17:54.137] [INFO] log-aspect - Logging started: findUpcomingConcerts
[2025-02-15T23:17:54.158] [ERROR] concert-service - TypeError: showTimes is not iterable
[2025-02-15T23:17:54.160] [ERROR] log-aspect - Logging finished: findUpcomingConcerts failed after 21ms with error: TypeError: showTimes is not iterable
    at ConcertService.findUpcomingConcerts (/Users/nhannguyen/Documents/ITProject/opera-house-backend/concert-service/src/service/impl/concert.service.impl.ts:220:32)
    at process.processTicksAndRejections (node:internal/process/task_queues:105:5)
    at async ConcertController.findUpcomingConcerts (/Users/nhannguyen/Documents/ITProject/opera-house-backend/concert-service/src/controller/concert.controller.ts:27:22).
[2025-02-15T23:19:12.513] [INFO] default - Starting Nest application...
[2025-02-15T23:19:12.711] [INFO] default - App successfully configured Logger
[2025-02-15T23:19:12.711] [INFO] default - App successfully configured Filters
[2025-02-15T23:19:12.711] [INFO] default - App successfully configured Interceptors
[2025-02-15T23:19:12.711] [INFO] default - Nest app started with port [8092]
[2025-02-15T23:19:12.714] [INFO] default - AppController {/}:
[2025-02-15T23:19:12.714] [INFO] default - Mapped {/, GET} route
[2025-02-15T23:19:12.715] [INFO] default - CategoryController {/api/v1/concert}:
[2025-02-15T23:19:12.715] [INFO] default - Mapped {/api/v1/concert/categories, GET} route
[2025-02-15T23:19:12.715] [INFO] default - Mapped {/api/v1/concert/categories/:categoryId, GET} route
[2025-02-15T23:19:12.715] [INFO] default - Mapped {/api/v1/concert/categories, POST} route
[2025-02-15T23:19:12.715] [INFO] default - ConcertController {/api/v1/concert}:
[2025-02-15T23:19:12.715] [INFO] default - Mapped {/api/v1/concert/concerts/upcoming, GET} route
[2025-02-15T23:19:12.716] [INFO] default - Mapped {/api/v1/concert/concerts, POST} route
[2025-02-15T23:19:12.716] [INFO] default - Mapped {/api/v1/concert/concerts/bulkCreate, POST} route
[2025-02-15T23:19:12.717] [INFO] default - Nest application successfully started
[2025-02-15T23:19:46.702] [INFO] log-aspect - Logging started: findUpcomingConcerts
[2025-02-15T23:19:46.749] [ERROR] concert-service - TypeError: showTimes is not iterable
[2025-02-15T23:19:46.751] [ERROR] log-aspect - Logging finished: findUpcomingConcerts failed after 48ms with error: TypeError: showTimes is not iterable
    at ConcertService.findUpcomingConcerts (/Users/nhannguyen/Documents/ITProject/opera-house-backend/concert-service/src/service/impl/concert.service.impl.ts:221:32)
    at process.processTicksAndRejections (node:internal/process/task_queues:105:5)
    at async ConcertController.findUpcomingConcerts (/Users/nhannguyen/Documents/ITProject/opera-house-backend/concert-service/src/controller/concert.controller.ts:27:22).
[2025-02-15T23:20:46.894] [INFO] default - Starting Nest application...
[2025-02-15T23:20:47.086] [INFO] default - App successfully configured Logger
[2025-02-15T23:20:47.086] [INFO] default - App successfully configured Filters
[2025-02-15T23:20:47.086] [INFO] default - App successfully configured Interceptors
[2025-02-15T23:20:47.086] [INFO] default - Nest app started with port [8092]
[2025-02-15T23:20:47.089] [INFO] default - AppController {/}:
[2025-02-15T23:20:47.090] [INFO] default - Mapped {/, GET} route
[2025-02-15T23:20:47.090] [INFO] default - CategoryController {/api/v1/concert}:
[2025-02-15T23:20:47.090] [INFO] default - Mapped {/api/v1/concert/categories, GET} route
[2025-02-15T23:20:47.090] [INFO] default - Mapped {/api/v1/concert/categories/:categoryId, GET} route
[2025-02-15T23:20:47.090] [INFO] default - Mapped {/api/v1/concert/categories, POST} route
[2025-02-15T23:20:47.090] [INFO] default - ConcertController {/api/v1/concert}:
[2025-02-15T23:20:47.091] [INFO] default - Mapped {/api/v1/concert/concerts/upcoming, GET} route
[2025-02-15T23:20:47.091] [INFO] default - Mapped {/api/v1/concert/concerts, POST} route
[2025-02-15T23:20:47.091] [INFO] default - Mapped {/api/v1/concert/concerts/bulkCreate, POST} route
[2025-02-15T23:20:47.092] [INFO] default - Nest application successfully started
[2025-02-15T23:20:50.120] [INFO] log-aspect - Logging started: findUpcomingConcerts
[2025-02-15T23:20:50.140] [ERROR] concert-service - TypeError: showTimes is not iterable
[2025-02-15T23:20:50.145] [ERROR] log-aspect - Logging finished: findUpcomingConcerts failed after 21ms with error: TypeError: showTimes is not iterable
    at ConcertService.findUpcomingConcerts (/Users/nhannguyen/Documents/ITProject/opera-house-backend/concert-service/src/service/impl/concert.service.impl.ts:222:32)
    at process.processTicksAndRejections (node:internal/process/task_queues:105:5)
    at async ConcertController.findUpcomingConcerts (/Users/nhannguyen/Documents/ITProject/opera-house-backend/concert-service/src/controller/concert.controller.ts:27:22).
[2025-02-15T23:22:24.167] [INFO] default - Starting Nest application...
[2025-02-15T23:22:24.358] [INFO] default - App successfully configured Logger
[2025-02-15T23:22:24.358] [INFO] default - App successfully configured Filters
[2025-02-15T23:22:24.358] [INFO] default - App successfully configured Interceptors
[2025-02-15T23:22:24.358] [INFO] default - Nest app started with port [8092]
[2025-02-15T23:22:24.360] [INFO] default - AppController {/}:
[2025-02-15T23:22:24.361] [INFO] default - Mapped {/, GET} route
[2025-02-15T23:22:24.361] [INFO] default - CategoryController {/api/v1/concert}:
[2025-02-15T23:22:24.361] [INFO] default - Mapped {/api/v1/concert/categories, GET} route
[2025-02-15T23:22:24.361] [INFO] default - Mapped {/api/v1/concert/categories/:categoryId, GET} route
[2025-02-15T23:22:24.361] [INFO] default - Mapped {/api/v1/concert/categories, POST} route
[2025-02-15T23:22:24.361] [INFO] default - ConcertController {/api/v1/concert}:
[2025-02-15T23:22:24.362] [INFO] default - Mapped {/api/v1/concert/concerts/upcoming, GET} route
[2025-02-15T23:22:24.362] [INFO] default - Mapped {/api/v1/concert/concerts, POST} route
[2025-02-15T23:22:24.362] [INFO] default - Mapped {/api/v1/concert/concerts/bulkCreate, POST} route
[2025-02-15T23:22:24.363] [INFO] default - Nest application successfully started
[2025-02-15T23:22:33.081] [INFO] log-aspect - Logging started: findUpcomingConcerts
[2025-02-15T23:22:33.114] [ERROR] concert-service - TypeError: showTimes is not iterable
[2025-02-15T23:22:33.117] [ERROR] log-aspect - Logging finished: findUpcomingConcerts failed after 33ms with error: TypeError: showTimes is not iterable
    at ConcertService.findUpcomingConcerts (/Users/nhannguyen/Documents/ITProject/opera-house-backend/concert-service/src/service/impl/concert.service.impl.ts:222:32)
    at process.processTicksAndRejections (node:internal/process/task_queues:105:5)
    at async ConcertController.findUpcomingConcerts (/Users/nhannguyen/Documents/ITProject/opera-house-backend/concert-service/src/controller/concert.controller.ts:27:22).
[2025-02-15T23:24:14.069] [INFO] default - Starting Nest application...
[2025-02-15T23:24:14.258] [INFO] default - App successfully configured Logger
[2025-02-15T23:24:14.258] [INFO] default - App successfully configured Filters
[2025-02-15T23:24:14.258] [INFO] default - App successfully configured Interceptors
[2025-02-15T23:24:14.258] [INFO] default - Nest app started with port [8092]
[2025-02-15T23:24:14.260] [INFO] default - AppController {/}:
[2025-02-15T23:24:14.261] [INFO] default - Mapped {/, GET} route
[2025-02-15T23:24:14.261] [INFO] default - CategoryController {/api/v1/concert}:
[2025-02-15T23:24:14.261] [INFO] default - Mapped {/api/v1/concert/categories, GET} route
[2025-02-15T23:24:14.262] [INFO] default - Mapped {/api/v1/concert/categories/:categoryId, GET} route
[2025-02-15T23:24:14.262] [INFO] default - Mapped {/api/v1/concert/categories, POST} route
[2025-02-15T23:24:14.262] [INFO] default - ConcertController {/api/v1/concert}:
[2025-02-15T23:24:14.262] [INFO] default - Mapped {/api/v1/concert/concerts/upcoming, GET} route
[2025-02-15T23:24:14.262] [INFO] default - Mapped {/api/v1/concert/concerts, POST} route
[2025-02-15T23:24:14.262] [INFO] default - Mapped {/api/v1/concert/concerts/bulkCreate, POST} route
[2025-02-15T23:24:14.263] [INFO] default - Nest application successfully started
[2025-02-15T23:24:17.763] [INFO] log-aspect - Logging started: findUpcomingConcerts
[2025-02-15T23:24:17.780] [ERROR] concert-service - TypeError: showTimes is not iterable
[2025-02-15T23:24:17.783] [ERROR] log-aspect - Logging finished: findUpcomingConcerts failed after 18ms with error: TypeError: showTimes is not iterable
    at ConcertService.findUpcomingConcerts (/Users/nhannguyen/Documents/ITProject/opera-house-backend/concert-service/src/service/impl/concert.service.impl.ts:222:32)
    at process.processTicksAndRejections (node:internal/process/task_queues:105:5)
    at async ConcertController.findUpcomingConcerts (/Users/nhannguyen/Documents/ITProject/opera-house-backend/concert-service/src/controller/concert.controller.ts:27:22).
[2025-02-15T23:31:19.976] [INFO] default - Starting Nest application...
[2025-02-15T23:31:20.188] [INFO] default - App successfully configured Logger
[2025-02-15T23:31:20.188] [INFO] default - App successfully configured Filters
[2025-02-15T23:31:20.188] [INFO] default - App successfully configured Interceptors
[2025-02-15T23:31:20.188] [INFO] default - Nest app started with port [8092]
[2025-02-15T23:31:20.191] [INFO] default - AppController {/}:
[2025-02-15T23:31:20.192] [INFO] default - Mapped {/, GET} route
[2025-02-15T23:31:20.192] [INFO] default - CategoryController {/api/v1/concert}:
[2025-02-15T23:31:20.192] [INFO] default - Mapped {/api/v1/concert/categories, GET} route
[2025-02-15T23:31:20.192] [INFO] default - Mapped {/api/v1/concert/categories/:categoryId, GET} route
[2025-02-15T23:31:20.193] [INFO] default - Mapped {/api/v1/concert/categories, POST} route
[2025-02-15T23:31:20.193] [INFO] default - ConcertController {/api/v1/concert}:
[2025-02-15T23:31:20.193] [INFO] default - Mapped {/api/v1/concert/concerts/upcoming, GET} route
[2025-02-15T23:31:20.193] [INFO] default - Mapped {/api/v1/concert/concerts, POST} route
[2025-02-15T23:31:20.193] [INFO] default - Mapped {/api/v1/concert/concerts/bulkCreate, POST} route
[2025-02-15T23:31:20.195] [INFO] default - Nest application successfully started
[2025-02-15T23:31:23.473] [INFO] log-aspect - Logging started: findUpcomingConcerts
[2025-02-15T23:31:23.502] [INFO] log-aspect - Logging finished: findUpcomingConcerts finished in 29ms
[2025-02-15T23:46:31.726] [INFO] default - Starting Nest application...
[2025-02-15T23:46:31.918] [INFO] default - App successfully configured Logger
[2025-02-15T23:46:31.918] [INFO] default - App successfully configured Filters
[2025-02-15T23:46:31.918] [INFO] default - App successfully configured Interceptors
[2025-02-15T23:46:31.918] [INFO] default - Nest app started with port [8092]
[2025-02-15T23:46:31.921] [INFO] default - AppController {/}:
[2025-02-15T23:46:31.922] [INFO] default - Mapped {/, GET} route
[2025-02-15T23:46:31.922] [INFO] default - CategoryController {/api/v1/concert}:
[2025-02-15T23:46:31.922] [INFO] default - Mapped {/api/v1/concert/categories, GET} route
[2025-02-15T23:46:31.922] [INFO] default - Mapped {/api/v1/concert/categories/:categoryId, GET} route
[2025-02-15T23:46:31.922] [INFO] default - Mapped {/api/v1/concert/categories, POST} route
[2025-02-15T23:46:31.922] [INFO] default - ConcertController {/api/v1/concert}:
[2025-02-15T23:46:31.922] [INFO] default - Mapped {/api/v1/concert/concerts/upcoming, GET} route
[2025-02-15T23:46:31.923] [INFO] default - Mapped {/api/v1/concert/concerts, POST} route
[2025-02-15T23:46:31.923] [INFO] default - Mapped {/api/v1/concert/concerts/bulkCreate, POST} route
[2025-02-15T23:46:31.923] [INFO] default - Nest application successfully started
[2025-02-15T23:46:38.062] [INFO] log-aspect - Logging started: findUpcomingConcerts
[2025-02-15T23:46:38.092] [INFO] log-aspect - Logging finished: findUpcomingConcerts finished in 30ms
[2025-02-16T00:12:34.092] [INFO] default - Starting Nest application...
[2025-02-16T00:12:34.282] [INFO] default - App successfully configured Logger
[2025-02-16T00:12:34.282] [INFO] default - App successfully configured Filters
[2025-02-16T00:12:34.282] [INFO] default - App successfully configured Interceptors
[2025-02-16T00:12:34.282] [INFO] default - Nest app started with port [8092]
[2025-02-16T00:12:34.285] [INFO] default - AppController {/}:
[2025-02-16T00:12:34.286] [INFO] default - Mapped {/, GET} route
[2025-02-16T00:12:34.286] [INFO] default - CategoryController {/api/v1/concert}:
[2025-02-16T00:12:34.286] [INFO] default - Mapped {/api/v1/concert/categories, GET} route
[2025-02-16T00:12:34.286] [INFO] default - Mapped {/api/v1/concert/categories/:categoryId, GET} route
[2025-02-16T00:12:34.286] [INFO] default - Mapped {/api/v1/concert/categories, POST} route
[2025-02-16T00:12:34.286] [INFO] default - ConcertController {/api/v1/concert}:
[2025-02-16T00:12:34.287] [INFO] default - Mapped {/api/v1/concert/concerts/upcoming, GET} route
[2025-02-16T00:12:34.287] [INFO] default - Mapped {/api/v1/concert/concerts, GET} route
[2025-02-16T00:12:34.287] [INFO] default - Mapped {/api/v1/concert/concerts, POST} route
[2025-02-16T00:12:34.287] [INFO] default - Mapped {/api/v1/concert/concerts/bulkCreate, POST} route
[2025-02-16T00:12:34.288] [INFO] default - Nest application successfully started
[2025-02-16T00:14:00.670] [INFO] log-aspect - Logging started: findConcertsByCategories
[2025-02-16T00:14:00.692] [ERROR] log-aspect - Logging finished: findConcertsByCategories failed after 12ms with error: Error: Invalid value { categoryId: '892c765d-53a7-4084-b0da-1ad9df98ecae' }
    at Object.escape (/Users/nhannguyen/Documents/ITProject/opera-house-backend/concert-service/node_modules/sequelize/src/sql-string.js:67:11)
    at PostgresQueryGenerator.escape (/Users/nhannguyen/Documents/ITProject/opera-house-backend/concert-service/node_modules/sequelize/src/dialects/abstract/query-generator.js:1128:22)
    at PostgresQueryGenerator._whereParseSingleValueObject (/Users/nhannguyen/Documents/ITProject/opera-house-backend/concert-service/node_modules/sequelize/src/dialects/abstract/query-generator.js:2839:41)
    at PostgresQueryGenerator.whereItemQuery (/Users/nhannguyen/Documents/ITProject/opera-house-backend/concert-service/node_modules/sequelize/src/dialects/abstract/query-generator.js:2541:19)
    at <anonymous> (/Users/nhannguyen/Documents/ITProject/opera-house-backend/concert-service/node_modules/sequelize/src/dialects/abstract/query-generator.js:2440:25)
    at Array.forEach (<anonymous>)
    at PostgresQueryGenerator.whereItemsQuery (/Users/nhannguyen/Documents/ITProject/opera-house-backend/concert-service/node_modules/sequelize/src/dialects/abstract/query-generator.js:2438:35)
    at PostgresQueryGenerator.getWhereConditions (/Users/nhannguyen/Documents/ITProject/opera-house-backend/concert-service/node_modules/sequelize/src/dialects/abstract/query-generator.js:2866:19)
    at PostgresQueryGenerator.generateThroughJoin (/Users/nhannguyen/Documents/ITProject/opera-house-backend/concert-service/node_modules/sequelize/src/dialects/abstract/query-generator.js:2044:28)
    at PostgresQueryGenerator.generateInclude (/Users/nhannguyen/Documents/ITProject/opera-house-backend/concert-service/node_modules/sequelize/src/dialects/abstract/query-generator.js:1711:24).
[2025-02-16T00:14:59.228] [INFO] default - Starting Nest application...
[2025-02-16T00:14:59.586] [INFO] default - App successfully configured Logger
[2025-02-16T00:14:59.586] [INFO] default - App successfully configured Filters
[2025-02-16T00:14:59.586] [INFO] default - App successfully configured Interceptors
[2025-02-16T00:14:59.586] [INFO] default - Nest app started with port [8092]
[2025-02-16T00:14:59.589] [INFO] default - AppController {/}:
[2025-02-16T00:14:59.592] [INFO] default - Mapped {/, GET} route
[2025-02-16T00:14:59.593] [INFO] default - CategoryController {/api/v1/concert}:
[2025-02-16T00:14:59.594] [INFO] default - Mapped {/api/v1/concert/categories, GET} route
[2025-02-16T00:14:59.594] [INFO] default - Mapped {/api/v1/concert/categories/:categoryId, GET} route
[2025-02-16T00:14:59.595] [INFO] default - Mapped {/api/v1/concert/categories, POST} route
[2025-02-16T00:14:59.595] [INFO] default - ConcertController {/api/v1/concert}:
[2025-02-16T00:14:59.599] [INFO] default - Mapped {/api/v1/concert/concerts/upcoming, GET} route
[2025-02-16T00:14:59.599] [INFO] default - Mapped {/api/v1/concert/concerts, GET} route
[2025-02-16T00:14:59.599] [INFO] default - Mapped {/api/v1/concert/concerts, POST} route
[2025-02-16T00:14:59.599] [INFO] default - Mapped {/api/v1/concert/concerts/bulkCreate, POST} route
[2025-02-16T00:14:59.600] [INFO] default - Nest application successfully started
[2025-02-16T00:15:43.241] [INFO] log-aspect - Logging started: findConcertsByCategories
[2025-02-16T00:15:43.302] [INFO] log-aspect - Logging finished: findConcertsByCategories finished in 61ms
[2025-02-16T00:29:54.688] [INFO] default - Starting Nest application...
[2025-02-16T00:29:54.912] [INFO] default - App successfully configured Logger
[2025-02-16T00:29:54.913] [INFO] default - App successfully configured Filters
[2025-02-16T00:29:54.913] [INFO] default - App successfully configured Interceptors
[2025-02-16T00:29:54.913] [INFO] default - Nest app started with port [8092]
[2025-02-16T00:29:54.915] [INFO] default - AppController {/}:
[2025-02-16T00:29:54.916] [INFO] default - Mapped {/, GET} route
[2025-02-16T00:29:54.916] [INFO] default - CategoryController {/api/v1/concert}:
[2025-02-16T00:29:54.916] [INFO] default - Mapped {/api/v1/concert/categories, GET} route
[2025-02-16T00:29:54.916] [INFO] default - Mapped {/api/v1/concert/categories/:categoryId, GET} route
[2025-02-16T00:29:54.917] [INFO] default - Mapped {/api/v1/concert/categories, POST} route
[2025-02-16T00:29:54.917] [INFO] default - ConcertController {/api/v1/concert}:
[2025-02-16T00:29:54.917] [INFO] default - Mapped {/api/v1/concert/concerts/upcoming, GET} route
[2025-02-16T00:29:54.917] [INFO] default - Mapped {/api/v1/concert/concerts, GET} route
[2025-02-16T00:29:54.917] [INFO] default - Mapped {/api/v1/concert/concerts, POST} route
[2025-02-16T00:29:54.917] [INFO] default - Mapped {/api/v1/concert/concerts/bulkCreate, POST} route
[2025-02-16T00:29:54.918] [INFO] default - Nest application successfully started
[2025-02-16T00:30:00.566] [INFO] log-aspect - Logging started: findConcertsByCategories
[2025-02-16T00:30:00.600] [ERROR] log-aspect - Logging finished: findConcertsByCategories failed after 31ms with error: TypeError: showTimes is not iterable
    at ConcertMapper.toDto (/Users/nhannguyen/Documents/ITProject/opera-house-backend/concert-service/src/mapper/impl/concert.mapper.impl.ts:22:28)
    at ConcertService.findByCategoryId (/Users/nhannguyen/Documents/ITProject/opera-house-backend/concert-service/src/service/impl/concert.service.impl.ts:227:45)
    at process.processTicksAndRejections (node:internal/process/task_queues:105:5)
    at async ConcertController.findConcertsByCategories (/Users/nhannguyen/Documents/ITProject/opera-house-backend/concert-service/src/controller/concert.controller.ts:43:20).
[2025-02-16T00:31:17.852] [INFO] default - Starting Nest application...
[2025-02-16T00:31:18.052] [INFO] default - App successfully configured Logger
[2025-02-16T00:31:18.052] [INFO] default - App successfully configured Filters
[2025-02-16T00:31:18.052] [INFO] default - App successfully configured Interceptors
[2025-02-16T00:31:18.052] [INFO] default - Nest app started with port [8092]
[2025-02-16T00:31:18.054] [INFO] default - AppController {/}:
[2025-02-16T00:31:18.055] [INFO] default - Mapped {/, GET} route
[2025-02-16T00:31:18.055] [INFO] default - CategoryController {/api/v1/concert}:
[2025-02-16T00:31:18.056] [INFO] default - Mapped {/api/v1/concert/categories, GET} route
[2025-02-16T00:31:18.056] [INFO] default - Mapped {/api/v1/concert/categories/:categoryId, GET} route
[2025-02-16T00:31:18.056] [INFO] default - Mapped {/api/v1/concert/categories, POST} route
[2025-02-16T00:31:18.056] [INFO] default - ConcertController {/api/v1/concert}:
[2025-02-16T00:31:18.056] [INFO] default - Mapped {/api/v1/concert/concerts/upcoming, GET} route
[2025-02-16T00:31:18.056] [INFO] default - Mapped {/api/v1/concert/concerts, GET} route
[2025-02-16T00:31:18.056] [INFO] default - Mapped {/api/v1/concert/concerts, POST} route
[2025-02-16T00:31:18.057] [INFO] default - Mapped {/api/v1/concert/concerts/bulkCreate, POST} route
[2025-02-16T00:31:18.057] [INFO] default - Nest application successfully started
[2025-02-16T00:31:20.539] [INFO] log-aspect - Logging started: findConcertsByCategories
[2025-02-16T00:31:20.563] [INFO] log-aspect - Logging finished: findConcertsByCategories finished in 24ms
[2025-02-16T00:36:59.999] [INFO] default - Starting Nest application...
[2025-02-16T00:37:00.223] [INFO] default - App successfully configured Logger
[2025-02-16T00:37:00.223] [INFO] default - App successfully configured Filters
[2025-02-16T00:37:00.223] [INFO] default - App successfully configured Interceptors
[2025-02-16T00:37:00.223] [INFO] default - Nest app started with port [8092]
[2025-02-16T00:37:00.225] [INFO] default - AppController {/}:
[2025-02-16T00:37:00.226] [INFO] default - Mapped {/, GET} route
[2025-02-16T00:37:00.226] [INFO] default - CategoryController {/api/v1/concert}:
[2025-02-16T00:37:00.226] [INFO] default - Mapped {/api/v1/concert/categories, GET} route
[2025-02-16T00:37:00.226] [INFO] default - Mapped {/api/v1/concert/categories/:categoryId, GET} route
[2025-02-16T00:37:00.227] [INFO] default - Mapped {/api/v1/concert/categories, POST} route
[2025-02-16T00:37:00.227] [INFO] default - ConcertController {/api/v1/concert}:
[2025-02-16T00:37:00.227] [INFO] default - Mapped {/api/v1/concert/concerts/upcoming, GET} route
[2025-02-16T00:37:00.227] [INFO] default - Mapped {/api/v1/concert/concerts, GET} route
[2025-02-16T00:37:00.227] [INFO] default - Mapped {/api/v1/concert/concerts, POST} route
[2025-02-16T00:37:00.227] [INFO] default - Mapped {/api/v1/concert/concerts/bulkCreate, POST} route
[2025-02-16T00:37:00.228] [INFO] default - Nest application successfully started
[2025-02-16T00:37:03.559] [INFO] log-aspect - Logging started: create
[2025-02-16T00:37:03.566] [INFO] concert-service - Start create operation...
[2025-02-16T00:37:03.582] [INFO] concert-service - Set categories of concert
[2025-02-16T00:37:03.582] [INFO] concert-service - Set images of concert
[2025-02-16T00:37:03.592] [ERROR] concert-service - Error: Conflict
[2025-02-16T00:37:03.594] [ERROR] log-aspect - Logging finished: create failed after 34ms with error: Error: Conflict
    at ConcertService.create (/Users/nhannguyen/Documents/ITProject/opera-house-backend/concert-service/src/service/impl/concert.service.impl.ts:104:15)
    at process.processTicksAndRejections (node:internal/process/task_queues:105:5)
    at async ConcertController.create (/Users/nhannguyen/Documents/ITProject/opera-house-backend/concert-service/src/controller/concert.controller.ts:56:21).
[2025-02-16T00:37:10.021] [INFO] log-aspect - Logging started: findConcertsByCategories
[2025-02-16T00:37:10.044] [ERROR] log-aspect - Logging finished: findConcertsByCategories failed after 10ms with error: TypeError: Cannot read properties of undefined (reading 'getTableName')
    at PostgresQueryGenerator.generateThroughJoin (/Users/nhannguyen/Documents/ITProject/opera-house-backend/concert-service/node_modules/sequelize/src/dialects/abstract/query-generator.js:1955:40)
    at PostgresQueryGenerator.generateInclude (/Users/nhannguyen/Documents/ITProject/opera-house-backend/concert-service/node_modules/sequelize/src/dialects/abstract/query-generator.js:1711:24)
    at PostgresQueryGenerator.selectQuery (/Users/nhannguyen/Documents/ITProject/opera-house-backend/concert-service/node_modules/sequelize/src/dialects/abstract/query-generator.js:1328:34)
    at PostgresQueryInterface.rawSelect (/Users/nhannguyen/Documents/ITProject/opera-house-backend/concert-service/node_modules/sequelize/src/dialects/abstract/query-interface.js:1037:37)
    at Function.aggregate (/Users/nhannguyen/Documents/ITProject/opera-house-backend/concert-service/node_modules/sequelize/src/model.js:2067:45)
    at Model.<computed> (/Users/nhannguyen/Documents/ITProject/opera-house-backend/concert-service/node_modules/sequelize-typescript/dist/model/model/model.js:128:28)
    at Model.<computed> [as aggregate] (/Users/nhannguyen/Documents/ITProject/opera-house-backend/concert-service/node_modules/sequelize-typescript/dist/model/model/model.js:138:28)
    at Function.count (/Users/nhannguyen/Documents/ITProject/opera-house-backend/concert-service/node_modules/sequelize/src/model.js:2124:31)
    at process.processTicksAndRejections (node:internal/process/task_queues:105:5)
    at async Promise.all (index 0).
[2025-02-16T00:39:11.634] [INFO] default - Starting Nest application...
[2025-02-16T00:39:11.834] [INFO] default - App successfully configured Logger
[2025-02-16T00:39:11.835] [INFO] default - App successfully configured Filters
[2025-02-16T00:39:11.835] [INFO] default - App successfully configured Interceptors
[2025-02-16T00:39:11.835] [INFO] default - Nest app started with port [8092]
[2025-02-16T00:39:11.837] [INFO] default - AppController {/}:
[2025-02-16T00:39:11.838] [INFO] default - Mapped {/, GET} route
[2025-02-16T00:39:11.838] [INFO] default - CategoryController {/api/v1/concert}:
[2025-02-16T00:39:11.838] [INFO] default - Mapped {/api/v1/concert/categories, GET} route
[2025-02-16T00:39:11.838] [INFO] default - Mapped {/api/v1/concert/categories/:categoryId, GET} route
[2025-02-16T00:39:11.839] [INFO] default - Mapped {/api/v1/concert/categories, POST} route
[2025-02-16T00:39:11.839] [INFO] default - ConcertController {/api/v1/concert}:
[2025-02-16T00:39:11.839] [INFO] default - Mapped {/api/v1/concert/concerts/upcoming, GET} route
[2025-02-16T00:39:11.839] [INFO] default - Mapped {/api/v1/concert/concerts, GET} route
[2025-02-16T00:39:11.839] [INFO] default - Mapped {/api/v1/concert/concerts, POST} route
[2025-02-16T00:39:11.839] [INFO] default - Mapped {/api/v1/concert/concerts/bulkCreate, POST} route
[2025-02-16T00:39:11.840] [INFO] default - Nest application successfully started
[2025-02-16T00:39:15.764] [INFO] log-aspect - Logging started: findConcertsByCategories
[2025-02-16T00:39:15.785] [ERROR] log-aspect - Logging finished: findConcertsByCategories failed after 12ms with error: TypeError: Cannot read properties of undefined (reading 'getTableName')
    at PostgresQueryGenerator.generateThroughJoin (/Users/nhannguyen/Documents/ITProject/opera-house-backend/concert-service/node_modules/sequelize/src/dialects/abstract/query-generator.js:1955:40)
    at PostgresQueryGenerator.generateInclude (/Users/nhannguyen/Documents/ITProject/opera-house-backend/concert-service/node_modules/sequelize/src/dialects/abstract/query-generator.js:1711:24)
    at PostgresQueryGenerator.selectQuery (/Users/nhannguyen/Documents/ITProject/opera-house-backend/concert-service/node_modules/sequelize/src/dialects/abstract/query-generator.js:1328:34)
    at PostgresQueryInterface.rawSelect (/Users/nhannguyen/Documents/ITProject/opera-house-backend/concert-service/node_modules/sequelize/src/dialects/abstract/query-interface.js:1037:37)
    at Function.aggregate (/Users/nhannguyen/Documents/ITProject/opera-house-backend/concert-service/node_modules/sequelize/src/model.js:2067:45)
    at Model.<computed> (/Users/nhannguyen/Documents/ITProject/opera-house-backend/concert-service/node_modules/sequelize-typescript/dist/model/model/model.js:128:28)
    at Model.<computed> [as aggregate] (/Users/nhannguyen/Documents/ITProject/opera-house-backend/concert-service/node_modules/sequelize-typescript/dist/model/model/model.js:138:28)
    at Function.count (/Users/nhannguyen/Documents/ITProject/opera-house-backend/concert-service/node_modules/sequelize/src/model.js:2124:31)
    at process.processTicksAndRejections (node:internal/process/task_queues:105:5)
    at async Promise.all (index 0).
[2025-02-16T00:40:53.033] [INFO] default - Starting Nest application...
[2025-02-16T00:40:53.244] [INFO] default - App successfully configured Logger
[2025-02-16T00:40:53.244] [INFO] default - App successfully configured Filters
[2025-02-16T00:40:53.244] [INFO] default - App successfully configured Interceptors
[2025-02-16T00:40:53.244] [INFO] default - Nest app started with port [8092]
[2025-02-16T00:40:53.247] [INFO] default - AppController {/}:
[2025-02-16T00:40:53.248] [INFO] default - Mapped {/, GET} route
[2025-02-16T00:40:53.248] [INFO] default - CategoryController {/api/v1/concert}:
[2025-02-16T00:40:53.249] [INFO] default - Mapped {/api/v1/concert/categories, GET} route
[2025-02-16T00:40:53.250] [INFO] default - Mapped {/api/v1/concert/categories/:categoryId, GET} route
[2025-02-16T00:40:53.250] [INFO] default - Mapped {/api/v1/concert/categories, POST} route
[2025-02-16T00:40:53.250] [INFO] default - ConcertController {/api/v1/concert}:
[2025-02-16T00:40:53.250] [INFO] default - Mapped {/api/v1/concert/concerts/upcoming, GET} route
[2025-02-16T00:40:53.251] [INFO] default - Mapped {/api/v1/concert/concerts, GET} route
[2025-02-16T00:40:53.251] [INFO] default - Mapped {/api/v1/concert/concerts, POST} route
[2025-02-16T00:40:53.251] [INFO] default - Mapped {/api/v1/concert/concerts/bulkCreate, POST} route
[2025-02-16T00:40:53.252] [INFO] default - Nest application successfully started
[2025-02-16T00:40:56.274] [INFO] log-aspect - Logging started: findConcertsByCategories
[2025-02-16T00:40:56.292] [ERROR] log-aspect - Logging finished: findConcertsByCategories failed after 9ms with error: TypeError: Cannot read properties of undefined (reading 'getTableName')
    at PostgresQueryGenerator.generateThroughJoin (/Users/nhannguyen/Documents/ITProject/opera-house-backend/concert-service/node_modules/sequelize/src/dialects/abstract/query-generator.js:1955:40)
    at PostgresQueryGenerator.generateInclude (/Users/nhannguyen/Documents/ITProject/opera-house-backend/concert-service/node_modules/sequelize/src/dialects/abstract/query-generator.js:1711:24)
    at PostgresQueryGenerator.selectQuery (/Users/nhannguyen/Documents/ITProject/opera-house-backend/concert-service/node_modules/sequelize/src/dialects/abstract/query-generator.js:1328:34)
    at PostgresQueryInterface.rawSelect (/Users/nhannguyen/Documents/ITProject/opera-house-backend/concert-service/node_modules/sequelize/src/dialects/abstract/query-interface.js:1037:37)
    at Function.aggregate (/Users/nhannguyen/Documents/ITProject/opera-house-backend/concert-service/node_modules/sequelize/src/model.js:2067:45)
    at Model.<computed> (/Users/nhannguyen/Documents/ITProject/opera-house-backend/concert-service/node_modules/sequelize-typescript/dist/model/model/model.js:128:28)
    at Model.<computed> [as aggregate] (/Users/nhannguyen/Documents/ITProject/opera-house-backend/concert-service/node_modules/sequelize-typescript/dist/model/model/model.js:138:28)
    at Function.count (/Users/nhannguyen/Documents/ITProject/opera-house-backend/concert-service/node_modules/sequelize/src/model.js:2124:31)
    at process.processTicksAndRejections (node:internal/process/task_queues:105:5)
    at async Promise.all (index 0).
[2025-02-16T00:42:52.986] [INFO] default - Starting Nest application...
[2025-02-16T00:42:53.186] [INFO] default - App successfully configured Logger
[2025-02-16T00:42:53.186] [INFO] default - App successfully configured Filters
[2025-02-16T00:42:53.186] [INFO] default - App successfully configured Interceptors
[2025-02-16T00:42:53.186] [INFO] default - Nest app started with port [8092]
[2025-02-16T00:42:53.188] [INFO] default - AppController {/}:
[2025-02-16T00:42:53.189] [INFO] default - Mapped {/, GET} route
[2025-02-16T00:42:53.189] [INFO] default - CategoryController {/api/v1/concert}:
[2025-02-16T00:42:53.189] [INFO] default - Mapped {/api/v1/concert/categories, GET} route
[2025-02-16T00:42:53.190] [INFO] default - Mapped {/api/v1/concert/categories/:categoryId, GET} route
[2025-02-16T00:42:53.190] [INFO] default - Mapped {/api/v1/concert/categories, POST} route
[2025-02-16T00:42:53.190] [INFO] default - ConcertController {/api/v1/concert}:
[2025-02-16T00:42:53.190] [INFO] default - Mapped {/api/v1/concert/concerts/upcoming, GET} route
[2025-02-16T00:42:53.190] [INFO] default - Mapped {/api/v1/concert/concerts, GET} route
[2025-02-16T00:42:53.190] [INFO] default - Mapped {/api/v1/concert/concerts, POST} route
[2025-02-16T00:42:53.190] [INFO] default - Mapped {/api/v1/concert/concerts/bulkCreate, POST} route
[2025-02-16T00:42:53.191] [INFO] default - Nest application successfully started
[2025-02-16T00:42:57.321] [INFO] log-aspect - Logging started: findConcertsByCategories
[2025-02-16T00:42:57.349] [INFO] log-aspect - Logging finished: findConcertsByCategories finished in 28ms
[2025-02-16T00:46:37.306] [INFO] default - Starting Nest application...
[2025-02-16T00:46:37.495] [INFO] default - App successfully configured Logger
[2025-02-16T00:46:37.495] [INFO] default - App successfully configured Filters
[2025-02-16T00:46:37.495] [INFO] default - App successfully configured Interceptors
[2025-02-16T00:46:37.495] [INFO] default - Nest app started with port [8092]
[2025-02-16T00:46:37.497] [INFO] default - AppController {/}:
[2025-02-16T00:46:37.498] [INFO] default - Mapped {/, GET} route
[2025-02-16T00:46:37.498] [INFO] default - CategoryController {/api/v1/concert}:
[2025-02-16T00:46:37.498] [INFO] default - Mapped {/api/v1/concert/categories, GET} route
[2025-02-16T00:46:37.499] [INFO] default - Mapped {/api/v1/concert/categories/:categoryId, GET} route
[2025-02-16T00:46:37.499] [INFO] default - Mapped {/api/v1/concert/categories, POST} route
[2025-02-16T00:46:37.499] [INFO] default - ConcertController {/api/v1/concert}:
[2025-02-16T00:46:37.499] [INFO] default - Mapped {/api/v1/concert/concerts/upcoming, GET} route
[2025-02-16T00:46:37.499] [INFO] default - Mapped {/api/v1/concert/concerts, GET} route
[2025-02-16T00:46:37.499] [INFO] default - Mapped {/api/v1/concert/concerts, POST} route
[2025-02-16T00:46:37.499] [INFO] default - Mapped {/api/v1/concert/concerts/bulkCreate, POST} route
[2025-02-16T00:46:37.500] [INFO] default - Nest application successfully started
[2025-02-16T00:46:41.495] [INFO] log-aspect - Logging started: findConcertsByCategories
[2025-02-16T00:46:41.523] [ERROR] log-aspect - Logging finished: findConcertsByCategories failed after 26ms with error: TypeError: (0 , moment_timezone_1.default) is not a function
    at ConcertMapper.toDto (/Users/nhannguyen/Documents/ITProject/opera-house-backend/concert-service/src/mapper/impl/concert.mapper.impl.ts:38:39)
    at ConcertService.findByCategoryId (/Users/nhannguyen/Documents/ITProject/opera-house-backend/concert-service/src/service/impl/concert.service.impl.ts:227:45)
    at process.processTicksAndRejections (node:internal/process/task_queues:105:5)
    at async ConcertController.findConcertsByCategories (/Users/nhannguyen/Documents/ITProject/opera-house-backend/concert-service/src/controller/concert.controller.ts:43:20).
[2025-02-16T00:47:04.600] [INFO] default - Starting Nest application...
[2025-02-16T00:47:04.777] [INFO] default - App successfully configured Logger
[2025-02-16T00:47:04.777] [INFO] default - App successfully configured Filters
[2025-02-16T00:47:04.777] [INFO] default - App successfully configured Interceptors
[2025-02-16T00:47:04.777] [INFO] default - Nest app started with port [8092]
[2025-02-16T00:47:04.780] [INFO] default - AppController {/}:
[2025-02-16T00:47:04.781] [INFO] default - Mapped {/, GET} route
[2025-02-16T00:47:04.781] [INFO] default - CategoryController {/api/v1/concert}:
[2025-02-16T00:47:04.781] [INFO] default - Mapped {/api/v1/concert/categories, GET} route
[2025-02-16T00:47:04.781] [INFO] default - Mapped {/api/v1/concert/categories/:categoryId, GET} route
[2025-02-16T00:47:04.781] [INFO] default - Mapped {/api/v1/concert/categories, POST} route
[2025-02-16T00:47:04.781] [INFO] default - ConcertController {/api/v1/concert}:
[2025-02-16T00:47:04.781] [INFO] default - Mapped {/api/v1/concert/concerts/upcoming, GET} route
[2025-02-16T00:47:04.781] [INFO] default - Mapped {/api/v1/concert/concerts, GET} route
[2025-02-16T00:47:04.782] [INFO] default - Mapped {/api/v1/concert/concerts, POST} route
[2025-02-16T00:47:04.782] [INFO] default - Mapped {/api/v1/concert/concerts/bulkCreate, POST} route
[2025-02-16T00:47:04.783] [INFO] default - Nest application successfully started
[2025-02-16T00:47:08.157] [INFO] log-aspect - Logging started: findConcertsByCategories
[2025-02-16T00:47:08.183] [INFO] log-aspect - Logging finished: findConcertsByCategories finished in 26ms
[2025-02-16T00:48:05.344] [INFO] default - Starting Nest application...
[2025-02-16T00:48:05.558] [INFO] default - App successfully configured Logger
[2025-02-16T00:48:05.558] [INFO] default - App successfully configured Filters
[2025-02-16T00:48:05.559] [INFO] default - App successfully configured Interceptors
[2025-02-16T00:48:05.559] [INFO] default - Nest app started with port [8092]
[2025-02-16T00:48:05.561] [INFO] default - AppController {/}:
[2025-02-16T00:48:05.562] [INFO] default - Mapped {/, GET} route
[2025-02-16T00:48:05.562] [INFO] default - CategoryController {/api/v1/concert}:
[2025-02-16T00:48:05.562] [INFO] default - Mapped {/api/v1/concert/categories, GET} route
[2025-02-16T00:48:05.562] [INFO] default - Mapped {/api/v1/concert/categories/:categoryId, GET} route
[2025-02-16T00:48:05.563] [INFO] default - Mapped {/api/v1/concert/categories, POST} route
[2025-02-16T00:48:05.563] [INFO] default - ConcertController {/api/v1/concert}:
[2025-02-16T00:48:05.563] [INFO] default - Mapped {/api/v1/concert/concerts/upcoming, GET} route
[2025-02-16T00:48:05.563] [INFO] default - Mapped {/api/v1/concert/concerts, GET} route
[2025-02-16T00:48:05.563] [INFO] default - Mapped {/api/v1/concert/concerts, POST} route
[2025-02-16T00:48:05.563] [INFO] default - Mapped {/api/v1/concert/concerts/bulkCreate, POST} route
[2025-02-16T00:48:05.564] [INFO] default - Nest application successfully started
[2025-02-16T00:48:09.100] [INFO] log-aspect - Logging started: findConcertsByCategories
[2025-02-16T00:48:09.124] [INFO] log-aspect - Logging finished: findConcertsByCategories finished in 24ms
[2025-02-16T00:48:33.752] [INFO] default - Starting Nest application...
[2025-02-16T00:48:33.944] [INFO] default - App successfully configured Logger
[2025-02-16T00:48:33.944] [INFO] default - App successfully configured Filters
[2025-02-16T00:48:33.944] [INFO] default - App successfully configured Interceptors
[2025-02-16T00:48:33.944] [INFO] default - Nest app started with port [8092]
[2025-02-16T00:48:33.946] [INFO] default - AppController {/}:
[2025-02-16T00:48:33.947] [INFO] default - Mapped {/, GET} route
[2025-02-16T00:48:33.947] [INFO] default - CategoryController {/api/v1/concert}:
[2025-02-16T00:48:33.947] [INFO] default - Mapped {/api/v1/concert/categories, GET} route
[2025-02-16T00:48:33.948] [INFO] default - Mapped {/api/v1/concert/categories/:categoryId, GET} route
[2025-02-16T00:48:33.948] [INFO] default - Mapped {/api/v1/concert/categories, POST} route
[2025-02-16T00:48:33.948] [INFO] default - ConcertController {/api/v1/concert}:
[2025-02-16T00:48:33.948] [INFO] default - Mapped {/api/v1/concert/concerts/upcoming, GET} route
[2025-02-16T00:48:33.948] [INFO] default - Mapped {/api/v1/concert/concerts, GET} route
[2025-02-16T00:48:33.948] [INFO] default - Mapped {/api/v1/concert/concerts, POST} route
[2025-02-16T00:48:33.948] [INFO] default - Mapped {/api/v1/concert/concerts/bulkCreate, POST} route
[2025-02-16T00:48:33.949] [INFO] default - Nest application successfully started
[2025-02-16T00:48:35.668] [INFO] log-aspect - Logging started: findConcertsByCategories
[2025-02-16T00:48:35.696] [INFO] log-aspect - Logging finished: findConcertsByCategories finished in 28ms
[2025-02-16T00:49:13.452] [INFO] default - Starting Nest application...
[2025-02-16T00:49:13.660] [INFO] default - App successfully configured Logger
[2025-02-16T00:49:13.660] [INFO] default - App successfully configured Filters
[2025-02-16T00:49:13.660] [INFO] default - App successfully configured Interceptors
[2025-02-16T00:49:13.660] [INFO] default - Nest app started with port [8092]
[2025-02-16T00:49:13.662] [INFO] default - AppController {/}:
[2025-02-16T00:49:13.663] [INFO] default - Mapped {/, GET} route
[2025-02-16T00:49:13.663] [INFO] default - CategoryController {/api/v1/concert}:
[2025-02-16T00:49:13.663] [INFO] default - Mapped {/api/v1/concert/categories, GET} route
[2025-02-16T00:49:13.663] [INFO] default - Mapped {/api/v1/concert/categories/:categoryId, GET} route
[2025-02-16T00:49:13.664] [INFO] default - Mapped {/api/v1/concert/categories, POST} route
[2025-02-16T00:49:13.664] [INFO] default - ConcertController {/api/v1/concert}:
[2025-02-16T00:49:13.664] [INFO] default - Mapped {/api/v1/concert/concerts/upcoming, GET} route
[2025-02-16T00:49:13.664] [INFO] default - Mapped {/api/v1/concert/concerts, GET} route
[2025-02-16T00:49:13.664] [INFO] default - Mapped {/api/v1/concert/concerts, POST} route
[2025-02-16T00:49:13.664] [INFO] default - Mapped {/api/v1/concert/concerts/bulkCreate, POST} route
[2025-02-16T00:49:13.665] [INFO] default - Nest application successfully started
[2025-02-16T00:49:15.698] [INFO] log-aspect - Logging started: findConcertsByCategories
[2025-02-16T00:49:15.724] [INFO] log-aspect - Logging finished: findConcertsByCategories finished in 26ms
[2025-02-16T00:49:35.132] [INFO] default - Starting Nest application...
[2025-02-16T00:49:35.323] [INFO] default - App successfully configured Logger
[2025-02-16T00:49:35.323] [INFO] default - App successfully configured Filters
[2025-02-16T00:49:35.323] [INFO] default - App successfully configured Interceptors
[2025-02-16T00:49:35.324] [INFO] default - Nest app started with port [8092]
[2025-02-16T00:49:35.326] [INFO] default - AppController {/}:
[2025-02-16T00:49:35.327] [INFO] default - Mapped {/, GET} route
[2025-02-16T00:49:35.327] [INFO] default - CategoryController {/api/v1/concert}:
[2025-02-16T00:49:35.327] [INFO] default - Mapped {/api/v1/concert/categories, GET} route
[2025-02-16T00:49:35.327] [INFO] default - Mapped {/api/v1/concert/categories/:categoryId, GET} route
[2025-02-16T00:49:35.328] [INFO] default - Mapped {/api/v1/concert/categories, POST} route
[2025-02-16T00:49:35.328] [INFO] default - ConcertController {/api/v1/concert}:
[2025-02-16T00:49:35.328] [INFO] default - Mapped {/api/v1/concert/concerts/upcoming, GET} route
[2025-02-16T00:49:35.328] [INFO] default - Mapped {/api/v1/concert/concerts, GET} route
[2025-02-16T00:49:35.328] [INFO] default - Mapped {/api/v1/concert/concerts, POST} route
[2025-02-16T00:49:35.328] [INFO] default - Mapped {/api/v1/concert/concerts/bulkCreate, POST} route
[2025-02-16T00:49:35.329] [INFO] default - Nest application successfully started
[2025-02-16T00:49:38.823] [INFO] log-aspect - Logging started: findConcertsByCategories
[2025-02-16T00:49:38.851] [INFO] log-aspect - Logging finished: findConcertsByCategories finished in 28ms
[2025-02-16T00:51:02.782] [INFO] default - Starting Nest application...
[2025-02-16T00:51:02.994] [INFO] default - App successfully configured Logger
[2025-02-16T00:51:02.994] [INFO] default - App successfully configured Filters
[2025-02-16T00:51:02.994] [INFO] default - App successfully configured Interceptors
[2025-02-16T00:51:02.994] [INFO] default - Nest app started with port [8092]
[2025-02-16T00:51:02.997] [INFO] default - AppController {/}:
[2025-02-16T00:51:02.997] [INFO] default - Mapped {/, GET} route
[2025-02-16T00:51:02.998] [INFO] default - CategoryController {/api/v1/concert}:
[2025-02-16T00:51:02.998] [INFO] default - Mapped {/api/v1/concert/categories, GET} route
[2025-02-16T00:51:02.998] [INFO] default - Mapped {/api/v1/concert/categories/:categoryId, GET} route
[2025-02-16T00:51:02.998] [INFO] default - Mapped {/api/v1/concert/categories, POST} route
[2025-02-16T00:51:02.998] [INFO] default - ConcertController {/api/v1/concert}:
[2025-02-16T00:51:02.998] [INFO] default - Mapped {/api/v1/concert/concerts/upcoming, GET} route
[2025-02-16T00:51:02.999] [INFO] default - Mapped {/api/v1/concert/concerts, GET} route
[2025-02-16T00:51:02.999] [INFO] default - Mapped {/api/v1/concert/concerts, POST} route
[2025-02-16T00:51:02.999] [INFO] default - Mapped {/api/v1/concert/concerts/bulkCreate, POST} route
[2025-02-16T00:51:03.000] [INFO] default - Nest application successfully started
[2025-02-16T00:51:14.175] [INFO] log-aspect - Logging started: findConcertsByCategories
[2025-02-16T00:51:14.236] [INFO] log-aspect - Logging finished: findConcertsByCategories finished in 61ms
[2025-02-16T00:51:53.835] [INFO] default - Starting Nest application...
[2025-02-16T00:51:54.025] [INFO] default - App successfully configured Logger
[2025-02-16T00:51:54.025] [INFO] default - App successfully configured Filters
[2025-02-16T00:51:54.025] [INFO] default - App successfully configured Interceptors
[2025-02-16T00:51:54.025] [INFO] default - Nest app started with port [8092]
[2025-02-16T00:51:54.028] [INFO] default - AppController {/}:
[2025-02-16T00:51:54.028] [INFO] default - Mapped {/, GET} route
[2025-02-16T00:51:54.028] [INFO] default - CategoryController {/api/v1/concert}:
[2025-02-16T00:51:54.029] [INFO] default - Mapped {/api/v1/concert/categories, GET} route
[2025-02-16T00:51:54.029] [INFO] default - Mapped {/api/v1/concert/categories/:categoryId, GET} route
[2025-02-16T00:51:54.029] [INFO] default - Mapped {/api/v1/concert/categories, POST} route
[2025-02-16T00:51:54.029] [INFO] default - ConcertController {/api/v1/concert}:
[2025-02-16T00:51:54.029] [INFO] default - Mapped {/api/v1/concert/concerts/upcoming, GET} route
[2025-02-16T00:51:54.029] [INFO] default - Mapped {/api/v1/concert/concerts, GET} route
[2025-02-16T00:51:54.030] [INFO] default - Mapped {/api/v1/concert/concerts, POST} route
[2025-02-16T00:51:54.030] [INFO] default - Mapped {/api/v1/concert/concerts/bulkCreate, POST} route
[2025-02-16T00:51:54.030] [INFO] default - Nest application successfully started
[2025-02-16T00:52:00.363] [INFO] log-aspect - Logging started: findConcertsByCategories
[2025-02-16T00:52:00.413] [INFO] log-aspect - Logging finished: findConcertsByCategories finished in 50ms
[2025-02-16T00:54:03.266] [INFO] default - Starting Nest application...
[2025-02-16T00:54:03.457] [INFO] default - App successfully configured Logger
[2025-02-16T00:54:03.457] [INFO] default - App successfully configured Filters
[2025-02-16T00:54:03.457] [INFO] default - App successfully configured Interceptors
[2025-02-16T00:54:03.457] [INFO] default - Nest app started with port [8092]
[2025-02-16T00:54:03.460] [INFO] default - AppController {/}:
[2025-02-16T00:54:03.461] [INFO] default - Mapped {/, GET} route
[2025-02-16T00:54:03.461] [INFO] default - CategoryController {/api/v1/concert}:
[2025-02-16T00:54:03.461] [INFO] default - Mapped {/api/v1/concert/categories, GET} route
[2025-02-16T00:54:03.461] [INFO] default - Mapped {/api/v1/concert/categories/:categoryId, GET} route
[2025-02-16T00:54:03.461] [INFO] default - Mapped {/api/v1/concert/categories, POST} route
[2025-02-16T00:54:03.461] [INFO] default - ConcertController {/api/v1/concert}:
[2025-02-16T00:54:03.462] [INFO] default - Mapped {/api/v1/concert/concerts/upcoming, GET} route
[2025-02-16T00:54:03.462] [INFO] default - Mapped {/api/v1/concert/concerts, GET} route
[2025-02-16T00:54:03.462] [INFO] default - Mapped {/api/v1/concert/concerts, POST} route
[2025-02-16T00:54:03.462] [INFO] default - Mapped {/api/v1/concert/concerts/bulkCreate, POST} route
[2025-02-16T00:54:03.463] [INFO] default - Nest application successfully started
[2025-02-16T00:54:07.433] [INFO] log-aspect - Logging started: findConcertsByCategories
[2025-02-16T00:54:07.478] [INFO] log-aspect - Logging finished: findConcertsByCategories finished in 45ms
[2025-02-16T00:56:53.706] [INFO] default - Starting Nest application...
[2025-02-16T00:56:53.979] [INFO] default - App successfully configured Logger
[2025-02-16T00:56:53.979] [INFO] default - App successfully configured Filters
[2025-02-16T00:56:53.979] [INFO] default - App successfully configured Interceptors
[2025-02-16T00:56:53.979] [INFO] default - Nest app started with port [8092]
[2025-02-16T00:56:53.982] [INFO] default - AppController {/}:
[2025-02-16T00:56:53.983] [INFO] default - Mapped {/, GET} route
[2025-02-16T00:56:53.983] [INFO] default - CategoryController {/api/v1/concert}:
[2025-02-16T00:56:53.983] [INFO] default - Mapped {/api/v1/concert/categories, GET} route
[2025-02-16T00:56:53.983] [INFO] default - Mapped {/api/v1/concert/categories/:categoryId, GET} route
[2025-02-16T00:56:53.983] [INFO] default - Mapped {/api/v1/concert/categories, POST} route
[2025-02-16T00:56:53.983] [INFO] default - ConcertController {/api/v1/concert}:
[2025-02-16T00:56:53.983] [INFO] default - Mapped {/api/v1/concert/concerts/upcoming, GET} route
[2025-02-16T00:56:53.984] [INFO] default - Mapped {/api/v1/concert/concerts, GET} route
[2025-02-16T00:56:53.984] [INFO] default - Mapped {/api/v1/concert/concerts, POST} route
[2025-02-16T00:56:53.984] [INFO] default - Mapped {/api/v1/concert/concerts/bulkCreate, POST} route
[2025-02-16T00:56:53.985] [INFO] default - Nest application successfully started
[2025-02-16T00:56:57.768] [INFO] log-aspect - Logging started: findConcertsByCategories
[2025-02-16T00:56:57.795] [INFO] log-aspect - Logging finished: findConcertsByCategories finished in 27ms
[2025-02-16T09:13:39.610] [INFO] default - Starting Nest application...
[2025-02-16T09:13:39.803] [INFO] default - App successfully configured Logger
[2025-02-16T09:13:39.803] [INFO] default - App successfully configured Filters
[2025-02-16T09:13:39.803] [INFO] default - App successfully configured Interceptors
[2025-02-16T09:13:39.803] [INFO] default - Nest app started with port [8092]
[2025-02-16T09:13:39.805] [INFO] default - AppController {/}:
[2025-02-16T09:13:39.806] [INFO] default - Mapped {/, GET} route
[2025-02-16T09:13:39.806] [INFO] default - CategoryController {/api/v1/concert}:
[2025-02-16T09:13:39.807] [INFO] default - Mapped {/api/v1/concert/categories, GET} route
[2025-02-16T09:13:39.807] [INFO] default - Mapped {/api/v1/concert/categories/:categoryId, GET} route
[2025-02-16T09:13:39.807] [INFO] default - Mapped {/api/v1/concert/categories, POST} route
[2025-02-16T09:13:39.807] [INFO] default - ConcertController {/api/v1/concert}:
[2025-02-16T09:13:39.807] [INFO] default - Mapped {/api/v1/concert/concerts/upcoming, GET} route
[2025-02-16T09:13:39.808] [INFO] default - Mapped {/api/v1/concert/concerts, GET} route
[2025-02-16T09:13:39.808] [INFO] default - Mapped {/api/v1/concert/concerts, POST} route
[2025-02-16T09:13:39.808] [INFO] default - Mapped {/api/v1/concert/concerts/bulkCreate, POST} route
[2025-02-16T09:13:39.809] [INFO] default - Nest application successfully started
[2025-02-16T09:16:30.893] [INFO] log-aspect - Logging started: findConcertsByCategories
[2025-02-16T09:16:30.937] [INFO] log-aspect - Logging finished: findConcertsByCategories finished in 44ms
[2025-02-16T11:50:10.490] [INFO] log-aspect - Logging started: findUpcomingConcerts
[2025-02-16T11:50:10.544] [INFO] log-aspect - Logging finished: findUpcomingConcerts finished in 55ms
[2025-02-16T11:55:48.054] [INFO] log-aspect - Logging started: findUpcomingConcerts
[2025-02-16T11:55:48.092] [INFO] log-aspect - Logging finished: findUpcomingConcerts finished in 38ms
[2025-02-16T12:20:15.208] [INFO] default - Starting Nest application...
[2025-02-16T12:20:15.413] [INFO] default - App successfully configured Logger
[2025-02-16T12:20:15.413] [INFO] default - App successfully configured Filters
[2025-02-16T12:20:15.413] [INFO] default - App successfully configured Interceptors
[2025-02-16T12:20:15.414] [INFO] default - Nest app started with port [8092]
[2025-02-16T12:20:15.416] [INFO] default - AppController {/}:
[2025-02-16T12:20:15.417] [INFO] default - Mapped {/, GET} route
[2025-02-16T12:20:15.417] [INFO] default - CategoryController {/api/v1/concert}:
[2025-02-16T12:20:15.417] [INFO] default - Mapped {/api/v1/concert/categories, GET} route
[2025-02-16T12:20:15.418] [INFO] default - Mapped {/api/v1/concert/categories/:categoryId, GET} route
[2025-02-16T12:20:15.418] [INFO] default - Mapped {/api/v1/concert/categories, POST} route
[2025-02-16T12:20:15.418] [INFO] default - ConcertController {/api/v1/concert}:
[2025-02-16T12:20:15.418] [INFO] default - Mapped {/api/v1/concert/concerts/upcoming, GET} route
[2025-02-16T12:20:15.418] [INFO] default - Mapped {/api/v1/concert/concerts, GET} route
[2025-02-16T12:20:15.418] [INFO] default - Mapped {/api/v1/concert/concerts, POST} route
[2025-02-16T12:20:15.418] [INFO] default - Mapped {/api/v1/concert/concerts/bulkCreate, POST} route
[2025-02-16T12:20:15.419] [INFO] default - Nest application successfully started
[2025-02-16T12:20:19.447] [INFO] log-aspect - Logging started: findUpcomingConcerts
[2025-02-16T12:20:19.462] [INFO] log-aspect - Logging finished: findUpcomingConcerts finished in 15ms
[2025-02-16T12:22:10.120] [INFO] default - Starting Nest application...
[2025-02-16T12:22:10.313] [INFO] default - App successfully configured Logger
[2025-02-16T12:22:10.313] [INFO] default - App successfully configured Filters
[2025-02-16T12:22:10.313] [INFO] default - App successfully configured Interceptors
[2025-02-16T12:22:10.313] [INFO] default - Nest app started with port [8092]
[2025-02-16T12:22:10.315] [INFO] default - AppController {/}:
[2025-02-16T12:22:10.316] [INFO] default - Mapped {/, GET} route
[2025-02-16T12:22:10.316] [INFO] default - CategoryController {/api/v1/concert}:
[2025-02-16T12:22:10.316] [INFO] default - Mapped {/api/v1/concert/categories, GET} route
[2025-02-16T12:22:10.317] [INFO] default - Mapped {/api/v1/concert/categories/:categoryId, GET} route
[2025-02-16T12:22:10.317] [INFO] default - Mapped {/api/v1/concert/categories, POST} route
[2025-02-16T12:22:10.317] [INFO] default - ConcertController {/api/v1/concert}:
[2025-02-16T12:22:10.317] [INFO] default - Mapped {/api/v1/concert/concerts/upcoming, GET} route
[2025-02-16T12:22:10.317] [INFO] default - Mapped {/api/v1/concert/concerts, GET} route
[2025-02-16T12:22:10.317] [INFO] default - Mapped {/api/v1/concert/concerts, POST} route
[2025-02-16T12:22:10.317] [INFO] default - Mapped {/api/v1/concert/concerts/bulkCreate, POST} route
[2025-02-16T12:22:10.318] [INFO] default - Nest application successfully started
[2025-02-16T12:22:13.746] [INFO] log-aspect - Logging started: findUpcomingConcerts
[2025-02-16T12:22:13.769] [INFO] log-aspect - Logging finished: findUpcomingConcerts finished in 23ms
[2025-02-16T12:23:02.955] [INFO] default - Starting Nest application...
[2025-02-16T12:23:03.174] [INFO] default - App successfully configured Logger
[2025-02-16T12:23:03.174] [INFO] default - App successfully configured Filters
[2025-02-16T12:23:03.174] [INFO] default - App successfully configured Interceptors
[2025-02-16T12:23:03.174] [INFO] default - Nest app started with port [8092]
[2025-02-16T12:23:03.177] [INFO] default - AppController {/}:
[2025-02-16T12:23:03.178] [INFO] default - Mapped {/, GET} route
[2025-02-16T12:23:03.178] [INFO] default - CategoryController {/api/v1/concert}:
[2025-02-16T12:23:03.178] [INFO] default - Mapped {/api/v1/concert/categories, GET} route
[2025-02-16T12:23:03.179] [INFO] default - Mapped {/api/v1/concert/categories/:categoryId, GET} route
[2025-02-16T12:23:03.179] [INFO] default - Mapped {/api/v1/concert/categories, POST} route
[2025-02-16T12:23:03.179] [INFO] default - ConcertController {/api/v1/concert}:
[2025-02-16T12:23:03.179] [INFO] default - Mapped {/api/v1/concert/concerts/upcoming, GET} route
[2025-02-16T12:23:03.179] [INFO] default - Mapped {/api/v1/concert/concerts, GET} route
[2025-02-16T12:23:03.179] [INFO] default - Mapped {/api/v1/concert/concerts, POST} route
[2025-02-16T12:23:03.179] [INFO] default - Mapped {/api/v1/concert/concerts/bulkCreate, POST} route
[2025-02-16T12:23:03.180] [INFO] default - Nest application successfully started
[2025-02-16T12:23:07.386] [INFO] log-aspect - Logging started: findUpcomingConcerts
[2025-02-16T12:23:07.427] [INFO] log-aspect - Logging finished: findUpcomingConcerts finished in 41ms
[2025-02-16T16:14:19.367] [INFO] default - Starting Nest application...
[2025-02-22T11:38:20.697] [INFO] default - Starting Nest application...
[2025-02-22T11:40:12.814] [INFO] default - Starting Nest application...
[2025-02-22T11:40:31.866] [INFO] default - Starting Nest application...
[2025-02-22T11:41:43.227] [INFO] default - Starting Nest application...
[2025-02-22T11:41:43.443] [INFO] default - App successfully configured Logger
[2025-02-22T11:41:43.443] [INFO] default - App successfully configured Filters
[2025-02-22T11:41:43.443] [INFO] default - App successfully configured Interceptors
[2025-02-22T11:41:43.443] [INFO] default - Nest app started with port [8092]
[2025-02-22T11:41:43.445] [INFO] default - AppController {/}:
[2025-02-22T11:41:43.446] [INFO] default - Mapped {/, GET} route
[2025-02-22T11:41:43.446] [INFO] default - CategoryController {/api/v1/concert}:
[2025-02-22T11:41:43.446] [INFO] default - Mapped {/api/v1/concert/categories, GET} route
[2025-02-22T11:41:43.447] [INFO] default - Mapped {/api/v1/concert/categories/:categoryId, GET} route
[2025-02-22T11:41:43.447] [INFO] default - Mapped {/api/v1/concert/categories, POST} route
[2025-02-22T11:41:43.447] [INFO] default - ConcertController {/api/v1/concert}:
[2025-02-22T11:41:43.447] [INFO] default - Mapped {/api/v1/concert/concerts/upcoming, GET} route
[2025-02-22T11:41:43.447] [INFO] default - Mapped {/api/v1/concert/concerts, GET} route
[2025-02-22T11:41:43.447] [INFO] default - Mapped {/api/v1/concert/concerts/schedule, GET} route
[2025-02-22T11:41:43.447] [INFO] default - Mapped {/api/v1/concert/concerts/:id, GET} route
[2025-02-22T11:41:43.447] [INFO] default - Mapped {/api/v1/concert/concerts, POST} route
[2025-02-22T11:41:43.448] [INFO] default - Mapped {/api/v1/concert/concerts/bulkCreate, POST} route
[2025-02-22T11:41:43.448] [INFO] default - Nest application successfully started
[2025-02-22T12:00:36.931] [INFO] log-aspect - Logging started: create
[2025-02-22T12:00:36.957] [INFO] concert-service - Start create operation...
[2025-02-22T12:00:37.009] [ERROR] concert-service - Error: Resource not found
[2025-02-22T12:00:37.024] [ERROR] log-aspect - Logging finished: create failed after 79ms with error: Error: Resource not found
    at CategoryRepository.findById (/Users/nhannguyen/Documents/ITProject/opera-house-backend/concert-service/src/repository/impl/category.repository.impl.ts:35:13)
    at process.processTicksAndRejections (node:internal/process/task_queues:105:5)
    at async CategoryService.findById (/Users/nhannguyen/Documents/ITProject/opera-house-backend/concert-service/src/service/impl/category.service.impl.ts:47:12)
    at async ConcertService.create (/Users/nhannguyen/Documents/ITProject/opera-house-backend/concert-service/src/service/impl/concert.service.impl.ts:51:29)
    at async ConcertController.create (/Users/nhannguyen/Documents/ITProject/opera-house-backend/concert-service/src/controller/concert.controller.ts:90:21).
[2025-02-22T12:15:22.695] [INFO] log-aspect - Logging started: create
[2025-02-22T12:15:22.731] [INFO] concert-service - Start create operation...
[2025-02-22T12:15:22.762] [INFO] concert-service - Set categories of concert
[2025-02-22T12:15:22.763] [INFO] concert-service - Set images of concert
[2025-02-22T12:15:22.770] [ERROR] concert-service - Error: Bad Request
[2025-02-22T12:15:22.770] [ERROR] log-aspect - Logging finished: create failed after 75ms with error: Error: Bad Request
    at ConcertService.create (/Users/nhannguyen/Documents/ITProject/opera-house-backend/concert-service/src/service/impl/concert.service.impl.ts:79:15)
    at process.processTicksAndRejections (node:internal/process/task_queues:105:5)
    at async ConcertController.create (/Users/nhannguyen/Documents/ITProject/opera-house-backend/concert-service/src/controller/concert.controller.ts:90:21).
[2025-02-22T12:16:07.792] [INFO] log-aspect - Logging started: create
[2025-02-22T12:16:07.821] [INFO] concert-service - Start create operation...
[2025-02-22T12:16:07.848] [INFO] concert-service - Set categories of concert
[2025-02-22T12:16:07.849] [INFO] concert-service - Set images of concert
[2025-02-22T12:16:07.859] [ERROR] concert-service - SequelizeDatabaseError: function checkconcerttimeduplication(unknown, unknown) does not exist
[2025-02-22T12:16:07.860] [ERROR] log-aspect - Logging finished: create failed after 69ms with error: Error
    at Query.run (/Users/nhannguyen/Documents/ITProject/opera-house-backend/concert-service/node_modules/sequelize/src/dialects/postgres/query.js:76:25)
    at <anonymous> (/Users/nhannguyen/Documents/ITProject/opera-house-backend/concert-service/node_modules/sequelize/src/sequelize.js:650:28)
    at process.processTicksAndRejections (node:internal/process/task_queues:105:5)
    at async ConcertService.isShowTimesOfConcertDuplicated (/Users/nhannguyen/Documents/ITProject/opera-house-backend/concert-service/src/service/impl/concert.service.impl.ts:191:24)
    at async ConcertService.create (/Users/nhannguyen/Documents/ITProject/opera-house-backend/concert-service/src/service/impl/concert.service.impl.ts:100:35)
    at async ConcertController.create (/Users/nhannguyen/Documents/ITProject/opera-house-backend/concert-service/src/controller/concert.controller.ts:90:21).
[2025-02-22T12:18:13.056] [INFO] log-aspect - Logging started: create
[2025-02-22T12:18:13.084] [INFO] concert-service - Start create operation...
[2025-02-22T12:18:13.119] [INFO] concert-service - Set categories of concert
[2025-02-22T12:18:13.119] [INFO] concert-service - Set images of concert
[2025-02-22T12:18:13.125] [ERROR] concert-service - SequelizeDatabaseError: function checkconcerttimeduplication(unknown, unknown) does not exist
[2025-02-22T12:18:13.126] [ERROR] log-aspect - Logging finished: create failed after 70ms with error: Error
    at Query.run (/Users/nhannguyen/Documents/ITProject/opera-house-backend/concert-service/node_modules/sequelize/src/dialects/postgres/query.js:76:25)
    at <anonymous> (/Users/nhannguyen/Documents/ITProject/opera-house-backend/concert-service/node_modules/sequelize/src/sequelize.js:650:28)
    at process.processTicksAndRejections (node:internal/process/task_queues:105:5)
    at async ConcertService.isShowTimesOfConcertDuplicated (/Users/nhannguyen/Documents/ITProject/opera-house-backend/concert-service/src/service/impl/concert.service.impl.ts:191:24)
    at async ConcertService.create (/Users/nhannguyen/Documents/ITProject/opera-house-backend/concert-service/src/service/impl/concert.service.impl.ts:100:35)
    at async ConcertController.create (/Users/nhannguyen/Documents/ITProject/opera-house-backend/concert-service/src/controller/concert.controller.ts:90:21).
[2025-02-22T12:19:08.090] [INFO] log-aspect - Logging started: create
[2025-02-22T12:19:08.115] [INFO] concert-service - Start create operation...
[2025-02-22T12:19:08.142] [INFO] concert-service - Set categories of concert
[2025-02-22T12:19:08.142] [INFO] concert-service - Set images of concert
[2025-02-22T12:19:08.152] [INFO] concert-service - Set show times of concert
[2025-02-22T12:19:08.213] [INFO] concert-service - Set the number of seats for the concert
[2025-02-22T12:19:08.219] [INFO] concert-service - Concert created id [9e5cad92-3282-49fb-88c0-42e576970115]
[2025-02-22T12:19:08.221] [INFO] log-aspect - Logging finished: create finished in 131ms
[2025-02-22T12:21:39.170] [INFO] default - Starting Nest application...
[2025-02-22T12:21:39.359] [INFO] default - App successfully configured Logger
[2025-02-22T12:21:39.359] [INFO] default - App successfully configured Filters
[2025-02-22T12:21:39.359] [INFO] default - App successfully configured Interceptors
[2025-02-22T12:21:39.359] [INFO] default - Nest app started with port [8092]
[2025-02-22T12:21:39.361] [INFO] default - AppController {/}:
[2025-02-22T12:21:39.362] [INFO] default - Mapped {/, GET} route
[2025-02-22T12:21:39.362] [INFO] default - CategoryController {/api/v1/concert}:
[2025-02-22T12:21:39.362] [INFO] default - Mapped {/api/v1/concert/categories, GET} route
[2025-02-22T12:21:39.362] [INFO] default - Mapped {/api/v1/concert/categories/:categoryId, GET} route
[2025-02-22T12:21:39.363] [INFO] default - Mapped {/api/v1/concert/categories, POST} route
[2025-02-22T12:21:39.363] [INFO] default - ConcertController {/api/v1/concert}:
[2025-02-22T12:21:39.363] [INFO] default - Mapped {/api/v1/concert/concerts/upcoming, GET} route
[2025-02-22T12:21:39.363] [INFO] default - Mapped {/api/v1/concert/concerts, GET} route
[2025-02-22T12:21:39.363] [INFO] default - Mapped {/api/v1/concert/concerts/schedule, GET} route
[2025-02-22T12:21:39.363] [INFO] default - Mapped {/api/v1/concert/concerts/:id, GET} route
[2025-02-22T12:21:39.363] [INFO] default - Mapped {/api/v1/concert/concerts, POST} route
[2025-02-22T12:21:39.363] [INFO] default - Mapped {/api/v1/concert/concerts/bulkCreate, POST} route
[2025-02-22T12:21:39.364] [INFO] default - Nest application successfully started
[2025-02-22T12:21:45.026] [INFO] log-aspect - Logging started: create
[2025-02-22T12:21:45.035] [INFO] concert-service - Start create operation...
[2025-02-22T12:21:45.064] [INFO] concert-service - Set categories of concert
[2025-02-22T12:21:45.064] [INFO] concert-service - Set images of concert
[2025-02-22T12:21:45.072] [INFO] concert-service - Set show times of concert
[2025-02-22T12:21:45.097] [INFO] concert-service - Set the number of seats for the concert
[2025-02-22T12:21:45.099] [INFO] concert-service - Concert created id [8e5a50fd-f751-453b-8c89-328e164a682a]
[2025-02-22T12:21:45.101] [INFO] log-aspect - Logging finished: create finished in 75ms
[2025-02-22T12:25:49.540] [INFO] default - Starting Nest application...
[2025-02-22T12:25:49.750] [INFO] default - App successfully configured Logger
[2025-02-22T12:25:49.750] [INFO] default - App successfully configured Filters
[2025-02-22T12:25:49.750] [INFO] default - App successfully configured Interceptors
[2025-02-22T12:25:49.750] [INFO] default - Nest app started with port [8092]
[2025-02-22T12:25:49.753] [INFO] default - AppController {/}:
[2025-02-22T12:25:49.753] [INFO] default - Mapped {/, GET} route
[2025-02-22T12:25:49.753] [INFO] default - CategoryController {/api/v1/concert}:
[2025-02-22T12:25:49.754] [INFO] default - Mapped {/api/v1/concert/categories, GET} route
[2025-02-22T12:25:49.754] [INFO] default - Mapped {/api/v1/concert/categories/:categoryId, GET} route
[2025-02-22T12:25:49.754] [INFO] default - Mapped {/api/v1/concert/categories, POST} route
[2025-02-22T12:25:49.754] [INFO] default - ConcertController {/api/v1/concert}:
[2025-02-22T12:25:49.754] [INFO] default - Mapped {/api/v1/concert/concerts/upcoming, GET} route
[2025-02-22T12:25:49.754] [INFO] default - Mapped {/api/v1/concert/concerts, GET} route
[2025-02-22T12:25:49.754] [INFO] default - Mapped {/api/v1/concert/concerts/schedule, GET} route
[2025-02-22T12:25:49.754] [INFO] default - Mapped {/api/v1/concert/concerts/:id, GET} route
[2025-02-22T12:25:49.755] [INFO] default - Mapped {/api/v1/concert/concerts, POST} route
[2025-02-22T12:25:49.755] [INFO] default - Mapped {/api/v1/concert/concerts/bulkCreate, POST} route
[2025-02-22T12:25:49.756] [INFO] default - Nest application successfully started
[2025-02-22T12:25:53.651] [INFO] log-aspect - Logging started: create
[2025-02-22T12:25:53.666] [INFO] concert-service - Start create operation...
[2025-02-22T12:25:53.701] [INFO] concert-service - Set categories of concert
[2025-02-22T12:25:53.702] [INFO] concert-service - Set images of concert
[2025-02-22T12:25:53.712] [INFO] concert-service - Set show times of concert
[2025-02-22T12:25:53.734] [INFO] concert-service - Set the number of seats for the concert
[2025-02-22T12:25:53.737] [INFO] concert-service - Concert created id [fb9735c0-fc52-48be-a94f-76ef27ba79b9]
[2025-02-22T12:25:53.740] [INFO] log-aspect - Logging finished: create finished in 89ms
[2025-02-22T12:29:06.658] [INFO] default - Starting Nest application...
[2025-02-22T12:29:06.864] [INFO] default - App successfully configured Logger
[2025-02-22T12:29:06.864] [INFO] default - App successfully configured Filters
[2025-02-22T12:29:06.865] [INFO] default - App successfully configured Interceptors
[2025-02-22T12:29:06.865] [INFO] default - Nest app started with port [8092]
[2025-02-22T12:29:06.867] [INFO] default - AppController {/}:
[2025-02-22T12:29:06.868] [INFO] default - Mapped {/, GET} route
[2025-02-22T12:29:06.868] [INFO] default - CategoryController {/api/v1/concert}:
[2025-02-22T12:29:06.868] [INFO] default - Mapped {/api/v1/concert/categories, GET} route
[2025-02-22T12:29:06.869] [INFO] default - Mapped {/api/v1/concert/categories/:categoryId, GET} route
[2025-02-22T12:29:06.869] [INFO] default - Mapped {/api/v1/concert/categories, POST} route
[2025-02-22T12:29:06.869] [INFO] default - ConcertController {/api/v1/concert}:
[2025-02-22T12:29:06.869] [INFO] default - Mapped {/api/v1/concert/concerts/upcoming, GET} route
[2025-02-22T12:29:06.869] [INFO] default - Mapped {/api/v1/concert/concerts, GET} route
[2025-02-22T12:29:06.869] [INFO] default - Mapped {/api/v1/concert/concerts/schedule, GET} route
[2025-02-22T12:29:06.869] [INFO] default - Mapped {/api/v1/concert/concerts/:id, GET} route
[2025-02-22T12:29:06.869] [INFO] default - Mapped {/api/v1/concert/concerts, POST} route
[2025-02-22T12:29:06.869] [INFO] default - Mapped {/api/v1/concert/concerts/bulkCreate, POST} route
[2025-02-22T12:29:06.870] [INFO] default - Nest application successfully started
[2025-02-22T12:29:09.953] [INFO] log-aspect - Logging started: create
[2025-02-22T12:29:09.961] [INFO] concert-service - Start create operation...
[2025-02-22T12:29:09.982] [INFO] concert-service - Set categories of concert
[2025-02-22T12:29:09.982] [INFO] concert-service - Set images of concert
[2025-02-22T12:29:09.989] [INFO] concert-service - Set show times of concert
[2025-02-22T12:29:10.221] [INFO] concert-service - Set the number of seats for the concert
[2025-02-22T12:29:10.223] [INFO] concert-service - Concert created id [f3862ae8-7b7a-4210-b7d4-6383760a98a4]
[2025-02-22T12:29:10.225] [INFO] log-aspect - Logging finished: create finished in 272ms
[2025-02-22T12:30:33.361] [INFO] default - Starting Nest application...
[2025-02-22T12:30:33.544] [INFO] default - App successfully configured Logger
[2025-02-22T12:30:33.545] [INFO] default - App successfully configured Filters
[2025-02-22T12:30:33.545] [INFO] default - App successfully configured Interceptors
[2025-02-22T12:30:33.545] [INFO] default - Nest app started with port [8092]
[2025-02-22T12:30:33.547] [INFO] default - AppController {/}:
[2025-02-22T12:30:33.548] [INFO] default - Mapped {/, GET} route
[2025-02-22T12:30:33.548] [INFO] default - CategoryController {/api/v1/concert}:
[2025-02-22T12:30:33.548] [INFO] default - Mapped {/api/v1/concert/categories, GET} route
[2025-02-22T12:30:33.548] [INFO] default - Mapped {/api/v1/concert/categories/:categoryId, GET} route
[2025-02-22T12:30:33.549] [INFO] default - Mapped {/api/v1/concert/categories, POST} route
[2025-02-22T12:30:33.549] [INFO] default - ConcertController {/api/v1/concert}:
[2025-02-22T12:30:33.549] [INFO] default - Mapped {/api/v1/concert/concerts/upcoming, GET} route
[2025-02-22T12:30:33.549] [INFO] default - Mapped {/api/v1/concert/concerts, GET} route
[2025-02-22T12:30:33.549] [INFO] default - Mapped {/api/v1/concert/concerts/schedule, GET} route
[2025-02-22T12:30:33.549] [INFO] default - Mapped {/api/v1/concert/concerts/:id, GET} route
[2025-02-22T12:30:33.549] [INFO] default - Mapped {/api/v1/concert/concerts, POST} route
[2025-02-22T12:30:33.550] [INFO] default - Mapped {/api/v1/concert/concerts/bulkCreate, POST} route
[2025-02-22T12:30:33.550] [INFO] default - Nest application successfully started
[2025-02-22T12:30:54.572] [INFO] log-aspect - Logging started: create
[2025-02-22T12:30:54.595] [INFO] concert-service - Start create operation...
[2025-02-22T12:30:54.611] [INFO] concert-service - Set categories of concert
[2025-02-22T12:30:54.611] [INFO] concert-service - Set images of concert
[2025-02-22T12:30:54.619] [INFO] concert-service - Set show times of concert
[2025-02-22T12:30:54.827] [INFO] concert-service - Set the number of seats for the concert
[2025-02-22T12:30:54.830] [INFO] concert-service - Concert created id [514ef6af-1549-4931-8a0b-3016ce4d24be]
[2025-02-22T12:30:54.832] [INFO] log-aspect - Logging finished: create finished in 260ms
[2025-02-22T12:33:53.379] [INFO] default - Starting Nest application...
[2025-02-22T12:33:53.578] [INFO] default - App successfully configured Logger
[2025-02-22T12:33:53.578] [INFO] default - App successfully configured Filters
[2025-02-22T12:33:53.579] [INFO] default - App successfully configured Interceptors
[2025-02-22T12:33:53.579] [INFO] default - Nest app started with port [8092]
[2025-02-22T12:33:53.581] [INFO] default - AppController {/}:
[2025-02-22T12:33:53.582] [INFO] default - Mapped {/, GET} route
[2025-02-22T12:33:53.582] [INFO] default - CategoryController {/api/v1/concert}:
[2025-02-22T12:33:53.582] [INFO] default - Mapped {/api/v1/concert/categories, GET} route
[2025-02-22T12:33:53.582] [INFO] default - Mapped {/api/v1/concert/categories/:categoryId, GET} route
[2025-02-22T12:33:53.582] [INFO] default - Mapped {/api/v1/concert/categories, POST} route
[2025-02-22T12:33:53.582] [INFO] default - ConcertController {/api/v1/concert}:
[2025-02-22T12:33:53.583] [INFO] default - Mapped {/api/v1/concert/concerts/upcoming, GET} route
[2025-02-22T12:33:53.583] [INFO] default - Mapped {/api/v1/concert/concerts, GET} route
[2025-02-22T12:33:53.583] [INFO] default - Mapped {/api/v1/concert/concerts/schedule, GET} route
[2025-02-22T12:33:53.583] [INFO] default - Mapped {/api/v1/concert/concerts/:id, GET} route
[2025-02-22T12:33:53.583] [INFO] default - Mapped {/api/v1/concert/concerts, POST} route
[2025-02-22T12:33:53.583] [INFO] default - Mapped {/api/v1/concert/concerts/bulkCreate, POST} route
[2025-02-22T12:33:53.584] [INFO] default - Nest application successfully started
[2025-02-22T12:34:27.419] [INFO] default - Starting Nest application...
[2025-02-22T12:34:27.609] [INFO] default - App successfully configured Logger
[2025-02-22T12:34:27.609] [INFO] default - App successfully configured Filters
[2025-02-22T12:34:27.609] [INFO] default - App successfully configured Interceptors
[2025-02-22T12:34:27.609] [INFO] default - Nest app started with port [8092]
[2025-02-22T12:34:27.612] [INFO] default - AppController {/}:
[2025-02-22T12:34:27.612] [INFO] default - Mapped {/, GET} route
[2025-02-22T12:34:27.612] [INFO] default - CategoryController {/api/v1/concert}:
[2025-02-22T12:34:27.613] [INFO] default - Mapped {/api/v1/concert/categories, GET} route
[2025-02-22T12:34:27.613] [INFO] default - Mapped {/api/v1/concert/categories/:categoryId, GET} route
[2025-02-22T12:34:27.613] [INFO] default - Mapped {/api/v1/concert/categories, POST} route
[2025-02-22T12:34:27.613] [INFO] default - ConcertController {/api/v1/concert}:
[2025-02-22T12:34:27.613] [INFO] default - Mapped {/api/v1/concert/concerts/upcoming, GET} route
[2025-02-22T12:34:27.613] [INFO] default - Mapped {/api/v1/concert/concerts, GET} route
[2025-02-22T12:34:27.613] [INFO] default - Mapped {/api/v1/concert/concerts/schedule, GET} route
[2025-02-22T12:34:27.614] [INFO] default - Mapped {/api/v1/concert/concerts/:id, GET} route
[2025-02-22T12:34:27.614] [INFO] default - Mapped {/api/v1/concert/concerts, POST} route
[2025-02-22T12:34:27.614] [INFO] default - Mapped {/api/v1/concert/concerts/bulkCreate, POST} route
[2025-02-22T12:34:27.615] [INFO] default - Nest application successfully started
[2025-02-22T12:36:53.320] [INFO] default - Starting Nest application...
[2025-02-22T12:36:53.529] [INFO] default - App successfully configured Logger
[2025-02-22T12:36:53.530] [INFO] default - App successfully configured Filters
[2025-02-22T12:36:53.530] [INFO] default - App successfully configured Interceptors
[2025-02-22T12:36:53.530] [INFO] default - Nest app started with port [8092]
[2025-02-22T12:36:53.532] [INFO] default - AppController {/}:
[2025-02-22T12:36:53.533] [INFO] default - Mapped {/, GET} route
[2025-02-22T12:36:53.533] [INFO] default - CategoryController {/api/v1/concert}:
[2025-02-22T12:36:53.533] [INFO] default - Mapped {/api/v1/concert/categories, GET} route
[2025-02-22T12:36:53.533] [INFO] default - Mapped {/api/v1/concert/categories/:categoryId, GET} route
[2025-02-22T12:36:53.534] [INFO] default - Mapped {/api/v1/concert/categories, POST} route
[2025-02-22T12:36:53.534] [INFO] default - ConcertController {/api/v1/concert}:
[2025-02-22T12:36:53.534] [INFO] default - Mapped {/api/v1/concert/concerts/upcoming, GET} route
[2025-02-22T12:36:53.534] [INFO] default - Mapped {/api/v1/concert/concerts, GET} route
[2025-02-22T12:36:53.534] [INFO] default - Mapped {/api/v1/concert/concerts/schedule, GET} route
[2025-02-22T12:36:53.534] [INFO] default - Mapped {/api/v1/concert/concerts/:id, GET} route
[2025-02-22T12:36:53.534] [INFO] default - Mapped {/api/v1/concert/concerts, POST} route
[2025-02-22T12:36:53.534] [INFO] default - Mapped {/api/v1/concert/concerts/bulkCreate, POST} route
[2025-02-22T12:36:53.535] [INFO] default - Nest application successfully started
[2025-02-22T13:20:27.072] [INFO] default - Starting Nest application...
[2025-02-22T13:20:27.272] [INFO] default - App successfully configured Logger
[2025-02-22T13:20:27.272] [INFO] default - App successfully configured Filters
[2025-02-22T13:20:27.272] [INFO] default - App successfully configured Interceptors
[2025-02-22T13:20:27.272] [INFO] default - Nest app started with port [8092]
[2025-02-22T13:20:27.275] [INFO] default - AppController {/}:
[2025-02-22T13:20:27.276] [INFO] default - Mapped {/, GET} route
[2025-02-22T13:20:27.276] [INFO] default - CategoryController {/api/v1/concert}:
[2025-02-22T13:20:27.276] [INFO] default - Mapped {/api/v1/concert/categories, GET} route
[2025-02-22T13:20:27.276] [INFO] default - Mapped {/api/v1/concert/categories/:categoryId, GET} route
[2025-02-22T13:20:27.277] [INFO] default - Mapped {/api/v1/concert/categories, POST} route
[2025-02-22T13:20:27.277] [INFO] default - ConcertController {/api/v1/concert}:
[2025-02-22T13:20:27.277] [INFO] default - Mapped {/api/v1/concert/concerts/upcoming, GET} route
[2025-02-22T13:20:27.277] [INFO] default - Mapped {/api/v1/concert/concerts, GET} route
[2025-02-22T13:20:27.277] [INFO] default - Mapped {/api/v1/concert/concerts/schedule, GET} route
[2025-02-22T13:20:27.277] [INFO] default - Mapped {/api/v1/concert/concerts/:id, GET} route
[2025-02-22T13:20:27.277] [INFO] default - Mapped {/api/v1/concert/concerts, POST} route
[2025-02-22T13:20:27.277] [INFO] default - Mapped {/api/v1/concert/concerts/bulkCreate, POST} route
[2025-02-22T13:20:27.278] [INFO] default - Nest application successfully started
[2025-02-22T13:22:40.044] [INFO] default - Starting Nest application...
[2025-02-22T13:22:40.242] [INFO] default - App successfully configured Logger
[2025-02-22T13:22:40.242] [INFO] default - App successfully configured Filters
[2025-02-22T13:22:40.242] [INFO] default - App successfully configured Interceptors
[2025-02-22T13:22:40.242] [INFO] default - Nest app started with port [8092]
[2025-02-22T13:22:40.245] [INFO] default - AppController {/}:
[2025-02-22T13:22:40.245] [INFO] default - Mapped {/, GET} route
[2025-02-22T13:22:40.245] [INFO] default - CategoryController {/api/v1/concert}:
[2025-02-22T13:22:40.246] [INFO] default - Mapped {/api/v1/concert/categories, GET} route
[2025-02-22T13:22:40.246] [INFO] default - Mapped {/api/v1/concert/categories/:categoryId, GET} route
[2025-02-22T13:22:40.246] [INFO] default - Mapped {/api/v1/concert/categories, POST} route
[2025-02-22T13:22:40.246] [INFO] default - ConcertController {/api/v1/concert}:
[2025-02-22T13:22:40.246] [INFO] default - Mapped {/api/v1/concert/concerts/upcoming, GET} route
[2025-02-22T13:22:40.247] [INFO] default - Mapped {/api/v1/concert/concerts, GET} route
[2025-02-22T13:22:40.247] [INFO] default - Mapped {/api/v1/concert/concerts/schedule, GET} route
[2025-02-22T13:22:40.247] [INFO] default - Mapped {/api/v1/concert/concerts/:id, GET} route
[2025-02-22T13:22:40.247] [INFO] default - Mapped {/api/v1/concert/concerts, POST} route
[2025-02-22T13:22:40.247] [INFO] default - Mapped {/api/v1/concert/concerts/bulkCreate, POST} route
[2025-02-22T13:22:40.248] [INFO] default - Nest application successfully started
[2025-02-22T13:25:51.547] [INFO] log-aspect - Logging started: create
[2025-02-22T13:25:51.565] [INFO] concert-service - Start create operation...
[2025-02-22T13:25:51.582] [INFO] concert-service - Set categories of concert
[2025-02-22T13:25:51.582] [INFO] concert-service - Set images of concert
[2025-02-22T13:25:51.597] [ERROR] concert-service - SequelizeDatabaseError: function checkconcerttimeduplication(unknown, unknown) does not exist
[2025-02-22T13:25:51.597] [ERROR] log-aspect - Logging finished: create failed after 50ms with error: Error
    at Query.run (/Users/nhannguyen/Documents/ITProject/opera-house-backend/concert-service/node_modules/sequelize/src/dialects/postgres/query.js:76:25)
    at <anonymous> (/Users/nhannguyen/Documents/ITProject/opera-house-backend/concert-service/node_modules/sequelize/src/sequelize.js:650:28)
    at process.processTicksAndRejections (node:internal/process/task_queues:105:5)
    at async ConcertService.isShowTimesOfConcertDuplicated (/Users/nhannguyen/Documents/ITProject/opera-house-backend/concert-service/src/service/impl/concert.service.impl.ts:197:24)
    at async ConcertService.create (/Users/nhannguyen/Documents/ITProject/opera-house-backend/concert-service/src/service/impl/concert.service.impl.ts:100:35)
    at async ConcertController.create (/Users/nhannguyen/Documents/ITProject/opera-house-backend/concert-service/src/controller/concert.controller.ts:90:21).
[2025-02-22T13:26:29.306] [INFO] log-aspect - Logging started: create
[2025-02-22T13:26:29.325] [INFO] concert-service - Start create operation...
[2025-02-22T13:26:29.344] [INFO] concert-service - Set categories of concert
[2025-02-22T13:26:29.344] [INFO] concert-service - Set images of concert
[2025-02-22T13:26:29.350] [INFO] concert-service - Set show times of concert
[2025-02-22T13:26:29.945] [INFO] concert-service - Set the number of seats for the concert
[2025-02-22T13:26:29.950] [INFO] concert-service - Concert created id [69bdfe8b-2208-4150-b359-9c1772005d48]
[2025-02-22T13:26:29.952] [INFO] log-aspect - Logging finished: create finished in 646ms
[2025-02-22T20:00:51.098] [INFO] default - Starting Nest application...
[2025-02-22T20:00:51.311] [INFO] default - App successfully configured Logger
[2025-02-22T20:00:51.311] [INFO] default - App successfully configured Filters
[2025-02-22T20:00:51.311] [INFO] default - App successfully configured Interceptors
[2025-02-22T20:00:51.311] [INFO] default - Nest app started with port [8092]
[2025-02-22T20:00:51.313] [INFO] default - AppController {/}:
[2025-02-22T20:00:51.314] [INFO] default - Mapped {/, GET} route
[2025-02-22T20:00:51.314] [INFO] default - CategoryController {/api/v1/concert/categories}:
[2025-02-22T20:00:51.314] [INFO] default - Mapped {/api/v1/concert/categories, GET} route
[2025-02-22T20:00:51.315] [INFO] default - Mapped {/api/v1/concert/categories/:categoryId, GET} route
[2025-02-22T20:00:51.315] [INFO] default - Mapped {/api/v1/concert/categories, POST} route
[2025-02-22T20:00:51.315] [INFO] default - ConcertController {/api/v1/concert/concerts}:
[2025-02-22T20:00:51.315] [INFO] default - Mapped {/api/v1/concert/concerts/upcoming, GET} route
[2025-02-22T20:00:51.315] [INFO] default - Mapped {/api/v1/concert/concerts, GET} route
[2025-02-22T20:00:51.315] [INFO] default - Mapped {/api/v1/concert/concerts/schedule, GET} route
[2025-02-22T20:00:51.315] [INFO] default - Mapped {/api/v1/concert/concerts/:id, GET} route
[2025-02-22T20:00:51.316] [INFO] default - Mapped {/api/v1/concert/concerts, POST} route
[2025-02-22T20:00:51.316] [INFO] default - Mapped {/api/v1/concert/concerts/bulkCreate, POST} route
[2025-02-22T20:00:51.316] [INFO] default - Nest application successfully started
[2025-02-22T20:08:33.952] [INFO] default - Starting Nest application...
[2025-02-22T20:11:18.810] [INFO] default - Starting Nest application...
[2025-02-22T20:11:19.011] [INFO] default - App successfully configured Logger
[2025-02-22T20:11:19.011] [INFO] default - App successfully configured Filters
[2025-02-22T20:11:19.011] [INFO] default - App successfully configured Interceptors
[2025-02-22T20:11:19.011] [INFO] default - Nest app started with port [8092]
[2025-02-22T20:11:19.013] [INFO] default - AppController {/}:
[2025-02-22T20:11:19.014] [INFO] default - Mapped {/, GET} route
[2025-02-22T20:11:19.014] [INFO] default - CategoryController {/api/v1/concert/categories}:
[2025-02-22T20:11:19.015] [INFO] default - Mapped {/api/v1/concert/categories, GET} route
[2025-02-22T20:11:19.015] [INFO] default - Mapped {/api/v1/concert/categories/:categoryId, GET} route
[2025-02-22T20:11:19.015] [INFO] default - Mapped {/api/v1/concert/categories, POST} route
[2025-02-22T20:11:19.015] [INFO] default - ConcertController {/api/v1/concert/concerts}:
[2025-02-22T20:11:19.015] [INFO] default - Mapped {/api/v1/concert/concerts/upcoming, GET} route
[2025-02-22T20:11:19.015] [INFO] default - Mapped {/api/v1/concert/concerts, GET} route
[2025-02-22T20:11:19.015] [INFO] default - Mapped {/api/v1/concert/concerts/schedule, GET} route
[2025-02-22T20:11:19.015] [INFO] default - Mapped {/api/v1/concert/concerts/:id, GET} route
[2025-02-22T20:11:19.016] [INFO] default - Mapped {/api/v1/concert/concerts, POST} route
[2025-02-22T20:11:19.016] [INFO] default - Mapped {/api/v1/concert/concerts/bulkCreate, POST} route
[2025-02-22T20:11:19.016] [INFO] default - CartController {/api/v1/concert/carts}:
[2025-02-22T20:11:19.016] [INFO] default - Mapped {/api/v1/concert/carts, POST} route
[2025-02-22T20:11:19.016] [INFO] default - Mapped {/api/v1/concert/carts/add-to-cart, POST} route
[2025-02-22T20:11:19.017] [INFO] default - Nest application successfully started
[2025-02-22T21:41:35.294] [INFO] default - Starting Nest application...
[2025-02-22T21:41:35.489] [INFO] default - App successfully configured Logger
[2025-02-22T21:41:35.490] [INFO] default - App successfully configured Filters
[2025-02-22T21:41:35.490] [INFO] default - App successfully configured Interceptors
[2025-02-22T21:41:35.490] [INFO] default - Nest app started with port [8092]
[2025-02-22T21:41:35.492] [INFO] default - AppController {/}:
[2025-02-22T21:41:35.493] [INFO] default - Mapped {/, GET} route
[2025-02-22T21:41:35.493] [INFO] default - CategoryController {/api/v1/concert/categories}:
[2025-02-22T21:41:35.493] [INFO] default - Mapped {/api/v1/concert/categories, GET} route
[2025-02-22T21:41:35.494] [INFO] default - Mapped {/api/v1/concert/categories/:categoryId, GET} route
[2025-02-22T21:41:35.494] [INFO] default - Mapped {/api/v1/concert/categories, POST} route
[2025-02-22T21:41:35.494] [INFO] default - ConcertController {/api/v1/concert/concerts}:
[2025-02-22T21:41:35.494] [INFO] default - Mapped {/api/v1/concert/concerts/upcoming, GET} route
[2025-02-22T21:41:35.494] [INFO] default - Mapped {/api/v1/concert/concerts, GET} route
[2025-02-22T21:41:35.494] [INFO] default - Mapped {/api/v1/concert/concerts/schedule, GET} route
[2025-02-22T21:41:35.494] [INFO] default - Mapped {/api/v1/concert/concerts/:id, GET} route
[2025-02-22T21:41:35.494] [INFO] default - Mapped {/api/v1/concert/concerts, POST} route
[2025-02-22T21:41:35.494] [INFO] default - Mapped {/api/v1/concert/concerts/bulkCreate, POST} route
[2025-02-22T21:41:35.494] [INFO] default - CartController {/api/v1/concert/carts}:
[2025-02-22T21:41:35.495] [INFO] default - Mapped {/api/v1/concert/carts, POST} route
[2025-02-22T21:41:35.495] [INFO] default - Mapped {/api/v1/concert/carts/add-to-cart, POST} route
[2025-02-22T21:41:35.495] [INFO] default - Nest application successfully started
[2025-02-22T22:07:00.626] [INFO] log-aspect - Logging started: createCart
[2025-02-22T22:07:00.630] [ERROR] log-aspect - Error: ["userId must be a string"]
[2025-02-22T22:07:00.630] [ERROR] log-aspect - Logging finished: createCart failed after 4ms with error: BadRequestException: Bad Request Exception
    at ValidationPipe.exceptionFactory (/Users/nhannguyen/Documents/ITProject/opera-house-backend/concert-service/node_modules/@nestjs/common/pipes/validation.pipe.js:101:20)
    at ValidationPipe.transform (/Users/nhannguyen/Documents/ITProject/opera-house-backend/concert-service/node_modules/@nestjs/common/pipes/validation.pipe.js:74:30)
    at process.processTicksAndRejections (node:internal/process/task_queues:105:5)
    at async resolveParamValue (/Users/nhannguyen/Documents/ITProject/opera-house-backend/concert-service/node_modules/@nestjs/core/router/router-execution-context.js:148:23)
    at async Promise.all (index 0)
    at async pipesFn (/Users/nhannguyen/Documents/ITProject/opera-house-backend/concert-service/node_modules/@nestjs/core/router/router-execution-context.js:151:13)
    at async /Users/nhannguyen/Documents/ITProject/opera-house-backend/concert-service/node_modules/@nestjs/core/router/router-execution-context.js:37:30.
[2025-02-22T22:16:43.342] [INFO] log-aspect - Logging started: createCart
[2025-02-22T22:16:43.343] [ERROR] log-aspect - Error: ["userId must be a string"]
[2025-02-22T22:16:43.343] [ERROR] log-aspect - Logging finished: createCart failed after 1ms with error: BadRequestException: Bad Request Exception
    at ValidationPipe.exceptionFactory (/Users/nhannguyen/Documents/ITProject/opera-house-backend/concert-service/node_modules/@nestjs/common/pipes/validation.pipe.js:101:20)
    at ValidationPipe.transform (/Users/nhannguyen/Documents/ITProject/opera-house-backend/concert-service/node_modules/@nestjs/common/pipes/validation.pipe.js:74:30)
    at process.processTicksAndRejections (node:internal/process/task_queues:105:5)
    at async resolveParamValue (/Users/nhannguyen/Documents/ITProject/opera-house-backend/concert-service/node_modules/@nestjs/core/router/router-execution-context.js:148:23)
    at async Promise.all (index 0)
    at async pipesFn (/Users/nhannguyen/Documents/ITProject/opera-house-backend/concert-service/node_modules/@nestjs/core/router/router-execution-context.js:151:13)
    at async /Users/nhannguyen/Documents/ITProject/opera-house-backend/concert-service/node_modules/@nestjs/core/router/router-execution-context.js:37:30.
[2025-02-22T23:03:58.409] [INFO] log-aspect - Logging started: createCart
[2025-02-22T23:03:58.464] [ERROR] cart-service - SequelizeDatabaseError: invalid input syntax for type uuid: ""
[2025-02-22T23:03:58.464] [ERROR] log-aspect - Logging finished: createCart failed after 56ms with error: Error
    at Query.run (/Users/nhannguyen/Documents/ITProject/opera-house-backend/concert-service/node_modules/sequelize/src/dialects/postgres/query.js:76:25)
    at <anonymous> (/Users/nhannguyen/Documents/ITProject/opera-house-backend/concert-service/node_modules/sequelize/src/sequelize.js:650:28)
    at process.processTicksAndRejections (node:internal/process/task_queues:105:5)
    at async PostgresQueryInterface.insert (/Users/nhannguyen/Documents/ITProject/opera-house-backend/concert-service/node_modules/sequelize/src/dialects/abstract/query-interface.js:795:21)
    at async Cart.save (/Users/nhannguyen/Documents/ITProject/opera-house-backend/concert-service/node_modules/sequelize/src/model.js:4154:35)
    at async CartRepository.create (/Users/nhannguyen/Documents/ITProject/opera-house-backend/concert-service/src/repository/impl/cart.repository.impl.ts:17:12)
    at async CartService.create (/Users/nhannguyen/Documents/ITProject/opera-house-backend/concert-service/src/service/impl/cart.service.impl.ts:27:22)
    at async CartController.createCart (/Users/nhannguyen/Documents/ITProject/opera-house-backend/concert-service/src/controller/cart.controller.ts:21:18).
[2025-02-22T23:05:21.160] [INFO] log-aspect - Logging started: createCart
[2025-02-22T23:05:21.186] [ERROR] cart-service - SequelizeDatabaseError: invalid input syntax for type uuid: ""
[2025-02-22T23:05:21.186] [ERROR] log-aspect - Logging finished: createCart failed after 26ms with error: Error
    at Query.run (/Users/nhannguyen/Documents/ITProject/opera-house-backend/concert-service/node_modules/sequelize/src/dialects/postgres/query.js:76:25)
    at <anonymous> (/Users/nhannguyen/Documents/ITProject/opera-house-backend/concert-service/node_modules/sequelize/src/sequelize.js:650:28)
    at process.processTicksAndRejections (node:internal/process/task_queues:105:5)
    at async PostgresQueryInterface.insert (/Users/nhannguyen/Documents/ITProject/opera-house-backend/concert-service/node_modules/sequelize/src/dialects/abstract/query-interface.js:795:21)
    at async Cart.save (/Users/nhannguyen/Documents/ITProject/opera-house-backend/concert-service/node_modules/sequelize/src/model.js:4154:35)
    at async CartRepository.create (/Users/nhannguyen/Documents/ITProject/opera-house-backend/concert-service/src/repository/impl/cart.repository.impl.ts:17:12)
    at async CartService.create (/Users/nhannguyen/Documents/ITProject/opera-house-backend/concert-service/src/service/impl/cart.service.impl.ts:27:22)
    at async CartController.createCart (/Users/nhannguyen/Documents/ITProject/opera-house-backend/concert-service/src/controller/cart.controller.ts:21:18).
[2025-02-22T23:09:25.178] [INFO] log-aspect - Logging started: createCart
[2025-02-22T23:09:25.194] [ERROR] cart-service - SequelizeDatabaseError: invalid input syntax for type uuid: ""
[2025-02-22T23:09:25.194] [ERROR] log-aspect - Logging finished: createCart failed after 16ms with error: Error
    at Query.run (/Users/nhannguyen/Documents/ITProject/opera-house-backend/concert-service/node_modules/sequelize/src/dialects/postgres/query.js:76:25)
    at <anonymous> (/Users/nhannguyen/Documents/ITProject/opera-house-backend/concert-service/node_modules/sequelize/src/sequelize.js:650:28)
    at process.processTicksAndRejections (node:internal/process/task_queues:105:5)
    at async PostgresQueryInterface.insert (/Users/nhannguyen/Documents/ITProject/opera-house-backend/concert-service/node_modules/sequelize/src/dialects/abstract/query-interface.js:795:21)
    at async Cart.save (/Users/nhannguyen/Documents/ITProject/opera-house-backend/concert-service/node_modules/sequelize/src/model.js:4154:35)
    at async CartRepository.create (/Users/nhannguyen/Documents/ITProject/opera-house-backend/concert-service/src/repository/impl/cart.repository.impl.ts:17:12)
    at async CartService.create (/Users/nhannguyen/Documents/ITProject/opera-house-backend/concert-service/src/service/impl/cart.service.impl.ts:27:22)
    at async CartController.createCart (/Users/nhannguyen/Documents/ITProject/opera-house-backend/concert-service/src/controller/cart.controller.ts:21:18).
[2025-02-22T23:11:54.805] [INFO] log-aspect - Logging started: createCart
[2025-02-22T23:11:54.817] [ERROR] cart-service - SequelizeDatabaseError: invalid input syntax for type uuid: ""
[2025-02-22T23:11:54.818] [ERROR] log-aspect - Logging finished: createCart failed after 13ms with error: Error
    at Query.run (/Users/nhannguyen/Documents/ITProject/opera-house-backend/concert-service/node_modules/sequelize/src/dialects/postgres/query.js:76:25)
    at <anonymous> (/Users/nhannguyen/Documents/ITProject/opera-house-backend/concert-service/node_modules/sequelize/src/sequelize.js:650:28)
    at process.processTicksAndRejections (node:internal/process/task_queues:105:5)
    at async PostgresQueryInterface.insert (/Users/nhannguyen/Documents/ITProject/opera-house-backend/concert-service/node_modules/sequelize/src/dialects/abstract/query-interface.js:795:21)
    at async Cart.save (/Users/nhannguyen/Documents/ITProject/opera-house-backend/concert-service/node_modules/sequelize/src/model.js:4154:35)
    at async CartRepository.create (/Users/nhannguyen/Documents/ITProject/opera-house-backend/concert-service/src/repository/impl/cart.repository.impl.ts:17:12)
    at async CartService.create (/Users/nhannguyen/Documents/ITProject/opera-house-backend/concert-service/src/service/impl/cart.service.impl.ts:27:22)
    at async CartController.createCart (/Users/nhannguyen/Documents/ITProject/opera-house-backend/concert-service/src/controller/cart.controller.ts:21:18).
[2025-02-22T23:14:48.175] [INFO] log-aspect - Logging started: createCart
[2025-02-22T23:14:48.190] [ERROR] cart-service - SequelizeDatabaseError: invalid input syntax for type uuid: ""
[2025-02-22T23:14:48.190] [ERROR] log-aspect - Logging finished: createCart failed after 15ms with error: Error
    at Query.run (/Users/nhannguyen/Documents/ITProject/opera-house-backend/concert-service/node_modules/sequelize/src/dialects/postgres/query.js:76:25)
    at <anonymous> (/Users/nhannguyen/Documents/ITProject/opera-house-backend/concert-service/node_modules/sequelize/src/sequelize.js:650:28)
    at process.processTicksAndRejections (node:internal/process/task_queues:105:5)
    at async PostgresQueryInterface.insert (/Users/nhannguyen/Documents/ITProject/opera-house-backend/concert-service/node_modules/sequelize/src/dialects/abstract/query-interface.js:795:21)
    at async Cart.save (/Users/nhannguyen/Documents/ITProject/opera-house-backend/concert-service/node_modules/sequelize/src/model.js:4154:35)
    at async CartRepository.create (/Users/nhannguyen/Documents/ITProject/opera-house-backend/concert-service/src/repository/impl/cart.repository.impl.ts:17:12)
    at async CartService.create (/Users/nhannguyen/Documents/ITProject/opera-house-backend/concert-service/src/service/impl/cart.service.impl.ts:27:22)
    at async CartController.createCart (/Users/nhannguyen/Documents/ITProject/opera-house-backend/concert-service/src/controller/cart.controller.ts:21:18).
[2025-02-22T23:19:32.077] [INFO] log-aspect - Logging started: createCart
[2025-02-22T23:19:32.101] [ERROR] cart-service - SequelizeDatabaseError: invalid input syntax for type uuid: ""
[2025-02-22T23:19:32.101] [ERROR] log-aspect - Logging finished: createCart failed after 24ms with error: Error
    at Query.run (/Users/nhannguyen/Documents/ITProject/opera-house-backend/concert-service/node_modules/sequelize/src/dialects/postgres/query.js:76:25)
    at <anonymous> (/Users/nhannguyen/Documents/ITProject/opera-house-backend/concert-service/node_modules/sequelize/src/sequelize.js:650:28)
    at process.processTicksAndRejections (node:internal/process/task_queues:105:5)
    at async PostgresQueryInterface.insert (/Users/nhannguyen/Documents/ITProject/opera-house-backend/concert-service/node_modules/sequelize/src/dialects/abstract/query-interface.js:795:21)
    at async Cart.save (/Users/nhannguyen/Documents/ITProject/opera-house-backend/concert-service/node_modules/sequelize/src/model.js:4154:35)
    at async CartRepository.create (/Users/nhannguyen/Documents/ITProject/opera-house-backend/concert-service/src/repository/impl/cart.repository.impl.ts:17:12)
    at async CartService.create (/Users/nhannguyen/Documents/ITProject/opera-house-backend/concert-service/src/service/impl/cart.service.impl.ts:27:22)
    at async CartController.createCart (/Users/nhannguyen/Documents/ITProject/opera-house-backend/concert-service/src/controller/cart.controller.ts:21:18).
[2025-02-22T23:20:04.468] [INFO] log-aspect - Logging started: createCart
[2025-02-22T23:20:04.518] [ERROR] cart-service - SequelizeDatabaseError: invalid input syntax for type uuid: ""
[2025-02-22T23:20:04.518] [ERROR] log-aspect - Logging finished: createCart failed after 50ms with error: Error
    at Query.run (/Users/nhannguyen/Documents/ITProject/opera-house-backend/concert-service/node_modules/sequelize/src/dialects/postgres/query.js:76:25)
    at <anonymous> (/Users/nhannguyen/Documents/ITProject/opera-house-backend/concert-service/node_modules/sequelize/src/sequelize.js:650:28)
    at process.processTicksAndRejections (node:internal/process/task_queues:105:5)
    at async PostgresQueryInterface.insert (/Users/nhannguyen/Documents/ITProject/opera-house-backend/concert-service/node_modules/sequelize/src/dialects/abstract/query-interface.js:795:21)
    at async Cart.save (/Users/nhannguyen/Documents/ITProject/opera-house-backend/concert-service/node_modules/sequelize/src/model.js:4154:35)
    at async CartRepository.create (/Users/nhannguyen/Documents/ITProject/opera-house-backend/concert-service/src/repository/impl/cart.repository.impl.ts:17:12)
    at async CartService.create (/Users/nhannguyen/Documents/ITProject/opera-house-backend/concert-service/src/service/impl/cart.service.impl.ts:27:22)
    at async CartController.createCart (/Users/nhannguyen/Documents/ITProject/opera-house-backend/concert-service/src/controller/cart.controller.ts:21:18).
[2025-02-22T23:21:31.373] [INFO] log-aspect - Logging started: createCart
[2025-02-22T23:21:31.399] [ERROR] cart-service - SequelizeDatabaseError: invalid input syntax for type uuid: ""
[2025-02-22T23:21:31.399] [ERROR] log-aspect - Logging finished: createCart failed after 26ms with error: Error
    at Query.run (/Users/nhannguyen/Documents/ITProject/opera-house-backend/concert-service/node_modules/sequelize/src/dialects/postgres/query.js:76:25)
    at <anonymous> (/Users/nhannguyen/Documents/ITProject/opera-house-backend/concert-service/node_modules/sequelize/src/sequelize.js:650:28)
    at process.processTicksAndRejections (node:internal/process/task_queues:105:5)
    at async PostgresQueryInterface.insert (/Users/nhannguyen/Documents/ITProject/opera-house-backend/concert-service/node_modules/sequelize/src/dialects/abstract/query-interface.js:795:21)
    at async Cart.save (/Users/nhannguyen/Documents/ITProject/opera-house-backend/concert-service/node_modules/sequelize/src/model.js:4154:35)
    at async CartRepository.create (/Users/nhannguyen/Documents/ITProject/opera-house-backend/concert-service/src/repository/impl/cart.repository.impl.ts:17:12)
    at async CartService.create (/Users/nhannguyen/Documents/ITProject/opera-house-backend/concert-service/src/service/impl/cart.service.impl.ts:27:22)
    at async CartController.createCart (/Users/nhannguyen/Documents/ITProject/opera-house-backend/concert-service/src/controller/cart.controller.ts:21:18).
[2025-02-22T23:33:58.932] [INFO] log-aspect - Logging started: createCart
[2025-02-22T23:33:58.947] [ERROR] cart-service - SequelizeDatabaseError: invalid input syntax for type uuid: ""
[2025-02-22T23:33:58.948] [ERROR] log-aspect - Logging finished: createCart failed after 16ms with error: Error
    at Query.run (/Users/nhannguyen/Documents/ITProject/opera-house-backend/concert-service/node_modules/sequelize/src/dialects/postgres/query.js:76:25)
    at <anonymous> (/Users/nhannguyen/Documents/ITProject/opera-house-backend/concert-service/node_modules/sequelize/src/sequelize.js:650:28)
    at process.processTicksAndRejections (node:internal/process/task_queues:105:5)
    at async PostgresQueryInterface.insert (/Users/nhannguyen/Documents/ITProject/opera-house-backend/concert-service/node_modules/sequelize/src/dialects/abstract/query-interface.js:795:21)
    at async Cart.save (/Users/nhannguyen/Documents/ITProject/opera-house-backend/concert-service/node_modules/sequelize/src/model.js:4154:35)
    at async CartRepository.create (/Users/nhannguyen/Documents/ITProject/opera-house-backend/concert-service/src/repository/impl/cart.repository.impl.ts:17:12)
    at async CartService.create (/Users/nhannguyen/Documents/ITProject/opera-house-backend/concert-service/src/service/impl/cart.service.impl.ts:27:22)
    at async CartController.createCart (/Users/nhannguyen/Documents/ITProject/opera-house-backend/concert-service/src/controller/cart.controller.ts:21:18).
[2025-02-22T23:41:12.586] [INFO] log-aspect - Logging started: createCart
[2025-02-22T23:41:12.612] [ERROR] cart-service - SequelizeDatabaseError: invalid input syntax for type uuid: ""
[2025-02-22T23:41:12.612] [ERROR] log-aspect - Logging finished: createCart failed after 26ms with error: Error
    at Query.run (/Users/nhannguyen/Documents/ITProject/opera-house-backend/concert-service/node_modules/sequelize/src/dialects/postgres/query.js:76:25)
    at <anonymous> (/Users/nhannguyen/Documents/ITProject/opera-house-backend/concert-service/node_modules/sequelize/src/sequelize.js:650:28)
    at process.processTicksAndRejections (node:internal/process/task_queues:105:5)
    at async PostgresQueryInterface.insert (/Users/nhannguyen/Documents/ITProject/opera-house-backend/concert-service/node_modules/sequelize/src/dialects/abstract/query-interface.js:795:21)
    at async Cart.save (/Users/nhannguyen/Documents/ITProject/opera-house-backend/concert-service/node_modules/sequelize/src/model.js:4154:35)
    at async CartRepository.create (/Users/nhannguyen/Documents/ITProject/opera-house-backend/concert-service/src/repository/impl/cart.repository.impl.ts:17:12)
    at async CartService.create (/Users/nhannguyen/Documents/ITProject/opera-house-backend/concert-service/src/service/impl/cart.service.impl.ts:27:22)
    at async CartController.createCart (/Users/nhannguyen/Documents/ITProject/opera-house-backend/concert-service/src/controller/cart.controller.ts:21:18).
[2025-02-22T23:45:00.407] [INFO] log-aspect - Logging started: createCart
[2025-02-22T23:45:00.429] [INFO] cart-service - Cart created [2bbd2abe-cc60-4452-b42f-978e3cc41f47]
[2025-02-22T23:45:00.431] [INFO] log-aspect - Logging finished: createCart finished in 24ms
[2025-02-23T10:04:41.152] [INFO] default - Starting Nest application...
[2025-02-23T10:04:41.353] [INFO] default - App successfully configured Logger
[2025-02-23T10:04:41.354] [INFO] default - App successfully configured Filters
[2025-02-23T10:04:41.354] [INFO] default - App successfully configured Interceptors
[2025-02-23T10:04:41.354] [INFO] default - Nest app started with port [8092]
[2025-02-23T10:04:41.356] [INFO] default - AppController {/}:
[2025-02-23T10:04:41.357] [INFO] default - Mapped {/, GET} route
[2025-02-23T10:04:41.357] [INFO] default - CategoryController {/api/v1/concert/categories}:
[2025-02-23T10:04:41.357] [INFO] default - Mapped {/api/v1/concert/categories, GET} route
[2025-02-23T10:04:41.357] [INFO] default - Mapped {/api/v1/concert/categories/:categoryId, GET} route
[2025-02-23T10:04:41.357] [INFO] default - Mapped {/api/v1/concert/categories, POST} route
[2025-02-23T10:04:41.357] [INFO] default - ConcertController {/api/v1/concert/concerts}:
[2025-02-23T10:04:41.357] [INFO] default - Mapped {/api/v1/concert/concerts/upcoming, GET} route
[2025-02-23T10:04:41.358] [INFO] default - Mapped {/api/v1/concert/concerts, GET} route
[2025-02-23T10:04:41.358] [INFO] default - Mapped {/api/v1/concert/concerts/schedule, GET} route
[2025-02-23T10:04:41.358] [INFO] default - Mapped {/api/v1/concert/concerts/:id, GET} route
[2025-02-23T10:04:41.358] [INFO] default - Mapped {/api/v1/concert/concerts, POST} route
[2025-02-23T10:04:41.358] [INFO] default - Mapped {/api/v1/concert/concerts/bulkCreate, POST} route
[2025-02-23T10:04:41.358] [INFO] default - CartController {/api/v1/concert/carts}:
[2025-02-23T10:04:41.358] [INFO] default - Mapped {/api/v1/concert/carts, POST} route
[2025-02-23T10:04:41.358] [INFO] default - Mapped {/api/v1/concert/carts/add-to-cart, POST} route
[2025-02-23T10:04:41.359] [INFO] default - Nest application successfully started
[2025-02-23T10:55:42.339] [INFO] default - Starting Nest application...
[2025-02-23T10:56:33.525] [INFO] default - Starting Nest application...
[2025-02-23T10:58:20.528] [INFO] default - Starting Nest application...
[2025-02-23T10:58:20.788] [INFO] default - App successfully configured Logger
[2025-02-23T10:58:20.789] [INFO] default - App successfully configured Filter Exception Controller
[2025-02-23T10:58:20.789] [INFO] default - App successfully configured Interceptors
[2025-02-23T10:58:20.789] [INFO] default - Nest app started with port [8092]
[2025-02-23T10:58:20.792] [INFO] default - AppController {/}:
[2025-02-23T10:58:20.792] [INFO] default - Mapped {/, GET} route
[2025-02-23T10:58:20.792] [INFO] default - CategoryController {/api/v1/business/categories}:
[2025-02-23T10:58:20.793] [INFO] default - Mapped {/api/v1/business/categories, GET} route
[2025-02-23T10:58:20.793] [INFO] default - Mapped {/api/v1/business/categories/:categoryId, GET} route
[2025-02-23T10:58:20.793] [INFO] default - Mapped {/api/v1/business/categories, POST} route
[2025-02-23T10:58:20.793] [INFO] default - ConcertController {/api/v1/business/concerts}:
[2025-02-23T10:58:20.793] [INFO] default - Mapped {/api/v1/business/concerts/upcoming, GET} route
[2025-02-23T10:58:20.793] [INFO] default - Mapped {/api/v1/business/concerts, GET} route
[2025-02-23T10:58:20.793] [INFO] default - Mapped {/api/v1/business/concerts/schedule, GET} route
[2025-02-23T10:58:20.794] [INFO] default - Mapped {/api/v1/business/concerts/:id, GET} route
[2025-02-23T10:58:20.794] [INFO] default - Mapped {/api/v1/business/concerts, POST} route
[2025-02-23T10:58:20.794] [INFO] default - Mapped {/api/v1/business/concerts/bulkCreate, POST} route
[2025-02-23T10:58:20.794] [INFO] default - CartController {/api/v1/business/carts}:
[2025-02-23T10:58:20.794] [INFO] default - Mapped {/api/v1/business/carts, POST} route
[2025-02-23T10:58:20.794] [INFO] default - Mapped {/api/v1/business/carts/add-to-cart, POST} route
[2025-02-23T10:58:20.795] [INFO] default - Nest application successfully started
[2025-02-23T10:59:29.862] [INFO] log-aspect - Logging started: create
[2025-02-23T10:59:29.920] [INFO] concert-service - Start create operation...
[2025-02-23T10:59:29.941] [INFO] concert-service - Set categories of concert
[2025-02-23T10:59:29.941] [INFO] concert-service - Set images of concert
[2025-02-23T10:59:29.945] [ERROR] concert-service - Error: Bad Request
[2025-02-23T10:59:29.947] [ERROR] log-aspect - Logging finished: create failed after 84ms with error: Error: Bad Request
    at ConcertService.create (/Users/nhannguyen/Documents/ITProject/opera-house-backend/concert-service/src/service/impl/concert.service.impl.ts:79:15)
    at process.processTicksAndRejections (node:internal/process/task_queues:105:5)
    at async ConcertController.create (/Users/nhannguyen/Documents/ITProject/opera-house-backend/concert-service/src/controller/concert.controller.ts:90:21).
[2025-02-23T10:59:57.478] [INFO] log-aspect - Logging started: create
[2025-02-23T10:59:57.499] [INFO] concert-service - Start create operation...
[2025-02-23T10:59:57.512] [INFO] concert-service - Set categories of concert
[2025-02-23T10:59:57.513] [INFO] concert-service - Set images of concert
[2025-02-23T10:59:57.522] [ERROR] concert-service - SequelizeDatabaseError: function checkconcerttimeduplication(unknown, unknown) does not exist
[2025-02-23T10:59:57.523] [ERROR] log-aspect - Logging finished: create failed after 45ms with error: Error
    at Query.run (/Users/nhannguyen/Documents/ITProject/opera-house-backend/concert-service/node_modules/sequelize/src/dialects/postgres/query.js:76:25)
    at <anonymous> (/Users/nhannguyen/Documents/ITProject/opera-house-backend/concert-service/node_modules/sequelize/src/sequelize.js:650:28)
    at process.processTicksAndRejections (node:internal/process/task_queues:105:5)
    at async ConcertService.isShowTimesOfConcertDuplicated (/Users/nhannguyen/Documents/ITProject/opera-house-backend/concert-service/src/service/impl/concert.service.impl.ts:196:24)
    at async ConcertService.create (/Users/nhannguyen/Documents/ITProject/opera-house-backend/concert-service/src/service/impl/concert.service.impl.ts:100:35)
    at async ConcertController.create (/Users/nhannguyen/Documents/ITProject/opera-house-backend/concert-service/src/controller/concert.controller.ts:90:21).
[2025-02-23T11:01:50.001] [INFO] log-aspect - Logging started: create
[2025-02-23T11:01:50.026] [INFO] concert-service - Start create operation...
[2025-02-23T11:01:50.053] [INFO] concert-service - Set categories of concert
[2025-02-23T11:01:50.053] [INFO] concert-service - Set images of concert
[2025-02-23T11:01:50.061] [INFO] concert-service - Set show times of concert
[2025-02-23T11:01:50.302] [INFO] concert-service - Set the number of seats for the concert
[2025-02-23T11:01:50.305] [INFO] concert-service - Concert created id [9e81f90c-bd48-41b2-b8ee-1a33d7786704]
[2025-02-23T11:01:50.307] [INFO] log-aspect - Logging finished: create finished in 307ms
[2025-02-23T11:03:22.768] [INFO] default - Starting Nest application...
[2025-02-23T11:03:22.970] [INFO] default - App successfully configured Logger
[2025-02-23T11:03:22.970] [INFO] default - App successfully configured Filter Exception Controller
[2025-02-23T11:03:22.970] [INFO] default - App successfully configured Interceptors
[2025-02-23T11:03:22.970] [INFO] default - Nest app started with port [8092]
[2025-02-23T11:03:22.972] [INFO] default - AppController {/}:
[2025-02-23T11:03:22.973] [INFO] default - Mapped {/, GET} route
[2025-02-23T11:03:22.973] [INFO] default - CategoryController {/api/v1/business/categories}:
[2025-02-23T11:03:22.973] [INFO] default - Mapped {/api/v1/business/categories, GET} route
[2025-02-23T11:03:22.974] [INFO] default - Mapped {/api/v1/business/categories/:categoryId, GET} route
[2025-02-23T11:03:22.974] [INFO] default - Mapped {/api/v1/business/categories, POST} route
[2025-02-23T11:03:22.974] [INFO] default - ConcertController {/api/v1/business/concerts}:
[2025-02-23T11:03:22.974] [INFO] default - Mapped {/api/v1/business/concerts/upcoming, GET} route
[2025-02-23T11:03:22.974] [INFO] default - Mapped {/api/v1/business/concerts, GET} route
[2025-02-23T11:03:22.974] [INFO] default - Mapped {/api/v1/business/concerts/schedule, GET} route
[2025-02-23T11:03:22.974] [INFO] default - Mapped {/api/v1/business/concerts/:id, GET} route
[2025-02-23T11:03:22.975] [INFO] default - Mapped {/api/v1/business/concerts, POST} route
[2025-02-23T11:03:22.975] [INFO] default - Mapped {/api/v1/business/concerts/bulkCreate, POST} route
[2025-02-23T11:03:22.975] [INFO] default - CartController {/api/v1/business/carts}:
[2025-02-23T11:03:22.975] [INFO] default - Mapped {/api/v1/business/carts, POST} route
[2025-02-23T11:03:22.975] [INFO] default - Mapped {/api/v1/business/carts/add-to-cart, POST} route
[2025-02-23T11:03:22.976] [INFO] default - Nest application successfully started
[2025-02-23T11:05:01.532] [INFO] log-aspect - Logging started: createCart
[2025-02-23T11:05:01.560] [INFO] cart-service - Cart created [d762ec0a-2287-48f1-aa5b-d47c278eb8c0]
[2025-02-23T11:05:01.562] [INFO] log-aspect - Logging finished: createCart finished in 30ms
[2025-02-23T11:39:39.515] [INFO] default - Starting Nest application...
[2025-02-23T11:39:39.935] [INFO] default - App successfully configured Logger
[2025-02-23T11:39:39.939] [INFO] default - App successfully configured Filter Exception Controller
[2025-02-23T11:39:39.940] [INFO] default - App successfully configured Interceptors
[2025-02-23T11:39:39.940] [INFO] default - Nest app started with port [8092]
[2025-02-23T11:39:39.946] [INFO] default - AppController {/}:
[2025-02-23T11:39:39.947] [INFO] default - Mapped {/, GET} route
[2025-02-23T11:39:39.947] [INFO] default - CategoryController {/api/v1/business/categories}:
[2025-02-23T11:39:39.949] [INFO] default - Mapped {/api/v1/business/categories, GET} route
[2025-02-23T11:39:39.949] [INFO] default - Mapped {/api/v1/business/categories/:categoryId, GET} route
[2025-02-23T11:39:39.949] [INFO] default - Mapped {/api/v1/business/categories, POST} route
[2025-02-23T11:39:39.949] [INFO] default - ConcertController {/api/v1/business/concerts}:
[2025-02-23T11:39:39.949] [INFO] default - Mapped {/api/v1/business/concerts/upcoming, GET} route
[2025-02-23T11:39:39.950] [INFO] default - Mapped {/api/v1/business/concerts, GET} route
[2025-02-23T11:39:39.950] [INFO] default - Mapped {/api/v1/business/concerts/schedule, GET} route
[2025-02-23T11:39:39.950] [INFO] default - Mapped {/api/v1/business/concerts/:id, GET} route
[2025-02-23T11:39:39.950] [INFO] default - Mapped {/api/v1/business/concerts, POST} route
[2025-02-23T11:39:39.985] [INFO] default - Mapped {/api/v1/business/concerts/bulkCreate, POST} route
[2025-02-23T11:39:39.985] [INFO] default - CartController {/api/v1/business/carts}:
[2025-02-23T11:39:39.986] [INFO] default - Mapped {/api/v1/business/carts, POST} route
[2025-02-23T11:39:39.986] [INFO] default - Mapped {/api/v1/business/carts/add-to-cart, POST} route
[2025-02-23T11:39:39.988] [INFO] default - Nest application successfully started
[2025-02-23T11:56:02.127] [INFO] default - Starting Nest application...
[2025-02-23T11:56:02.318] [INFO] default - App successfully configured Logger
[2025-02-23T11:56:02.318] [INFO] default - App successfully configured Filter Exception Controller
[2025-02-23T11:56:02.318] [INFO] default - App successfully configured Interceptors
[2025-02-23T11:56:02.318] [INFO] default - Nest app started with port [8092]
[2025-02-23T11:56:02.320] [INFO] default - AppController {/}:
[2025-02-23T11:56:02.321] [INFO] default - Mapped {/, GET} route
[2025-02-23T11:56:02.321] [INFO] default - CategoryController {/api/v1/business/categories}:
[2025-02-23T11:56:02.321] [INFO] default - Mapped {/api/v1/business/categories, GET} route
[2025-02-23T11:56:02.322] [INFO] default - Mapped {/api/v1/business/categories/:categoryId, GET} route
[2025-02-23T11:56:02.322] [INFO] default - Mapped {/api/v1/business/categories, POST} route
[2025-02-23T11:56:02.322] [INFO] default - ConcertController {/api/v1/business/concerts}:
[2025-02-23T11:56:02.322] [INFO] default - Mapped {/api/v1/business/concerts/upcoming, GET} route
[2025-02-23T11:56:02.322] [INFO] default - Mapped {/api/v1/business/concerts, GET} route
[2025-02-23T11:56:02.322] [INFO] default - Mapped {/api/v1/business/concerts/schedule, GET} route
[2025-02-23T11:56:02.322] [INFO] default - Mapped {/api/v1/business/concerts/:id, GET} route
[2025-02-23T11:56:02.322] [INFO] default - Mapped {/api/v1/business/concerts, POST} route
[2025-02-23T11:56:02.322] [INFO] default - Mapped {/api/v1/business/concerts/bulkCreate, POST} route
[2025-02-23T11:56:02.322] [INFO] default - CartController {/api/v1/business/carts}:
[2025-02-23T11:56:02.323] [INFO] default - Mapped {/api/v1/business/carts, POST} route
[2025-02-23T11:56:02.323] [INFO] default - Mapped {/api/v1/business/carts/add-to-cart, POST} route
[2025-02-23T11:56:02.323] [INFO] default - Nest application successfully started
[2025-02-23T11:57:31.964] [INFO] default - Starting Nest application...
[2025-02-23T11:57:32.157] [INFO] default - App successfully configured Logger
[2025-02-23T11:57:32.158] [INFO] default - App successfully configured Filter Exception Controller
[2025-02-23T11:57:32.158] [INFO] default - App successfully configured Interceptors
[2025-02-23T11:57:32.158] [INFO] default - Nest app started with port [8092]
[2025-02-23T11:57:32.160] [INFO] default - AppController {/}:
[2025-02-23T11:57:32.161] [INFO] default - Mapped {/, GET} route
[2025-02-23T11:57:32.161] [INFO] default - CategoryController {/api/v1/business/categories}:
[2025-02-23T11:57:32.161] [INFO] default - Mapped {/api/v1/business/categories, GET} route
[2025-02-23T11:57:32.162] [INFO] default - Mapped {/api/v1/business/categories/:categoryId, GET} route
[2025-02-23T11:57:32.162] [INFO] default - Mapped {/api/v1/business/categories, POST} route
[2025-02-23T11:57:32.162] [INFO] default - ConcertController {/api/v1/business/concerts}:
[2025-02-23T11:57:32.162] [INFO] default - Mapped {/api/v1/business/concerts/upcoming, GET} route
[2025-02-23T11:57:32.162] [INFO] default - Mapped {/api/v1/business/concerts, GET} route
[2025-02-23T11:57:32.162] [INFO] default - Mapped {/api/v1/business/concerts/schedule, GET} route
[2025-02-23T11:57:32.162] [INFO] default - Mapped {/api/v1/business/concerts/:id, GET} route
[2025-02-23T11:57:32.162] [INFO] default - Mapped {/api/v1/business/concerts, POST} route
[2025-02-23T11:57:32.163] [INFO] default - Mapped {/api/v1/business/concerts/bulkCreate, POST} route
[2025-02-23T11:57:32.163] [INFO] default - CartController {/api/v1/business/carts}:
[2025-02-23T11:57:32.163] [INFO] default - Mapped {/api/v1/business/carts, POST} route
[2025-02-23T11:57:32.163] [INFO] default - Mapped {/api/v1/business/carts/add-to-cart, POST} route
[2025-02-23T11:57:32.164] [INFO] default - Nest application successfully started
[2025-02-23T11:57:45.936] [INFO] log-aspect - Logging started: addToCart
[2025-02-23T11:57:46.021] [ERROR] cart-service - SequelizeDatabaseError: null value in column "id" of relation "cart_items" violates not-null constraint
[2025-02-23T11:57:46.021] [ERROR] log-aspect - Logging finished: addToCart failed after 85ms with error: Error
    at Query.run (/Users/nhannguyen/Documents/ITProject/opera-house-backend/concert-service/node_modules/sequelize/src/dialects/postgres/query.js:76:25)
    at <anonymous> (/Users/nhannguyen/Documents/ITProject/opera-house-backend/concert-service/node_modules/sequelize/src/sequelize.js:650:28)
    at process.processTicksAndRejections (node:internal/process/task_queues:105:5)
    at async PostgresQueryInterface.insert (/Users/nhannguyen/Documents/ITProject/opera-house-backend/concert-service/node_modules/sequelize/src/dialects/abstract/query-interface.js:795:21)
    at async CartItem.save (/Users/nhannguyen/Documents/ITProject/opera-house-backend/concert-service/node_modules/sequelize/src/model.js:4154:35)
    at async CartItemRepository.create (/Users/nhannguyen/Documents/ITProject/opera-house-backend/concert-service/src/repository/impl/cart.item.repository.impl.ts:9:12)
    at async CartItemService.addToCart (/Users/nhannguyen/Documents/ITProject/opera-house-backend/concert-service/src/service/impl/cart.item.service.impl.ts:54:31)
    at async CartController.addToCart (/Users/nhannguyen/Documents/ITProject/opera-house-backend/concert-service/src/controller/cart.controller.ts:34:22).
[2025-02-23T12:29:49.307] [INFO] default - Starting Nest application...
[2025-02-23T12:29:49.520] [INFO] default - App successfully configured Logger
[2025-02-23T12:29:49.520] [INFO] default - App successfully configured Filter Exception Controller
[2025-02-23T12:29:49.520] [INFO] default - App successfully configured Interceptors
[2025-02-23T12:29:49.520] [INFO] default - Nest app started with port [8092]
[2025-02-23T12:29:49.523] [INFO] default - AppController {/}:
[2025-02-23T12:29:49.524] [INFO] default - Mapped {/, GET} route
[2025-02-23T12:29:49.524] [INFO] default - CategoryController {/api/v1/business/categories}:
[2025-02-23T12:29:49.524] [INFO] default - Mapped {/api/v1/business/categories, GET} route
[2025-02-23T12:29:49.524] [INFO] default - Mapped {/api/v1/business/categories/:categoryId, GET} route
[2025-02-23T12:29:49.524] [INFO] default - Mapped {/api/v1/business/categories, POST} route
[2025-02-23T12:29:49.524] [INFO] default - ConcertController {/api/v1/business/concerts}:
[2025-02-23T12:29:49.524] [INFO] default - Mapped {/api/v1/business/concerts/upcoming, GET} route
[2025-02-23T12:29:49.525] [INFO] default - Mapped {/api/v1/business/concerts, GET} route
[2025-02-23T12:29:49.525] [INFO] default - Mapped {/api/v1/business/concerts/schedule, GET} route
[2025-02-23T12:29:49.525] [INFO] default - Mapped {/api/v1/business/concerts/:id, GET} route
[2025-02-23T12:29:49.525] [INFO] default - Mapped {/api/v1/business/concerts, POST} route
[2025-02-23T12:29:49.525] [INFO] default - Mapped {/api/v1/business/concerts/bulkCreate, POST} route
[2025-02-23T12:29:49.525] [INFO] default - CartController {/api/v1/business/carts}:
[2025-02-23T12:29:49.525] [INFO] default - Mapped {/api/v1/business/carts, POST} route
[2025-02-23T12:29:49.525] [INFO] default - Mapped {/api/v1/business/carts/add-to-cart, POST} route
[2025-02-23T12:29:49.526] [INFO] default - Nest application successfully started
[2025-02-23T12:29:59.163] [INFO] log-aspect - Logging started: addToCart
[2025-02-23T12:29:59.225] [INFO] cart-service - Cart created [28ca6d08-83c5-443d-b3c2-21538d23a504]
[2025-02-23T12:29:59.226] [ERROR] cart-service - TypeError: (0 , moment_timezone_1.default) is not a function
[2025-02-23T12:29:59.227] [ERROR] log-aspect - Logging finished: addToCart failed after 63ms with error: TypeError: (0 , moment_timezone_1.default) is not a function
    at CartItemService.addToCart (/Users/nhannguyen/Documents/ITProject/opera-house-backend/concert-service/src/service/impl/cart.item.service.impl.ts:63:26)
    at process.processTicksAndRejections (node:internal/process/task_queues:105:5)
    at async CartController.addToCart (/Users/nhannguyen/Documents/ITProject/opera-house-backend/concert-service/src/controller/cart.controller.ts:34:22).
[2025-02-23T12:30:08.015] [INFO] default - Starting Nest application...
[2025-02-23T12:30:08.231] [INFO] default - App successfully configured Logger
[2025-02-23T12:30:08.232] [INFO] default - App successfully configured Filter Exception Controller
[2025-02-23T12:30:08.232] [INFO] default - App successfully configured Interceptors
[2025-02-23T12:30:08.232] [INFO] default - Nest app started with port [8092]
[2025-02-23T12:30:08.234] [INFO] default - AppController {/}:
[2025-02-23T12:30:08.235] [INFO] default - Mapped {/, GET} route
[2025-02-23T12:30:08.235] [INFO] default - CategoryController {/api/v1/business/categories}:
[2025-02-23T12:30:08.235] [INFO] default - Mapped {/api/v1/business/categories, GET} route
[2025-02-23T12:30:08.235] [INFO] default - Mapped {/api/v1/business/categories/:categoryId, GET} route
[2025-02-23T12:30:08.235] [INFO] default - Mapped {/api/v1/business/categories, POST} route
[2025-02-23T12:30:08.235] [INFO] default - ConcertController {/api/v1/business/concerts}:
[2025-02-23T12:30:08.236] [INFO] default - Mapped {/api/v1/business/concerts/upcoming, GET} route
[2025-02-23T12:30:08.236] [INFO] default - Mapped {/api/v1/business/concerts, GET} route
[2025-02-23T12:30:08.236] [INFO] default - Mapped {/api/v1/business/concerts/schedule, GET} route
[2025-02-23T12:30:08.236] [INFO] default - Mapped {/api/v1/business/concerts/:id, GET} route
[2025-02-23T12:30:08.236] [INFO] default - Mapped {/api/v1/business/concerts, POST} route
[2025-02-23T12:30:08.236] [INFO] default - Mapped {/api/v1/business/concerts/bulkCreate, POST} route
[2025-02-23T12:30:08.236] [INFO] default - CartController {/api/v1/business/carts}:
[2025-02-23T12:30:08.236] [INFO] default - Mapped {/api/v1/business/carts, POST} route
[2025-02-23T12:30:08.236] [INFO] default - Mapped {/api/v1/business/carts/add-to-cart, POST} route
[2025-02-23T12:30:08.237] [INFO] default - Nest application successfully started
[2025-02-23T12:30:13.104] [INFO] log-aspect - Logging started: addToCart
[2025-02-23T12:30:13.148] [INFO] cart-service - Cart created [29c4d802-e550-4931-8613-dfd9df41246b]
[2025-02-23T12:30:13.150] [ERROR] cart-service - TypeError: (0 , moment_timezone_1.default) is not a function
[2025-02-23T12:30:13.151] [ERROR] log-aspect - Logging finished: addToCart failed after 46ms with error: TypeError: (0 , moment_timezone_1.default) is not a function
    at CartItemService.addToCart (/Users/nhannguyen/Documents/ITProject/opera-house-backend/concert-service/src/service/impl/cart.item.service.impl.ts:63:26)
    at process.processTicksAndRejections (node:internal/process/task_queues:105:5)
    at async CartController.addToCart (/Users/nhannguyen/Documents/ITProject/opera-house-backend/concert-service/src/controller/cart.controller.ts:34:22).
[2025-02-23T12:30:35.146] [INFO] default - Starting Nest application...
[2025-02-23T12:30:35.327] [INFO] default - App successfully configured Logger
[2025-02-23T12:30:35.328] [INFO] default - App successfully configured Filter Exception Controller
[2025-02-23T12:30:35.328] [INFO] default - App successfully configured Interceptors
[2025-02-23T12:30:35.328] [INFO] default - Nest app started with port [8092]
[2025-02-23T12:30:35.330] [INFO] default - AppController {/}:
[2025-02-23T12:30:35.330] [INFO] default - Mapped {/, GET} route
[2025-02-23T12:30:35.330] [INFO] default - CategoryController {/api/v1/business/categories}:
[2025-02-23T12:30:35.331] [INFO] default - Mapped {/api/v1/business/categories, GET} route
[2025-02-23T12:30:35.331] [INFO] default - Mapped {/api/v1/business/categories/:categoryId, GET} route
[2025-02-23T12:30:35.331] [INFO] default - Mapped {/api/v1/business/categories, POST} route
[2025-02-23T12:30:35.331] [INFO] default - ConcertController {/api/v1/business/concerts}:
[2025-02-23T12:30:35.331] [INFO] default - Mapped {/api/v1/business/concerts/upcoming, GET} route
[2025-02-23T12:30:35.331] [INFO] default - Mapped {/api/v1/business/concerts, GET} route
[2025-02-23T12:30:35.332] [INFO] default - Mapped {/api/v1/business/concerts/schedule, GET} route
[2025-02-23T12:30:35.332] [INFO] default - Mapped {/api/v1/business/concerts/:id, GET} route
[2025-02-23T12:30:35.332] [INFO] default - Mapped {/api/v1/business/concerts, POST} route
[2025-02-23T12:30:35.332] [INFO] default - Mapped {/api/v1/business/concerts/bulkCreate, POST} route
[2025-02-23T12:30:35.332] [INFO] default - CartController {/api/v1/business/carts}:
[2025-02-23T12:30:35.332] [INFO] default - Mapped {/api/v1/business/carts, POST} route
[2025-02-23T12:30:35.332] [INFO] default - Mapped {/api/v1/business/carts/add-to-cart, POST} route
[2025-02-23T12:30:35.333] [INFO] default - Nest application successfully started
[2025-02-23T12:30:46.891] [INFO] log-aspect - Logging started: addToCart
[2025-02-23T12:30:46.955] [INFO] cart-service - Cart created [cb3e8fe5-6742-4b66-9011-5635bfa25eb7]
[2025-02-23T12:30:46.966] [INFO] cart-service - Set status of concert 'seat
[2025-02-23T12:30:46.972] [INFO] log-aspect - Logging finished: addToCart finished in 81ms
[2025-03-02T21:18:56.156] [INFO] default - Starting Nest application...
[2025-04-07T11:22:04.481] [INFO] default - Starting Nest application...
[2025-04-07T11:24:31.559] [INFO] default - Starting Nest application...
[2025-04-07T11:26:10.306] [INFO] default - Starting Nest application...
[2025-04-07T11:28:36.168] [INFO] default - Starting Nest application...
[2025-04-07T11:28:53.982] [INFO] default - Starting Nest application...
[2025-04-07T11:29:31.649] [INFO] default - Starting Nest application...
[2025-04-07T11:30:55.254] [INFO] default - Starting Nest application...
[2025-04-07T11:32:12.053] [INFO] default - Starting Nest application...
[2025-04-07T11:34:44.275] [INFO] default - Starting Nest application...
[2025-04-07T11:34:44.526] [INFO] default - App successfully configured Logger
[2025-04-07T11:34:44.527] [INFO] default - App successfully configured Filter Exception Controller
[2025-04-07T11:34:44.527] [INFO] default - App successfully configured Interceptors
[2025-04-07T11:34:44.527] [INFO] default - Nest app started with port [8092]
[2025-04-07T11:34:44.529] [INFO] default - AppController {/}:
[2025-04-07T11:34:44.530] [INFO] default - Mapped {/, GET} route
[2025-04-07T11:34:44.530] [INFO] default - GenreController {/api/v1/business/genres}:
[2025-04-07T11:34:44.530] [INFO] default - Mapped {/api/v1/business/genres, GET} route
[2025-04-07T11:34:44.530] [INFO] default - Mapped {/api/v1/business/genres/page, GET} route
[2025-04-07T11:34:44.531] [INFO] default - Mapped {/api/v1/business/genres/:genreId, GET} route
[2025-04-07T11:34:44.531] [INFO] default - Mapped {/api/v1/business/genres, POST} route
[2025-04-07T11:34:44.531] [INFO] default - Mapped {/api/v1/business/genres/:genreId, DELETE} route
[2025-04-07T11:34:44.531] [INFO] default - Mapped {/api/v1/business/genres, PUT} route
[2025-04-07T11:34:44.531] [INFO] default - ConcertController {/api/v1/business/concerts}:
[2025-04-07T11:34:44.531] [INFO] default - Mapped {/api/v1/business/concerts/upcoming, GET} route
[2025-04-07T11:34:44.531] [INFO] default - Mapped {/api/v1/business/concerts, GET} route
[2025-04-07T11:34:44.532] [INFO] default - Mapped {/api/v1/business/concerts, GET} route
[2025-04-07T11:34:44.532] [INFO] default - Mapped {/api/v1/business/concerts/schedule, GET} route
[2025-04-07T11:34:44.532] [INFO] default - Mapped {/api/v1/business/concerts, POST} route
[2025-04-07T11:34:44.532] [INFO] default - Mapped {/api/v1/business/concerts/bulkCreate, POST} route
[2025-04-07T11:34:44.532] [INFO] default - Mapped {/api/v1/business/concerts/:id, GET} route
[2025-04-07T11:34:44.532] [INFO] default - CartController {/api/v1/business/carts}:
[2025-04-07T11:34:44.532] [INFO] default - Mapped {/api/v1/business/carts, POST} route
[2025-04-07T11:34:44.533] [INFO] default - Nest application successfully started
[2025-04-07T13:49:21.078] [INFO] default - Starting Nest application...
[2025-04-07T13:51:46.048] [INFO] default - Starting Nest application...
[2025-04-07T13:55:01.096] [INFO] default - Starting Nest application...
[2025-04-07T13:55:01.319] [INFO] default - App successfully configured Logger
[2025-04-07T13:55:01.319] [INFO] default - App successfully configured Filter Exception Controller
[2025-04-07T13:55:01.319] [INFO] default - App successfully configured Interceptors
[2025-04-07T13:55:01.319] [INFO] default - Nest app started with port [8092]
[2025-04-07T13:55:01.322] [INFO] default - AppController {/}:
[2025-04-07T13:55:01.323] [INFO] default - Mapped {/, GET} route
[2025-04-07T13:55:01.323] [INFO] default - GenreController {/api/v1/business/genres}:
[2025-04-07T13:55:01.323] [INFO] default - Mapped {/api/v1/business/genres, GET} route
[2025-04-07T13:55:01.324] [INFO] default - Mapped {/api/v1/business/genres/page, GET} route
[2025-04-07T13:55:01.324] [INFO] default - Mapped {/api/v1/business/genres/:genreId, GET} route
[2025-04-07T13:55:01.324] [INFO] default - Mapped {/api/v1/business/genres, POST} route
[2025-04-07T13:55:01.324] [INFO] default - Mapped {/api/v1/business/genres/:genreId, DELETE} route
[2025-04-07T13:55:01.324] [INFO] default - Mapped {/api/v1/business/genres, PUT} route
[2025-04-07T13:55:01.324] [INFO] default - ConcertController {/api/v1/business/concerts}:
[2025-04-07T13:55:01.324] [INFO] default - Mapped {/api/v1/business/concerts/upcoming, GET} route
[2025-04-07T13:55:01.325] [INFO] default - Mapped {/api/v1/business/concerts, GET} route
[2025-04-07T13:55:01.325] [INFO] default - Mapped {/api/v1/business/concerts, GET} route
[2025-04-07T13:55:01.325] [INFO] default - Mapped {/api/v1/business/concerts/schedule, GET} route
[2025-04-07T13:55:01.325] [INFO] default - Mapped {/api/v1/business/concerts, POST} route
[2025-04-07T13:55:01.325] [INFO] default - Mapped {/api/v1/business/concerts/bulkCreate, POST} route
[2025-04-07T13:55:01.325] [INFO] default - Mapped {/api/v1/business/concerts/:id, GET} route
[2025-04-07T13:55:01.325] [INFO] default - CartController {/api/v1/business/carts}:
[2025-04-07T13:55:01.325] [INFO] default - Mapped {/api/v1/business/carts, POST} route
[2025-04-07T13:55:01.326] [INFO] default - Nest application successfully started
[2025-04-07T14:06:32.289] [INFO] default - Starting Nest application...
[2025-04-07T14:06:32.514] [INFO] default - App successfully configured Logger
[2025-04-07T14:06:32.514] [INFO] default - App successfully configured Filter Exception Controller
[2025-04-07T14:06:32.514] [INFO] default - App successfully configured Interceptors
[2025-04-07T14:06:32.514] [INFO] default - Nest app started with port [8092]
[2025-04-07T14:06:32.516] [INFO] default - AppController {/}:
[2025-04-07T14:06:32.517] [INFO] default - Mapped {/, GET} route
[2025-04-07T14:06:32.517] [INFO] default - GenreController {/api/v1/business/genres}:
[2025-04-07T14:06:32.518] [INFO] default - Mapped {/api/v1/business/genres, GET} route
[2025-04-07T14:06:32.518] [INFO] default - Mapped {/api/v1/business/genres/page, GET} route
[2025-04-07T14:06:32.518] [INFO] default - Mapped {/api/v1/business/genres/:genreId, GET} route
[2025-04-07T14:06:32.518] [INFO] default - Mapped {/api/v1/business/genres, POST} route
[2025-04-07T14:06:32.518] [INFO] default - Mapped {/api/v1/business/genres/:genreId, DELETE} route
[2025-04-07T14:06:32.519] [INFO] default - Mapped {/api/v1/business/genres, PUT} route
[2025-04-07T14:06:32.519] [INFO] default - ConcertController {/api/v1/business/concerts}:
[2025-04-07T14:06:32.519] [INFO] default - Mapped {/api/v1/business/concerts/upcoming, GET} route
[2025-04-07T14:06:32.519] [INFO] default - Mapped {/api/v1/business/concerts, GET} route
[2025-04-07T14:06:32.519] [INFO] default - Mapped {/api/v1/business/concerts, GET} route
[2025-04-07T14:06:32.519] [INFO] default - Mapped {/api/v1/business/concerts/schedule, GET} route
[2025-04-07T14:06:32.519] [INFO] default - Mapped {/api/v1/business/concerts, POST} route
[2025-04-07T14:06:32.519] [INFO] default - Mapped {/api/v1/business/concerts/bulkCreate, POST} route
[2025-04-07T14:06:32.520] [INFO] default - Mapped {/api/v1/business/concerts/:id, GET} route
[2025-04-07T14:06:32.520] [INFO] default - CartController {/api/v1/business/carts}:
[2025-04-07T14:06:32.520] [INFO] default - Mapped {/api/v1/business/carts, POST} route
[2025-04-07T14:06:32.521] [INFO] default - Nest application successfully started
[2025-04-07T19:41:06.590] [INFO] default - Starting Nest application...
[2025-04-07T19:41:06.799] [INFO] default - App successfully configured Logger
[2025-04-07T19:41:53.933] [INFO] default - Starting Nest application...
[2025-04-07T19:41:54.135] [INFO] default - App successfully configured Logger
[2025-04-07T19:41:54.135] [INFO] default - App successfully configured Filter Exception Controller
[2025-04-07T19:41:54.135] [INFO] default - App successfully configured Interceptors
[2025-04-07T19:41:54.135] [INFO] default - Nest app started with port [8092]
[2025-04-07T19:41:54.137] [INFO] default - AppController {/}:
[2025-04-07T19:41:54.138] [INFO] default - Mapped {/, GET} route
[2025-04-07T19:41:54.138] [INFO] default - GenreController {/api/v1/business/genres}:
[2025-04-07T19:41:54.138] [INFO] default - Mapped {/api/v1/business/genres, GET} route
[2025-04-07T19:41:54.138] [INFO] default - Mapped {/api/v1/business/genres/page, GET} route
[2025-04-07T19:41:54.139] [INFO] default - Mapped {/api/v1/business/genres/:genreId, GET} route
[2025-04-07T19:41:54.139] [INFO] default - Mapped {/api/v1/business/genres, POST} route
[2025-04-07T19:41:54.139] [INFO] default - Mapped {/api/v1/business/genres/:genreId, DELETE} route
[2025-04-07T19:41:54.139] [INFO] default - Mapped {/api/v1/business/genres, PUT} route
[2025-04-07T19:41:54.139] [INFO] default - ConcertController {/api/v1/business/concerts}:
[2025-04-07T19:41:54.139] [INFO] default - Mapped {/api/v1/business/concerts/upcoming, GET} route
[2025-04-07T19:41:54.140] [INFO] default - Mapped {/api/v1/business/concerts, GET} route
[2025-04-07T19:41:54.140] [INFO] default - Mapped {/api/v1/business/concerts, GET} route
[2025-04-07T19:41:54.140] [INFO] default - Mapped {/api/v1/business/concerts/schedule, GET} route
[2025-04-07T19:41:54.140] [INFO] default - Mapped {/api/v1/business/concerts, POST} route
[2025-04-07T19:41:54.140] [INFO] default - Mapped {/api/v1/business/concerts/bulkCreate, POST} route
[2025-04-07T19:41:54.140] [INFO] default - Mapped {/api/v1/business/concerts/:id, GET} route
[2025-04-07T19:41:54.140] [INFO] default - CartController {/api/v1/business/carts}:
[2025-04-07T19:41:54.140] [INFO] default - Mapped {/api/v1/business/carts, POST} route
[2025-04-07T19:41:54.141] [INFO] default - Nest application successfully started
[2025-04-07T22:18:09.858] [INFO] default - Starting Nest application...
[2025-04-07T22:18:10.077] [INFO] default - App successfully configured Logger
[2025-04-07T22:18:10.078] [INFO] default - App successfully configured Filter Exception Controller
[2025-04-07T22:18:10.078] [INFO] default - App successfully configured Interceptors
[2025-04-07T22:18:10.078] [INFO] default - Nest app started with port [8092]
[2025-04-07T22:18:10.080] [INFO] default - AppController {/}:
[2025-04-07T22:18:10.081] [INFO] default - Mapped {/, GET} route
[2025-04-07T22:18:10.081] [INFO] default - GenreController {/api/v1/business/genres}:
[2025-04-07T22:18:10.081] [INFO] default - Mapped {/api/v1/business/genres, GET} route
[2025-04-07T22:18:10.082] [INFO] default - Mapped {/api/v1/business/genres/page, GET} route
[2025-04-07T22:18:10.082] [INFO] default - Mapped {/api/v1/business/genres/:genreId, GET} route
[2025-04-07T22:18:10.082] [INFO] default - Mapped {/api/v1/business/genres, POST} route
[2025-04-07T22:18:10.082] [INFO] default - Mapped {/api/v1/business/genres/:genreId, DELETE} route
[2025-04-07T22:18:10.082] [INFO] default - Mapped {/api/v1/business/genres, PUT} route
[2025-04-07T22:18:10.082] [INFO] default - ConcertController {/api/v1/business/concerts}:
[2025-04-07T22:18:10.082] [INFO] default - Mapped {/api/v1/business/concerts/upcoming, GET} route
[2025-04-07T22:18:10.083] [INFO] default - Mapped {/api/v1/business/concerts, GET} route
[2025-04-07T22:18:10.083] [INFO] default - Mapped {/api/v1/business/concerts, GET} route
[2025-04-07T22:18:10.083] [INFO] default - Mapped {/api/v1/business/concerts/schedule, GET} route
[2025-04-07T22:18:10.083] [INFO] default - Mapped {/api/v1/business/concerts, POST} route
[2025-04-07T22:18:10.083] [INFO] default - Mapped {/api/v1/business/concerts/bulkCreate, POST} route
[2025-04-07T22:18:10.083] [INFO] default - Mapped {/api/v1/business/concerts/:id, GET} route
[2025-04-07T22:18:10.083] [INFO] default - CartController {/api/v1/business/carts}:
[2025-04-07T22:18:10.083] [INFO] default - Mapped {/api/v1/business/carts, POST} route
[2025-04-07T22:18:10.084] [INFO] default - Nest application successfully started
[2025-04-09T23:10:06.115] [INFO] default - Starting Nest application...
[2025-04-09T23:10:06.319] [INFO] default - App successfully configured Logger
[2025-04-09T23:10:06.319] [INFO] default - App successfully configured Filter Exception Controller
[2025-04-09T23:10:06.320] [INFO] default - App successfully configured Interceptors
[2025-04-09T23:10:06.320] [INFO] default - Nest app started with port [8092]
[2025-04-09T23:10:06.322] [INFO] default - AppController {/}:
[2025-04-09T23:10:06.323] [INFO] default - Mapped {/, GET} route
[2025-04-09T23:10:06.323] [INFO] default - GenreController {/api/v1/business/genres}:
[2025-04-09T23:10:06.323] [INFO] default - Mapped {/api/v1/business/genres, GET} route
[2025-04-09T23:10:06.323] [INFO] default - Mapped {/api/v1/business/genres/page, GET} route
[2025-04-09T23:10:06.324] [INFO] default - Mapped {/api/v1/business/genres/:genreId, GET} route
[2025-04-09T23:10:06.324] [INFO] default - Mapped {/api/v1/business/genres, POST} route
[2025-04-09T23:10:06.324] [INFO] default - Mapped {/api/v1/business/genres/:genreId, DELETE} route
[2025-04-09T23:10:06.324] [INFO] default - Mapped {/api/v1/business/genres, PUT} route
[2025-04-09T23:10:06.324] [INFO] default - ConcertController {/api/v1/business/concerts}:
[2025-04-09T23:10:06.324] [INFO] default - Mapped {/api/v1/business/concerts/upcoming, GET} route
[2025-04-09T23:10:06.325] [INFO] default - Mapped {/api/v1/business/concerts, GET} route
[2025-04-09T23:10:06.325] [INFO] default - Mapped {/api/v1/business/concerts, GET} route
[2025-04-09T23:10:06.325] [INFO] default - Mapped {/api/v1/business/concerts/schedule, GET} route
[2025-04-09T23:10:06.325] [INFO] default - Mapped {/api/v1/business/concerts, POST} route
[2025-04-09T23:10:06.325] [INFO] default - Mapped {/api/v1/business/concerts/bulkCreate, POST} route
[2025-04-09T23:10:06.325] [INFO] default - Mapped {/api/v1/business/concerts/:id, GET} route
[2025-04-09T23:10:06.325] [INFO] default - CartController {/api/v1/business/carts}:
[2025-04-09T23:10:06.325] [INFO] default - Mapped {/api/v1/business/carts, POST} route
[2025-04-09T23:10:06.326] [INFO] default - Nest application successfully started
[2025-04-10T00:26:41.966] [INFO] default - Starting Nest application...
[2025-04-10T00:26:42.169] [INFO] default - App successfully configured Logger
[2025-04-10T00:26:42.169] [INFO] default - App successfully configured Filter Exception Controller
[2025-04-10T00:26:42.169] [INFO] default - App successfully configured Interceptors
[2025-04-10T00:26:42.169] [INFO] default - Nest app started with port [8092]
[2025-04-10T00:26:42.172] [INFO] default - AppController {/}:
[2025-04-10T00:26:42.173] [INFO] default - Mapped {/, GET} route
[2025-04-10T00:26:42.173] [INFO] default - GenreController {/api/v1/business/genres}:
[2025-04-10T00:26:42.173] [INFO] default - Mapped {/api/v1/business/genres, GET} route
[2025-04-10T00:26:42.174] [INFO] default - Mapped {/api/v1/business/genres/page, GET} route
[2025-04-10T00:26:42.174] [INFO] default - Mapped {/api/v1/business/genres/:genreId, GET} route
[2025-04-10T00:26:42.174] [INFO] default - Mapped {/api/v1/business/genres, POST} route
[2025-04-10T00:26:42.174] [INFO] default - Mapped {/api/v1/business/genres/:genreId, DELETE} route
[2025-04-10T00:26:42.174] [INFO] default - Mapped {/api/v1/business/genres, PUT} route
[2025-04-10T00:26:42.174] [INFO] default - ConcertController {/api/v1/business/concerts}:
[2025-04-10T00:26:42.174] [INFO] default - Mapped {/api/v1/business/concerts/upcoming, GET} route
[2025-04-10T00:26:42.175] [INFO] default - Mapped {/api/v1/business/concerts, GET} route
[2025-04-10T00:26:42.175] [INFO] default - Mapped {/api/v1/business/concerts, GET} route
[2025-04-10T00:26:42.175] [INFO] default - Mapped {/api/v1/business/concerts/schedule, GET} route
[2025-04-10T00:26:42.175] [INFO] default - Mapped {/api/v1/business/concerts, POST} route
[2025-04-10T00:26:42.175] [INFO] default - Mapped {/api/v1/business/concerts/bulkCreate, POST} route
[2025-04-10T00:26:42.175] [INFO] default - Mapped {/api/v1/business/concerts/:id, GET} route
[2025-04-10T00:26:42.175] [INFO] default - CartController {/api/v1/business/carts}:
[2025-04-10T00:26:42.175] [INFO] default - Mapped {/api/v1/business/carts, POST} route
[2025-04-10T00:26:42.176] [INFO] default - Nest application successfully started
[2025-04-10T00:28:49.559] [INFO] default - Starting Nest application...
[2025-04-10T00:28:49.752] [INFO] default - App successfully configured Logger
[2025-04-10T00:28:49.752] [INFO] default - App successfully configured Filter Exception Controller
[2025-04-10T00:28:49.752] [INFO] default - App successfully configured Interceptors
[2025-04-10T00:28:49.752] [INFO] default - Nest app started with port [8092]
[2025-04-10T00:28:49.755] [INFO] default - AppController {/}:
[2025-04-10T00:28:49.756] [INFO] default - Mapped {/, GET} route
[2025-04-10T00:28:49.756] [INFO] default - GenreController {/api/v1/business/genres}:
[2025-04-10T00:28:49.756] [INFO] default - Mapped {/api/v1/business/genres, GET} route
[2025-04-10T00:28:49.756] [INFO] default - Mapped {/api/v1/business/genres/page, GET} route
[2025-04-10T00:28:49.757] [INFO] default - Mapped {/api/v1/business/genres/:genreId, GET} route
[2025-04-10T00:28:49.757] [INFO] default - Mapped {/api/v1/business/genres, POST} route
[2025-04-10T00:28:49.757] [INFO] default - Mapped {/api/v1/business/genres/:genreId, DELETE} route
[2025-04-10T00:28:49.757] [INFO] default - Mapped {/api/v1/business/genres, PUT} route
[2025-04-10T00:28:49.757] [INFO] default - ConcertController {/api/v1/business/concerts}:
[2025-04-10T00:28:49.757] [INFO] default - Mapped {/api/v1/business/concerts/upcoming, GET} route
[2025-04-10T00:28:49.757] [INFO] default - Mapped {/api/v1/business/concerts, GET} route
[2025-04-10T00:28:49.758] [INFO] default - Mapped {/api/v1/business/concerts, GET} route
[2025-04-10T00:28:49.758] [INFO] default - Mapped {/api/v1/business/concerts/schedule, GET} route
[2025-04-10T00:28:49.758] [INFO] default - Mapped {/api/v1/business/concerts, POST} route
[2025-04-10T00:28:49.758] [INFO] default - Mapped {/api/v1/business/concerts/bulkCreate, POST} route
[2025-04-10T00:28:49.758] [INFO] default - Mapped {/api/v1/business/concerts/:id, GET} route
[2025-04-10T00:28:49.758] [INFO] default - CartController {/api/v1/business/carts}:
[2025-04-10T00:28:49.758] [INFO] default - Mapped {/api/v1/business/carts, POST} route
[2025-04-10T00:28:49.759] [INFO] default - Nest application successfully started
[2025-04-10T00:32:22.055] [INFO] default - Starting Nest application...
[2025-04-10T00:32:22.264] [INFO] default - App successfully configured Logger
[2025-04-10T00:32:22.264] [INFO] default - App successfully configured Filter Exception Controller
[2025-04-10T00:32:22.264] [INFO] default - App successfully configured Interceptors
[2025-04-10T00:32:22.264] [INFO] default - Nest app started with port [8092]
[2025-04-10T00:32:22.267] [INFO] default - AppController {/}:
[2025-04-10T00:32:22.268] [INFO] default - Mapped {/, GET} route
[2025-04-10T00:32:22.268] [INFO] default - GenreController {/api/v1/business/genres}:
[2025-04-10T00:32:22.268] [INFO] default - Mapped {/api/v1/business/genres, GET} route
[2025-04-10T00:32:22.268] [INFO] default - Mapped {/api/v1/business/genres/page, GET} route
[2025-04-10T00:32:22.269] [INFO] default - Mapped {/api/v1/business/genres/:genreId, GET} route
[2025-04-10T00:32:22.269] [INFO] default - Mapped {/api/v1/business/genres, POST} route
[2025-04-10T00:32:22.269] [INFO] default - Mapped {/api/v1/business/genres/:genreId, DELETE} route
[2025-04-10T00:32:22.269] [INFO] default - Mapped {/api/v1/business/genres, PUT} route
[2025-04-10T00:32:22.269] [INFO] default - ConcertController {/api/v1/business/concerts}:
[2025-04-10T00:32:22.269] [INFO] default - Mapped {/api/v1/business/concerts/upcoming, GET} route
[2025-04-10T00:32:22.269] [INFO] default - Mapped {/api/v1/business/concerts, GET} route
[2025-04-10T00:32:22.269] [INFO] default - Mapped {/api/v1/business/concerts, GET} route
[2025-04-10T00:32:22.269] [INFO] default - Mapped {/api/v1/business/concerts/schedule, GET} route
[2025-04-10T00:32:22.270] [INFO] default - Mapped {/api/v1/business/concerts, POST} route
[2025-04-10T00:32:22.270] [INFO] default - Mapped {/api/v1/business/concerts/bulkCreate, POST} route
[2025-04-10T00:32:22.270] [INFO] default - Mapped {/api/v1/business/concerts/:id, GET} route
[2025-04-10T00:32:22.270] [INFO] default - CartController {/api/v1/business/carts}:
[2025-04-10T00:32:22.270] [INFO] default - Mapped {/api/v1/business/carts, POST} route
[2025-04-10T00:32:22.271] [INFO] default - Nest application successfully started
[2025-04-10T00:41:10.776] [INFO] default - Starting Nest application...
[2025-04-10T00:41:10.981] [INFO] default - App successfully configured Logger
[2025-04-10T00:41:10.981] [INFO] default - App successfully configured Filter Exception Controller
[2025-04-10T00:41:10.981] [INFO] default - App successfully configured Interceptors
[2025-04-10T00:41:10.981] [INFO] default - Nest app started with port [8092]
[2025-04-10T00:41:10.983] [INFO] default - AppController {/}:
[2025-04-10T00:41:10.984] [INFO] default - Mapped {/, GET} route
[2025-04-10T00:41:10.984] [INFO] default - GenreController {/api/v1/business/genres}:
[2025-04-10T00:41:10.985] [INFO] default - Mapped {/api/v1/business/genres, GET} route
[2025-04-10T00:41:10.985] [INFO] default - Mapped {/api/v1/business/genres/page, GET} route
[2025-04-10T00:41:10.985] [INFO] default - Mapped {/api/v1/business/genres/:genreId, GET} route
[2025-04-10T00:41:10.985] [INFO] default - Mapped {/api/v1/business/genres, POST} route
[2025-04-10T00:41:10.985] [INFO] default - Mapped {/api/v1/business/genres/:genreId, DELETE} route
[2025-04-10T00:41:10.986] [INFO] default - Mapped {/api/v1/business/genres, PUT} route
[2025-04-10T00:41:10.986] [INFO] default - ConcertController {/api/v1/business/concerts}:
[2025-04-10T00:41:10.986] [INFO] default - Mapped {/api/v1/business/concerts/upcoming, GET} route
[2025-04-10T00:41:10.986] [INFO] default - Mapped {/api/v1/business/concerts, GET} route
[2025-04-10T00:41:10.986] [INFO] default - Mapped {/api/v1/business/concerts, GET} route
[2025-04-10T00:41:10.986] [INFO] default - Mapped {/api/v1/business/concerts/schedule, GET} route
[2025-04-10T00:41:10.986] [INFO] default - Mapped {/api/v1/business/concerts, POST} route
[2025-04-10T00:41:10.986] [INFO] default - Mapped {/api/v1/business/concerts/bulkCreate, POST} route
[2025-04-10T00:41:10.986] [INFO] default - Mapped {/api/v1/business/concerts/:id, GET} route
[2025-04-10T00:41:10.986] [INFO] default - CartController {/api/v1/business/carts}:
[2025-04-10T00:41:10.986] [INFO] default - Mapped {/api/v1/business/carts, POST} route
[2025-04-10T00:41:10.987] [INFO] default - Nest application successfully started
[2025-04-10T00:42:26.310] [INFO] default - Starting Nest application...
[2025-04-10T00:42:26.506] [INFO] default - App successfully configured Logger
[2025-04-10T00:42:26.506] [INFO] default - App successfully configured Filter Exception Controller
[2025-04-10T00:42:26.506] [INFO] default - App successfully configured Interceptors
[2025-04-10T00:42:26.506] [INFO] default - Nest app started with port [8092]
[2025-04-10T00:42:26.509] [INFO] default - AppController {/}:
[2025-04-10T00:42:26.509] [INFO] default - Mapped {/, GET} route
[2025-04-10T00:42:26.509] [INFO] default - GenreController {/api/v1/business/genres}:
[2025-04-10T00:42:26.510] [INFO] default - Mapped {/api/v1/business/genres, GET} route
[2025-04-10T00:42:26.510] [INFO] default - Mapped {/api/v1/business/genres/page, GET} route
[2025-04-10T00:42:26.510] [INFO] default - Mapped {/api/v1/business/genres/:genreId, GET} route
[2025-04-10T00:42:26.510] [INFO] default - Mapped {/api/v1/business/genres, POST} route
[2025-04-10T00:42:26.510] [INFO] default - Mapped {/api/v1/business/genres/:genreId, DELETE} route
[2025-04-10T00:42:26.511] [INFO] default - Mapped {/api/v1/business/genres, PUT} route
[2025-04-10T00:42:26.511] [INFO] default - ConcertController {/api/v1/business/concerts}:
[2025-04-10T00:42:26.511] [INFO] default - Mapped {/api/v1/business/concerts/upcoming, GET} route
[2025-04-10T00:42:26.511] [INFO] default - Mapped {/api/v1/business/concerts, GET} route
[2025-04-10T00:42:26.511] [INFO] default - Mapped {/api/v1/business/concerts, GET} route
[2025-04-10T00:42:26.511] [INFO] default - Mapped {/api/v1/business/concerts/schedule, GET} route
[2025-04-10T00:42:26.511] [INFO] default - Mapped {/api/v1/business/concerts, POST} route
[2025-04-10T00:42:26.511] [INFO] default - Mapped {/api/v1/business/concerts/bulkCreate, POST} route
[2025-04-10T00:42:26.511] [INFO] default - Mapped {/api/v1/business/concerts/:id, GET} route
[2025-04-10T00:42:26.511] [INFO] default - CartController {/api/v1/business/carts}:
[2025-04-10T00:42:26.511] [INFO] default - Mapped {/api/v1/business/carts, POST} route
[2025-04-10T00:42:26.512] [INFO] default - Nest application successfully started
[2025-04-10T00:44:56.384] [INFO] default - Starting Nest application...
[2025-04-10T00:44:56.532] [INFO] default - App successfully configured Logger
[2025-04-10T00:44:56.532] [INFO] default - App successfully configured Filter Exception Controller
[2025-04-10T00:44:56.532] [INFO] default - App successfully configured Interceptors
[2025-04-10T00:44:56.532] [INFO] default - Nest app started with port [8092]
[2025-04-10T00:44:56.535] [INFO] default - AppController {/}:
[2025-04-10T00:44:56.536] [INFO] default - Mapped {/, GET} route
[2025-04-10T00:44:56.536] [INFO] default - GenreController {/api/v1/business/genres}:
[2025-04-10T00:44:56.536] [INFO] default - Mapped {/api/v1/business/genres, GET} route
[2025-04-10T00:44:56.536] [INFO] default - Mapped {/api/v1/business/genres/page, GET} route
[2025-04-10T00:44:56.537] [INFO] default - Mapped {/api/v1/business/genres/:genreId, GET} route
[2025-04-10T00:44:56.537] [INFO] default - Mapped {/api/v1/business/genres, POST} route
[2025-04-10T00:44:56.537] [INFO] default - Mapped {/api/v1/business/genres/:genreId, DELETE} route
[2025-04-10T00:44:56.537] [INFO] default - Mapped {/api/v1/business/genres, PUT} route
[2025-04-10T00:44:56.537] [INFO] default - ConcertController {/api/v1/business/concerts}:
[2025-04-10T00:44:56.537] [INFO] default - Mapped {/api/v1/business/concerts/upcoming, GET} route
[2025-04-10T00:44:56.537] [INFO] default - Mapped {/api/v1/business/concerts, GET} route
[2025-04-10T00:44:56.538] [INFO] default - Mapped {/api/v1/business/concerts, GET} route
[2025-04-10T00:44:56.538] [INFO] default - Mapped {/api/v1/business/concerts/schedule, GET} route
[2025-04-10T00:44:56.538] [INFO] default - Mapped {/api/v1/business/concerts, POST} route
[2025-04-10T00:44:56.538] [INFO] default - Mapped {/api/v1/business/concerts/bulkCreate, POST} route
[2025-04-10T00:44:56.538] [INFO] default - Mapped {/api/v1/business/concerts/:id, GET} route
[2025-04-10T00:44:56.538] [INFO] default - CartController {/api/v1/business/carts}:
[2025-04-10T00:44:56.538] [INFO] default - Mapped {/api/v1/business/carts, POST} route
[2025-04-10T00:44:56.539] [INFO] default - Nest application successfully started
[2025-04-10T01:11:22.440] [INFO] default - Starting Nest application...
[2025-04-10T01:11:22.644] [INFO] default - App successfully configured Logger
[2025-04-10T01:11:22.644] [INFO] default - App successfully configured Filter Exception Controller
[2025-04-10T01:11:22.644] [INFO] default - App successfully configured Interceptors
[2025-04-10T01:11:22.644] [INFO] default - Nest app started with port [8092]
[2025-04-10T01:11:22.647] [INFO] default - AppController {/}:
[2025-04-10T01:11:22.648] [INFO] default - Mapped {/, GET} route
[2025-04-10T01:11:22.648] [INFO] default - GenreController {/api/v1/business/genres}:
[2025-04-10T01:11:22.648] [INFO] default - Mapped {/api/v1/business/genres, GET} route
[2025-04-10T01:11:22.648] [INFO] default - Mapped {/api/v1/business/genres/page, GET} route
[2025-04-10T01:11:22.648] [INFO] default - Mapped {/api/v1/business/genres/:genreId, GET} route
[2025-04-10T01:11:22.649] [INFO] default - Mapped {/api/v1/business/genres, POST} route
[2025-04-10T01:11:22.649] [INFO] default - Mapped {/api/v1/business/genres/:genreId, DELETE} route
[2025-04-10T01:11:22.649] [INFO] default - Mapped {/api/v1/business/genres, PUT} route
[2025-04-10T01:11:22.649] [INFO] default - ConcertController {/api/v1/business/concerts}:
[2025-04-10T01:11:22.649] [INFO] default - Mapped {/api/v1/business/concerts/upcoming, GET} route
[2025-04-10T01:11:22.649] [INFO] default - Mapped {/api/v1/business/concerts, GET} route
[2025-04-10T01:11:22.649] [INFO] default - Mapped {/api/v1/business/concerts, GET} route
[2025-04-10T01:11:22.650] [INFO] default - Mapped {/api/v1/business/concerts/schedule, GET} route
[2025-04-10T01:11:22.650] [INFO] default - Mapped {/api/v1/business/concerts, POST} route
[2025-04-10T01:11:22.650] [INFO] default - Mapped {/api/v1/business/concerts/bulkCreate, POST} route
[2025-04-10T01:11:22.650] [INFO] default - Mapped {/api/v1/business/concerts/:id, GET} route
[2025-04-10T01:11:22.650] [INFO] default - CartController {/api/v1/business/carts}:
[2025-04-10T01:11:22.650] [INFO] default - Mapped {/api/v1/business/carts, POST} route
[2025-04-10T01:11:22.651] [INFO] default - Nest application successfully started
[2025-04-10T01:15:07.381] [INFO] default - Starting Nest application...
[2025-04-10T01:15:07.603] [INFO] default - App successfully configured Logger
[2025-04-10T01:15:07.604] [INFO] default - App successfully configured Filter Exception Controller
[2025-04-10T01:15:07.604] [INFO] default - App successfully configured Interceptors
[2025-04-10T01:15:07.604] [INFO] default - Nest app started with port [8092]
[2025-04-10T01:15:07.607] [INFO] default - AppController {/}:
[2025-04-10T01:15:07.608] [INFO] default - Mapped {/, GET} route
[2025-04-10T01:15:07.608] [INFO] default - GenreController {/api/v1/business/genres}:
[2025-04-10T01:15:07.608] [INFO] default - Mapped {/api/v1/business/genres, GET} route
[2025-04-10T01:15:07.608] [INFO] default - Mapped {/api/v1/business/genres/page, GET} route
[2025-04-10T01:15:07.608] [INFO] default - Mapped {/api/v1/business/genres/:genreId, GET} route
[2025-04-10T01:15:07.609] [INFO] default - Mapped {/api/v1/business/genres, POST} route
[2025-04-10T01:15:07.609] [INFO] default - Mapped {/api/v1/business/genres/:genreId, DELETE} route
[2025-04-10T01:15:07.609] [INFO] default - Mapped {/api/v1/business/genres, PUT} route
[2025-04-10T01:15:07.609] [INFO] default - ConcertController {/api/v1/business/concerts}:
[2025-04-10T01:15:07.609] [INFO] default - Mapped {/api/v1/business/concerts/upcoming, GET} route
[2025-04-10T01:15:07.609] [INFO] default - Mapped {/api/v1/business/concerts, GET} route
[2025-04-10T01:15:07.609] [INFO] default - Mapped {/api/v1/business/concerts, GET} route
[2025-04-10T01:15:07.609] [INFO] default - Mapped {/api/v1/business/concerts/schedule, GET} route
[2025-04-10T01:15:07.610] [INFO] default - Mapped {/api/v1/business/concerts, POST} route
[2025-04-10T01:15:07.610] [INFO] default - Mapped {/api/v1/business/concerts/bulkCreate, POST} route
[2025-04-10T01:15:07.610] [INFO] default - Mapped {/api/v1/business/concerts/:id, GET} route
[2025-04-10T01:15:07.610] [INFO] default - CartController {/api/v1/business/carts}:
[2025-04-10T01:15:07.610] [INFO] default - Mapped {/api/v1/business/carts, POST} route
[2025-04-10T01:15:07.611] [INFO] default - Nest application successfully started
[2025-04-10T01:18:32.150] [INFO] default - Starting Nest application...
[2025-04-10T01:18:32.337] [INFO] default - App successfully configured Logger
[2025-04-10T01:18:32.337] [INFO] default - App successfully configured Filter Exception Controller
[2025-04-10T01:18:32.337] [INFO] default - App successfully configured Interceptors
[2025-04-10T01:18:32.337] [INFO] default - Nest app started with port [8092]
[2025-04-10T01:18:32.340] [INFO] default - AppController {/}:
[2025-04-10T01:18:32.341] [INFO] default - Mapped {/, GET} route
[2025-04-10T01:18:32.341] [INFO] default - GenreController {/api/v1/business/genres}:
[2025-04-10T01:18:32.341] [INFO] default - Mapped {/api/v1/business/genres, GET} route
[2025-04-10T01:18:32.342] [INFO] default - Mapped {/api/v1/business/genres/page, GET} route
[2025-04-10T01:18:32.342] [INFO] default - Mapped {/api/v1/business/genres/:genreId, GET} route
[2025-04-10T01:18:32.342] [INFO] default - Mapped {/api/v1/business/genres, POST} route
[2025-04-10T01:18:32.342] [INFO] default - Mapped {/api/v1/business/genres/:genreId, DELETE} route
[2025-04-10T01:18:32.342] [INFO] default - Mapped {/api/v1/business/genres, PUT} route
[2025-04-10T01:18:32.342] [INFO] default - ConcertController {/api/v1/business/concerts}:
[2025-04-10T01:18:32.342] [INFO] default - Mapped {/api/v1/business/concerts/upcoming, GET} route
[2025-04-10T01:18:32.343] [INFO] default - Mapped {/api/v1/business/concerts, GET} route
[2025-04-10T01:18:32.343] [INFO] default - Mapped {/api/v1/business/concerts, GET} route
[2025-04-10T01:18:32.343] [INFO] default - Mapped {/api/v1/business/concerts/schedule, GET} route
[2025-04-10T01:18:32.343] [INFO] default - Mapped {/api/v1/business/concerts, POST} route
[2025-04-10T01:18:32.343] [INFO] default - Mapped {/api/v1/business/concerts/bulkCreate, POST} route
[2025-04-10T01:18:32.343] [INFO] default - Mapped {/api/v1/business/concerts/:id, GET} route
[2025-04-10T01:18:32.343] [INFO] default - CartController {/api/v1/business/carts}:
[2025-04-10T01:18:32.343] [INFO] default - Mapped {/api/v1/business/carts, POST} route
[2025-04-10T01:18:32.344] [INFO] default - Nest application successfully started
[2025-04-10T22:44:26.718] [INFO] default - Starting Nest application...
[2025-04-10T22:44:26.937] [INFO] default - App successfully configured Logger
[2025-04-10T22:44:26.937] [INFO] default - App successfully configured Filter Exception Controller
[2025-04-10T22:44:26.937] [INFO] default - App successfully configured Interceptors
[2025-04-10T22:44:26.937] [INFO] default - Nest app started with port [8092]
[2025-04-10T22:44:26.940] [INFO] default - AppController {/}:
[2025-04-10T22:44:26.941] [INFO] default - Mapped {/, GET} route
[2025-04-10T22:44:26.941] [INFO] default - GenreController {/api/v1/business/genres}:
[2025-04-10T22:44:26.941] [INFO] default - Mapped {/api/v1/business/genres, GET} route
[2025-04-10T22:44:26.941] [INFO] default - Mapped {/api/v1/business/genres/page, GET} route
[2025-04-10T22:44:26.941] [INFO] default - Mapped {/api/v1/business/genres/:genreId, GET} route
[2025-04-10T22:44:26.941] [INFO] default - Mapped {/api/v1/business/genres, POST} route
[2025-04-10T22:44:26.942] [INFO] default - Mapped {/api/v1/business/genres/:genreId, DELETE} route
[2025-04-10T22:44:26.942] [INFO] default - Mapped {/api/v1/business/genres, PUT} route
[2025-04-10T22:44:26.942] [INFO] default - ConcertController {/api/v1/business/concerts}:
[2025-04-10T22:44:26.942] [INFO] default - Mapped {/api/v1/business/concerts/upcoming, GET} route
[2025-04-10T22:44:26.942] [INFO] default - Mapped {/api/v1/business/concerts, GET} route
[2025-04-10T22:44:26.942] [INFO] default - Mapped {/api/v1/business/concerts, GET} route
[2025-04-10T22:44:26.942] [INFO] default - Mapped {/api/v1/business/concerts/schedule, GET} route
[2025-04-10T22:44:26.942] [INFO] default - Mapped {/api/v1/business/concerts, POST} route
[2025-04-10T22:44:26.942] [INFO] default - Mapped {/api/v1/business/concerts/bulkCreate, POST} route
[2025-04-10T22:44:26.942] [INFO] default - Mapped {/api/v1/business/concerts/:id, GET} route
[2025-04-10T22:44:26.942] [INFO] default - CartController {/api/v1/business/carts}:
[2025-04-10T22:44:26.943] [INFO] default - Mapped {/api/v1/business/carts, POST} route
[2025-04-10T22:44:26.943] [INFO] default - Nest application successfully started
[2025-04-10T22:44:34.627] [INFO] default - Starting Nest application...
[2025-04-10T22:44:34.811] [INFO] default - App successfully configured Logger
[2025-04-10T22:52:56.651] [INFO] default - Starting Nest application...
[2025-04-10T22:52:56.870] [INFO] default - App successfully configured Logger
[2025-04-10T22:52:56.871] [INFO] default - App successfully configured Filter Exception Controller
[2025-04-10T22:52:56.871] [INFO] default - App successfully configured Interceptors
[2025-04-10T22:52:56.871] [INFO] default - Nest app started with port [8092]
[2025-04-10T22:52:56.874] [INFO] default - AppController {/}:
[2025-04-10T22:52:56.875] [INFO] default - Mapped {/, GET} route
[2025-04-10T22:52:56.875] [INFO] default - GenreController {/api/v1/business/genres}:
[2025-04-10T22:52:56.875] [INFO] default - Mapped {/api/v1/business/genres, GET} route
[2025-04-10T22:52:56.875] [INFO] default - Mapped {/api/v1/business/genres/page, GET} route
[2025-04-10T22:52:56.875] [INFO] default - Mapped {/api/v1/business/genres/:genreId, GET} route
[2025-04-10T22:52:56.876] [INFO] default - Mapped {/api/v1/business/genres, POST} route
[2025-04-10T22:52:56.876] [INFO] default - Mapped {/api/v1/business/genres/:genreId, DELETE} route
[2025-04-10T22:52:56.876] [INFO] default - Mapped {/api/v1/business/genres, PUT} route
[2025-04-10T22:52:56.876] [INFO] default - ConcertController {/api/v1/business/concerts}:
[2025-04-10T22:52:56.876] [INFO] default - Mapped {/api/v1/business/concerts/upcoming, GET} route
[2025-04-10T22:52:56.876] [INFO] default - Mapped {/api/v1/business/concerts, GET} route
[2025-04-10T22:52:56.876] [INFO] default - Mapped {/api/v1/business/concerts, GET} route
[2025-04-10T22:52:56.877] [INFO] default - Mapped {/api/v1/business/concerts/schedule, GET} route
[2025-04-10T22:52:56.877] [INFO] default - Mapped {/api/v1/business/concerts, POST} route
[2025-04-10T22:52:56.877] [INFO] default - Mapped {/api/v1/business/concerts/bulkCreate, POST} route
[2025-04-10T22:52:56.877] [INFO] default - Mapped {/api/v1/business/concerts/:id, GET} route
[2025-04-10T22:52:56.877] [INFO] default - CartController {/api/v1/business/carts}:
[2025-04-10T22:52:56.877] [INFO] default - Mapped {/api/v1/business/carts, POST} route
[2025-04-10T22:52:56.878] [INFO] default - Nest application successfully started
[2025-04-10T22:53:33.081] [INFO] default - Starting Nest application...
[2025-04-10T22:53:33.291] [INFO] default - App successfully configured Logger
[2025-04-10T22:53:33.291] [INFO] default - App successfully configured Filter Exception Controller
[2025-04-10T22:53:33.291] [INFO] default - App successfully configured Interceptors
[2025-04-10T22:53:33.291] [INFO] default - Nest app started with port [8092]
[2025-04-10T22:53:33.293] [INFO] default - AppController {/}:
[2025-04-10T22:53:33.294] [INFO] default - Mapped {/, GET} route
[2025-04-10T22:53:33.294] [INFO] default - GenreController {/api/v1/business/genres}:
[2025-04-10T22:53:33.294] [INFO] default - Mapped {/api/v1/business/genres, GET} route
[2025-04-10T22:53:33.295] [INFO] default - Mapped {/api/v1/business/genres/page, GET} route
[2025-04-10T22:53:33.295] [INFO] default - Mapped {/api/v1/business/genres/:genreId, GET} route
[2025-04-10T22:53:33.295] [INFO] default - Mapped {/api/v1/business/genres, POST} route
[2025-04-10T22:53:33.295] [INFO] default - Mapped {/api/v1/business/genres/:genreId, DELETE} route
[2025-04-10T22:53:33.295] [INFO] default - Mapped {/api/v1/business/genres, PUT} route
[2025-04-10T22:53:33.295] [INFO] default - ConcertController {/api/v1/business/concerts}:
[2025-04-10T22:53:33.295] [INFO] default - Mapped {/api/v1/business/concerts/upcoming, GET} route
[2025-04-10T22:53:33.296] [INFO] default - Mapped {/api/v1/business/concerts, GET} route
[2025-04-10T22:53:33.296] [INFO] default - Mapped {/api/v1/business/concerts, GET} route
[2025-04-10T22:53:33.296] [INFO] default - Mapped {/api/v1/business/concerts/schedule, GET} route
[2025-04-10T22:53:33.296] [INFO] default - Mapped {/api/v1/business/concerts, POST} route
[2025-04-10T22:53:33.296] [INFO] default - Mapped {/api/v1/business/concerts/bulkCreate, POST} route
[2025-04-10T22:53:33.296] [INFO] default - Mapped {/api/v1/business/concerts/:id, GET} route
[2025-04-10T22:53:33.296] [INFO] default - CartController {/api/v1/business/carts}:
[2025-04-10T22:53:33.296] [INFO] default - Mapped {/api/v1/business/carts, POST} route
[2025-04-10T22:53:33.297] [INFO] default - Nest application successfully started
[2025-04-10T22:55:25.057] [INFO] default - Starting Nest application...
[2025-04-10T22:55:25.262] [INFO] default - App successfully configured Logger
[2025-04-10T22:55:25.262] [INFO] default - App successfully configured Filter Exception Controller
[2025-04-10T22:55:25.262] [INFO] default - App successfully configured Interceptors
[2025-04-10T22:55:25.262] [INFO] default - Nest app started with port [8092]
[2025-04-10T22:55:25.265] [INFO] default - AppController {/}:
[2025-04-10T22:55:25.266] [INFO] default - Mapped {/, GET} route
[2025-04-10T22:55:25.266] [INFO] default - GenreController {/api/v1/business/genres}:
[2025-04-10T22:55:25.266] [INFO] default - Mapped {/api/v1/business/genres, GET} route
[2025-04-10T22:55:25.266] [INFO] default - Mapped {/api/v1/business/genres/page, GET} route
[2025-04-10T22:55:25.266] [INFO] default - Mapped {/api/v1/business/genres/:genreId, GET} route
[2025-04-10T22:55:25.266] [INFO] default - Mapped {/api/v1/business/genres, POST} route
[2025-04-10T22:55:25.267] [INFO] default - Mapped {/api/v1/business/genres/:genreId, DELETE} route
[2025-04-10T22:55:25.267] [INFO] default - Mapped {/api/v1/business/genres, PUT} route
[2025-04-10T22:55:25.267] [INFO] default - ConcertController {/api/v1/business/concerts}:
[2025-04-10T22:55:25.267] [INFO] default - Mapped {/api/v1/business/concerts/upcoming, GET} route
[2025-04-10T22:55:25.267] [INFO] default - Mapped {/api/v1/business/concerts, GET} route
[2025-04-10T22:55:25.268] [INFO] default - Mapped {/api/v1/business/concerts, GET} route
[2025-04-10T22:55:25.268] [INFO] default - Mapped {/api/v1/business/concerts/schedule, GET} route
[2025-04-10T22:55:25.268] [INFO] default - Mapped {/api/v1/business/concerts, POST} route
[2025-04-10T22:55:25.268] [INFO] default - Mapped {/api/v1/business/concerts/bulkCreate, POST} route
[2025-04-10T22:55:25.268] [INFO] default - Mapped {/api/v1/business/concerts/:id, GET} route
[2025-04-10T22:55:25.268] [INFO] default - CartController {/api/v1/business/carts}:
[2025-04-10T22:55:25.268] [INFO] default - Mapped {/api/v1/business/carts, POST} route
[2025-04-10T22:55:25.269] [INFO] default - Nest application successfully started
[2025-04-10T22:59:04.406] [INFO] default - Starting Nest application...
[2025-04-10T22:59:04.611] [INFO] default - App successfully configured Logger
[2025-04-10T22:59:04.611] [INFO] default - App successfully configured Filter Exception Controller
[2025-04-10T22:59:04.611] [INFO] default - App successfully configured Interceptors
[2025-04-10T22:59:04.611] [INFO] default - Nest app started with port [8092]
[2025-04-10T22:59:04.613] [INFO] default - AppController {/}:
[2025-04-10T22:59:04.614] [INFO] default - Mapped {/, GET} route
[2025-04-10T22:59:04.614] [INFO] default - GenreController {/api/v1/business/genres}:
[2025-04-10T22:59:04.614] [INFO] default - Mapped {/api/v1/business/genres, GET} route
[2025-04-10T22:59:04.615] [INFO] default - Mapped {/api/v1/business/genres/page, GET} route
[2025-04-10T22:59:04.615] [INFO] default - Mapped {/api/v1/business/genres/:genreId, GET} route
[2025-04-10T22:59:04.615] [INFO] default - Mapped {/api/v1/business/genres, POST} route
[2025-04-10T22:59:04.615] [INFO] default - Mapped {/api/v1/business/genres/:genreId, DELETE} route
[2025-04-10T22:59:04.615] [INFO] default - Mapped {/api/v1/business/genres, PUT} route
[2025-04-10T22:59:04.615] [INFO] default - ConcertController {/api/v1/business/concerts}:
[2025-04-10T22:59:04.615] [INFO] default - Mapped {/api/v1/business/concerts/upcoming, GET} route
[2025-04-10T22:59:04.616] [INFO] default - Mapped {/api/v1/business/concerts, GET} route
[2025-04-10T22:59:04.616] [INFO] default - Mapped {/api/v1/business/concerts, GET} route
[2025-04-10T22:59:04.616] [INFO] default - Mapped {/api/v1/business/concerts/schedule, GET} route
[2025-04-10T22:59:04.616] [INFO] default - Mapped {/api/v1/business/concerts, POST} route
[2025-04-10T22:59:04.616] [INFO] default - Mapped {/api/v1/business/concerts/bulkCreate, POST} route
[2025-04-10T22:59:04.616] [INFO] default - Mapped {/api/v1/business/concerts/:id, GET} route
[2025-04-10T22:59:04.616] [INFO] default - CartController {/api/v1/business/carts}:
[2025-04-10T22:59:04.616] [INFO] default - Mapped {/api/v1/business/carts, POST} route
[2025-04-10T22:59:04.617] [INFO] default - Nest application successfully started
[2025-04-10T23:05:29.726] [INFO] default - Starting Nest application...
[2025-04-10T23:05:29.938] [INFO] default - App successfully configured Logger
[2025-04-10T23:05:29.938] [INFO] default - App successfully configured Filter Exception Controller
[2025-04-10T23:05:29.938] [INFO] default - App successfully configured Interceptors
[2025-04-10T23:05:29.938] [INFO] default - Nest app started with port [8092]
[2025-04-10T23:05:29.941] [INFO] default - AppController {/}:
[2025-04-10T23:05:29.942] [INFO] default - Mapped {/, GET} route
[2025-04-10T23:05:29.942] [INFO] default - GenreController {/api/v1/business/genres}:
[2025-04-10T23:05:29.942] [INFO] default - Mapped {/api/v1/business/genres, GET} route
[2025-04-10T23:05:29.942] [INFO] default - Mapped {/api/v1/business/genres/page, GET} route
[2025-04-10T23:05:29.943] [INFO] default - Mapped {/api/v1/business/genres/:genreId, GET} route
[2025-04-10T23:05:29.943] [INFO] default - Mapped {/api/v1/business/genres, POST} route
[2025-04-10T23:05:29.943] [INFO] default - Mapped {/api/v1/business/genres/:genreId, DELETE} route
[2025-04-10T23:05:29.943] [INFO] default - Mapped {/api/v1/business/genres, PUT} route
[2025-04-10T23:05:29.943] [INFO] default - ConcertController {/api/v1/business/concerts}:
[2025-04-10T23:05:29.943] [INFO] default - Mapped {/api/v1/business/concerts/upcoming, GET} route
[2025-04-10T23:05:29.943] [INFO] default - Mapped {/api/v1/business/concerts, GET} route
[2025-04-10T23:05:29.943] [INFO] default - Mapped {/api/v1/business/concerts, GET} route
[2025-04-10T23:05:29.944] [INFO] default - Mapped {/api/v1/business/concerts/schedule, GET} route
[2025-04-10T23:05:29.944] [INFO] default - Mapped {/api/v1/business/concerts, POST} route
[2025-04-10T23:05:29.944] [INFO] default - Mapped {/api/v1/business/concerts/bulkCreate, POST} route
[2025-04-10T23:05:29.944] [INFO] default - Mapped {/api/v1/business/concerts/:id, GET} route
[2025-04-10T23:05:29.944] [INFO] default - CartController {/api/v1/business/carts}:
[2025-04-10T23:05:29.944] [INFO] default - Mapped {/api/v1/business/carts, POST} route
[2025-04-10T23:05:29.945] [INFO] default - Nest application successfully started
[2025-04-10T23:09:04.135] [INFO] default - Starting Nest application...
[2025-04-10T23:09:04.349] [INFO] default - App successfully configured Logger
[2025-04-10T23:09:04.350] [INFO] default - App successfully configured Filter Exception Controller
[2025-04-10T23:09:04.350] [INFO] default - App successfully configured Interceptors
[2025-04-10T23:09:04.350] [INFO] default - Nest app started with port [8092]
[2025-04-10T23:09:04.352] [INFO] default - AppController {/}:
[2025-04-10T23:09:04.353] [INFO] default - Mapped {/, GET} route
[2025-04-10T23:09:04.353] [INFO] default - GenreController {/api/v1/business/genres}:
[2025-04-10T23:09:04.353] [INFO] default - Mapped {/api/v1/business/genres, GET} route
[2025-04-10T23:09:04.354] [INFO] default - Mapped {/api/v1/business/genres/page, GET} route
[2025-04-10T23:09:04.354] [INFO] default - Mapped {/api/v1/business/genres/:genreId, GET} route
[2025-04-10T23:09:04.354] [INFO] default - Mapped {/api/v1/business/genres, POST} route
[2025-04-10T23:09:04.354] [INFO] default - Mapped {/api/v1/business/genres/:genreId, DELETE} route
[2025-04-10T23:09:04.354] [INFO] default - Mapped {/api/v1/business/genres, PUT} route
[2025-04-10T23:09:04.354] [INFO] default - ConcertController {/api/v1/business/concerts}:
[2025-04-10T23:09:04.354] [INFO] default - Mapped {/api/v1/business/concerts/upcoming, GET} route
[2025-04-10T23:09:04.355] [INFO] default - Mapped {/api/v1/business/concerts, GET} route
[2025-04-10T23:09:04.355] [INFO] default - Mapped {/api/v1/business/concerts, GET} route
[2025-04-10T23:09:04.355] [INFO] default - Mapped {/api/v1/business/concerts/schedule, GET} route
[2025-04-10T23:09:04.355] [INFO] default - Mapped {/api/v1/business/concerts, POST} route
[2025-04-10T23:09:04.355] [INFO] default - Mapped {/api/v1/business/concerts/bulkCreate, POST} route
[2025-04-10T23:09:04.355] [INFO] default - Mapped {/api/v1/business/concerts/:id, GET} route
[2025-04-10T23:09:04.355] [INFO] default - CartController {/api/v1/business/carts}:
[2025-04-10T23:09:04.355] [INFO] default - Mapped {/api/v1/business/carts, POST} route
[2025-04-10T23:09:04.356] [INFO] default - Nest application successfully started
[2025-04-10T23:57:58.748] [INFO] default - Starting Nest application...
[2025-04-10T23:57:58.971] [INFO] default - App successfully configured Logger
[2025-04-10T23:57:58.971] [INFO] default - App successfully configured Filter Exception Controller
[2025-04-10T23:57:58.971] [INFO] default - App successfully configured Interceptors
[2025-04-10T23:57:58.971] [INFO] default - Nest app started with port [8092]
[2025-04-10T23:57:58.974] [INFO] default - AppController {/}:
[2025-04-10T23:57:58.975] [INFO] default - Mapped {/, GET} route
[2025-04-10T23:57:58.975] [INFO] default - GenreController {/api/v1/business/genres}:
[2025-04-10T23:57:58.975] [INFO] default - Mapped {/api/v1/business/genres, GET} route
[2025-04-10T23:57:58.975] [INFO] default - Mapped {/api/v1/business/genres/page, GET} route
[2025-04-10T23:57:58.976] [INFO] default - Mapped {/api/v1/business/genres/:genreId, GET} route
[2025-04-10T23:57:58.976] [INFO] default - Mapped {/api/v1/business/genres, POST} route
[2025-04-10T23:57:58.976] [INFO] default - Mapped {/api/v1/business/genres/:genreId, DELETE} route
[2025-04-10T23:57:58.976] [INFO] default - Mapped {/api/v1/business/genres, PUT} route
[2025-04-10T23:57:58.976] [INFO] default - ConcertController {/api/v1/business/concerts}:
[2025-04-10T23:57:58.976] [INFO] default - Mapped {/api/v1/business/concerts/upcoming, GET} route
[2025-04-10T23:57:58.977] [INFO] default - Mapped {/api/v1/business/concerts, GET} route
[2025-04-10T23:57:58.977] [INFO] default - Mapped {/api/v1/business/concerts, GET} route
[2025-04-10T23:57:58.977] [INFO] default - Mapped {/api/v1/business/concerts/schedule, GET} route
[2025-04-10T23:57:58.977] [INFO] default - Mapped {/api/v1/business/concerts, POST} route
[2025-04-10T23:57:58.977] [INFO] default - Mapped {/api/v1/business/concerts/bulkCreate, POST} route
[2025-04-10T23:57:58.977] [INFO] default - Mapped {/api/v1/business/concerts/:id, GET} route
[2025-04-10T23:57:58.977] [INFO] default - CartController {/api/v1/business/carts}:
[2025-04-10T23:57:58.977] [INFO] default - Mapped {/api/v1/business/carts, POST} route
[2025-04-10T23:57:58.978] [INFO] default - Nest application successfully started
[2025-04-10T23:58:58.923] [INFO] default - Starting Nest application...
[2025-04-10T23:58:59.123] [INFO] default - App successfully configured Logger
[2025-04-10T23:58:59.124] [INFO] default - App successfully configured Filter Exception Controller
[2025-04-10T23:58:59.124] [INFO] default - App successfully configured Interceptors
[2025-04-10T23:58:59.124] [INFO] default - Nest app started with port [8092]
[2025-04-10T23:58:59.126] [INFO] default - AppController {/}:
[2025-04-10T23:58:59.127] [INFO] default - Mapped {/, GET} route
[2025-04-10T23:58:59.127] [INFO] default - GenreController {/api/v1/business/genres}:
[2025-04-10T23:58:59.128] [INFO] default - Mapped {/api/v1/business/genres, GET} route
[2025-04-10T23:58:59.128] [INFO] default - Mapped {/api/v1/business/genres/page, GET} route
[2025-04-10T23:58:59.128] [INFO] default - Mapped {/api/v1/business/genres/:genreId, GET} route
[2025-04-10T23:58:59.128] [INFO] default - Mapped {/api/v1/business/genres, POST} route
[2025-04-10T23:58:59.129] [INFO] default - Mapped {/api/v1/business/genres/:genreId, DELETE} route
[2025-04-10T23:58:59.129] [INFO] default - Mapped {/api/v1/business/genres, PUT} route
[2025-04-10T23:58:59.129] [INFO] default - ConcertController {/api/v1/business/concerts}:
[2025-04-10T23:58:59.129] [INFO] default - Mapped {/api/v1/business/concerts/upcoming, GET} route
[2025-04-10T23:58:59.129] [INFO] default - Mapped {/api/v1/business/concerts, GET} route
[2025-04-10T23:58:59.129] [INFO] default - Mapped {/api/v1/business/concerts, GET} route
[2025-04-10T23:58:59.129] [INFO] default - Mapped {/api/v1/business/concerts/schedule, GET} route
[2025-04-10T23:58:59.129] [INFO] default - Mapped {/api/v1/business/concerts, POST} route
[2025-04-10T23:58:59.129] [INFO] default - Mapped {/api/v1/business/concerts/bulkCreate, POST} route
[2025-04-10T23:58:59.129] [INFO] default - Mapped {/api/v1/business/concerts/:id, GET} route
[2025-04-10T23:58:59.129] [INFO] default - CartController {/api/v1/business/carts}:
[2025-04-10T23:58:59.129] [INFO] default - Mapped {/api/v1/business/carts, POST} route
[2025-04-10T23:58:59.130] [INFO] default - Nest application successfully started
[2025-04-11T00:05:04.858] [INFO] default - Starting Nest application...
[2025-04-11T00:05:05.077] [INFO] default - App successfully configured Logger
[2025-04-11T00:05:05.078] [INFO] default - App successfully configured Filter Exception Controller
[2025-04-11T00:05:05.078] [INFO] default - App successfully configured Interceptors
[2025-04-11T00:05:05.078] [INFO] default - Nest app started with port [8092]
[2025-04-11T00:05:05.080] [INFO] default - AppController {/}:
[2025-04-11T00:05:05.081] [INFO] default - Mapped {/, GET} route
[2025-04-11T00:05:05.081] [INFO] default - GenreController {/api/v1/business/genres}:
[2025-04-11T00:05:05.082] [INFO] default - Mapped {/api/v1/business/genres, GET} route
[2025-04-11T00:05:05.082] [INFO] default - Mapped {/api/v1/business/genres/page, GET} route
[2025-04-11T00:05:05.082] [INFO] default - Mapped {/api/v1/business/genres/:genreId, GET} route
[2025-04-11T00:05:05.082] [INFO] default - Mapped {/api/v1/business/genres, POST} route
[2025-04-11T00:05:05.082] [INFO] default - Mapped {/api/v1/business/genres/:genreId, DELETE} route
[2025-04-11T00:05:05.082] [INFO] default - Mapped {/api/v1/business/genres, PUT} route
[2025-04-11T00:05:05.082] [INFO] default - ConcertController {/api/v1/business/concerts}:
[2025-04-11T00:05:05.083] [INFO] default - Mapped {/api/v1/business/concerts/upcoming, GET} route
[2025-04-11T00:05:05.083] [INFO] default - Mapped {/api/v1/business/concerts, GET} route
[2025-04-11T00:05:05.083] [INFO] default - Mapped {/api/v1/business/concerts, GET} route
[2025-04-11T00:05:05.083] [INFO] default - Mapped {/api/v1/business/concerts/schedule, GET} route
[2025-04-11T00:05:05.083] [INFO] default - Mapped {/api/v1/business/concerts, POST} route
[2025-04-11T00:05:05.083] [INFO] default - Mapped {/api/v1/business/concerts/bulkCreate, POST} route
[2025-04-11T00:05:05.083] [INFO] default - Mapped {/api/v1/business/concerts/:id, GET} route
[2025-04-11T00:05:05.083] [INFO] default - CartController {/api/v1/business/carts}:
[2025-04-11T00:05:05.083] [INFO] default - Mapped {/api/v1/business/carts, POST} route
[2025-04-11T00:05:05.084] [INFO] default - Nest application successfully started
[2025-04-11T00:06:40.417] [INFO] default - Starting Nest application...
[2025-04-11T00:06:40.639] [INFO] default - App successfully configured Logger
[2025-04-11T00:06:40.639] [INFO] default - App successfully configured Filter Exception Controller
[2025-04-11T00:06:40.639] [INFO] default - App successfully configured Interceptors
[2025-04-11T00:06:40.639] [INFO] default - Nest app started with port [8092]
[2025-04-11T00:06:40.642] [INFO] default - AppController {/}:
[2025-04-11T00:06:40.643] [INFO] default - Mapped {/, GET} route
[2025-04-11T00:06:40.643] [INFO] default - GenreController {/api/v1/business/genres}:
[2025-04-11T00:06:40.643] [INFO] default - Mapped {/api/v1/business/genres, GET} route
[2025-04-11T00:06:40.643] [INFO] default - Mapped {/api/v1/business/genres/page, GET} route
[2025-04-11T00:06:40.644] [INFO] default - Mapped {/api/v1/business/genres/:genreId, GET} route
[2025-04-11T00:06:40.644] [INFO] default - Mapped {/api/v1/business/genres, POST} route
[2025-04-11T00:06:40.644] [INFO] default - Mapped {/api/v1/business/genres/:genreId, DELETE} route
[2025-04-11T00:06:40.644] [INFO] default - Mapped {/api/v1/business/genres, PUT} route
[2025-04-11T00:06:40.644] [INFO] default - ConcertController {/api/v1/business/concerts}:
[2025-04-11T00:06:40.644] [INFO] default - Mapped {/api/v1/business/concerts/upcoming, GET} route
[2025-04-11T00:06:40.645] [INFO] default - Mapped {/api/v1/business/concerts, GET} route
[2025-04-11T00:06:40.645] [INFO] default - Mapped {/api/v1/business/concerts, GET} route
[2025-04-11T00:06:40.645] [INFO] default - Mapped {/api/v1/business/concerts/schedule, GET} route
[2025-04-11T00:06:40.645] [INFO] default - Mapped {/api/v1/business/concerts, POST} route
[2025-04-11T00:06:40.645] [INFO] default - Mapped {/api/v1/business/concerts/bulkCreate, POST} route
[2025-04-11T00:06:40.645] [INFO] default - Mapped {/api/v1/business/concerts/:id, GET} route
[2025-04-11T00:06:40.645] [INFO] default - CartController {/api/v1/business/carts}:
[2025-04-11T00:06:40.645] [INFO] default - Mapped {/api/v1/business/carts, POST} route
[2025-04-11T00:06:40.646] [INFO] default - Nest application successfully started
[2025-04-12T13:12:10.778] [INFO] default - Starting Nest application...
[2025-04-12T13:12:10.985] [INFO] default - App successfully configured Logger
[2025-04-12T13:12:10.985] [INFO] default - App successfully configured Filter Exception Controller
[2025-04-12T13:12:10.985] [INFO] default - App successfully configured Interceptors
[2025-04-12T13:12:10.985] [INFO] default - Nest app started with port [8092]
[2025-04-12T13:12:10.988] [INFO] default - AppController {/}:
[2025-04-12T13:12:10.989] [INFO] default - Mapped {/, GET} route
[2025-04-12T13:12:10.989] [INFO] default - GenreController {/api/v1/business/genres}:
[2025-04-12T13:12:10.989] [INFO] default - Mapped {/api/v1/business/genres, GET} route
[2025-04-12T13:12:10.989] [INFO] default - Mapped {/api/v1/business/genres/page, GET} route
[2025-04-12T13:12:10.990] [INFO] default - Mapped {/api/v1/business/genres/:genreId, GET} route
[2025-04-12T13:12:10.990] [INFO] default - Mapped {/api/v1/business/genres, POST} route
[2025-04-12T13:12:10.990] [INFO] default - Mapped {/api/v1/business/genres/:genreId, DELETE} route
[2025-04-12T13:12:10.990] [INFO] default - Mapped {/api/v1/business/genres, PUT} route
[2025-04-12T13:12:10.990] [INFO] default - ConcertController {/api/v1/business/concerts}:
[2025-04-12T13:12:10.990] [INFO] default - Mapped {/api/v1/business/concerts/upcoming, GET} route
[2025-04-12T13:12:10.990] [INFO] default - Mapped {/api/v1/business/concerts, GET} route
[2025-04-12T13:12:10.990] [INFO] default - Mapped {/api/v1/business/concerts, GET} route
[2025-04-12T13:12:10.990] [INFO] default - Mapped {/api/v1/business/concerts/schedule, GET} route
[2025-04-12T13:12:10.991] [INFO] default - Mapped {/api/v1/business/concerts, POST} route
[2025-04-12T13:12:10.991] [INFO] default - Mapped {/api/v1/business/concerts/bulkCreate, POST} route
[2025-04-12T13:12:10.991] [INFO] default - Mapped {/api/v1/business/concerts/:id, GET} route
[2025-04-12T13:12:10.991] [INFO] default - CartController {/api/v1/business/carts}:
[2025-04-12T13:12:10.991] [INFO] default - Mapped {/api/v1/business/carts, POST} route
[2025-04-12T13:12:10.992] [INFO] default - Nest application successfully started
[2025-04-13T00:35:58.124] [INFO] default - Starting Nest application...
[2025-04-13T00:35:58.351] [INFO] default - App successfully configured Logger
[2025-04-13T00:35:58.351] [INFO] default - App successfully configured Filter Exception Controller
[2025-04-13T00:35:58.351] [INFO] default - App successfully configured Interceptors
[2025-04-13T00:35:58.351] [INFO] default - Nest app started with port [8092]
[2025-04-13T00:35:58.354] [INFO] default - AppController {/}:
[2025-04-13T00:35:58.355] [INFO] default - Mapped {/, GET} route
[2025-04-13T00:35:58.355] [INFO] default - GenreController {/api/v1/business/genres}:
[2025-04-13T00:35:58.355] [INFO] default - Mapped {/api/v1/business/genres, GET} route
[2025-04-13T00:35:58.355] [INFO] default - Mapped {/api/v1/business/genres/page, GET} route
[2025-04-13T00:35:58.356] [INFO] default - Mapped {/api/v1/business/genres/:genreId, GET} route
[2025-04-13T00:35:58.356] [INFO] default - Mapped {/api/v1/business/genres, POST} route
[2025-04-13T00:35:58.356] [INFO] default - Mapped {/api/v1/business/genres/:genreId, DELETE} route
[2025-04-13T00:35:58.356] [INFO] default - Mapped {/api/v1/business/genres, PUT} route
[2025-04-13T00:35:58.356] [INFO] default - ConcertController {/api/v1/business/concerts}:
[2025-04-13T00:35:58.356] [INFO] default - Mapped {/api/v1/business/concerts/upcoming, GET} route
[2025-04-13T00:35:58.356] [INFO] default - Mapped {/api/v1/business/concerts, GET} route
[2025-04-13T00:35:58.357] [INFO] default - Mapped {/api/v1/business/concerts, GET} route
[2025-04-13T00:35:58.357] [INFO] default - Mapped {/api/v1/business/concerts/schedule, GET} route
[2025-04-13T00:35:58.357] [INFO] default - Mapped {/api/v1/business/concerts, POST} route
[2025-04-13T00:35:58.357] [INFO] default - Mapped {/api/v1/business/concerts/bulkCreate, POST} route
[2025-04-13T00:35:58.357] [INFO] default - Mapped {/api/v1/business/concerts/:id, GET} route
[2025-04-13T00:35:58.357] [INFO] default - CartController {/api/v1/business/carts}:
[2025-04-13T00:35:58.357] [INFO] default - Mapped {/api/v1/business/carts, POST} route
[2025-04-13T00:35:58.358] [INFO] default - Nest application successfully started
[2025-04-13T12:01:24.999] [INFO] default - Starting Nest application...
[2025-04-13T12:01:49.744] [INFO] default - Starting Nest application...
[2025-04-13T12:01:49.898] [INFO] default - App successfully configured Logger
[2025-04-13T12:01:49.898] [INFO] default - App successfully configured Filter Exception Controller
[2025-04-13T12:01:49.898] [INFO] default - App successfully configured Interceptors
[2025-04-13T12:01:49.898] [INFO] default - Nest app started with port [8092]
[2025-04-13T12:01:49.901] [INFO] default - AppController {/}:
[2025-04-13T12:01:49.902] [INFO] default - Mapped {/, GET} route
[2025-04-13T12:01:49.902] [INFO] default - GenreController {/api/v1/business/genres}:
[2025-04-13T12:01:49.902] [INFO] default - Mapped {/api/v1/business/genres, GET} route
[2025-04-13T12:01:49.902] [INFO] default - Mapped {/api/v1/business/genres/page, GET} route
[2025-04-13T12:01:49.903] [INFO] default - Mapped {/api/v1/business/genres/:genreId, GET} route
[2025-04-13T12:01:49.903] [INFO] default - Mapped {/api/v1/business/genres, POST} route
[2025-04-13T12:01:49.903] [INFO] default - Mapped {/api/v1/business/genres/:genreId, DELETE} route
[2025-04-13T12:01:49.903] [INFO] default - Mapped {/api/v1/business/genres, PUT} route
[2025-04-13T12:01:49.903] [INFO] default - ConcertController {/api/v1/business/concerts}:
[2025-04-13T12:01:49.903] [INFO] default - Mapped {/api/v1/business/concerts/upcoming, GET} route
[2025-04-13T12:01:49.903] [INFO] default - Mapped {/api/v1/business/concerts, GET} route
[2025-04-13T12:01:49.904] [INFO] default - Mapped {/api/v1/business/concerts, GET} route
[2025-04-13T12:01:49.904] [INFO] default - Mapped {/api/v1/business/concerts/schedule, GET} route
[2025-04-13T12:01:49.904] [INFO] default - Mapped {/api/v1/business/concerts, POST} route
[2025-04-13T12:01:49.904] [INFO] default - Mapped {/api/v1/business/concerts/bulkCreate, POST} route
[2025-04-13T12:01:49.904] [INFO] default - Mapped {/api/v1/business/concerts/:id, GET} route
[2025-04-13T12:01:49.905] [INFO] default - Nest application successfully started
[2025-04-13T12:03:44.503] [INFO] default - Starting Nest application...
[2025-04-13T12:03:44.716] [INFO] default - App successfully configured Logger
[2025-04-13T12:03:44.717] [INFO] default - App successfully configured Filter Exception Controller
[2025-04-13T12:03:44.717] [INFO] default - App successfully configured Interceptors
[2025-04-13T12:03:44.717] [INFO] default - Nest app started with port [8092]
[2025-04-13T12:03:44.719] [INFO] default - AppController {/}:
[2025-04-13T12:03:44.720] [INFO] default - Mapped {/, GET} route
[2025-04-13T12:03:44.720] [INFO] default - GenreController {/api/v1/business/genres}:
[2025-04-13T12:03:44.721] [INFO] default - Mapped {/api/v1/business/genres, GET} route
[2025-04-13T12:03:44.721] [INFO] default - Mapped {/api/v1/business/genres/page, GET} route
[2025-04-13T12:03:44.721] [INFO] default - Mapped {/api/v1/business/genres/:genreId, GET} route
[2025-04-13T12:03:44.721] [INFO] default - Mapped {/api/v1/business/genres, POST} route
[2025-04-13T12:03:44.721] [INFO] default - Mapped {/api/v1/business/genres/:genreId, DELETE} route
[2025-04-13T12:03:44.721] [INFO] default - Mapped {/api/v1/business/genres, PUT} route
[2025-04-13T12:03:44.722] [INFO] default - ConcertController {/api/v1/business/concerts}:
[2025-04-13T12:03:44.722] [INFO] default - Mapped {/api/v1/business/concerts/upcoming, GET} route
[2025-04-13T12:03:44.722] [INFO] default - Mapped {/api/v1/business/concerts, GET} route
[2025-04-13T12:03:44.722] [INFO] default - Mapped {/api/v1/business/concerts, GET} route
[2025-04-13T12:03:44.722] [INFO] default - Mapped {/api/v1/business/concerts/schedule, GET} route
[2025-04-13T12:03:44.722] [INFO] default - Mapped {/api/v1/business/concerts, POST} route
[2025-04-13T12:03:44.722] [INFO] default - Mapped {/api/v1/business/concerts/bulkCreate, POST} route
[2025-04-13T12:03:44.722] [INFO] default - Mapped {/api/v1/business/concerts/:id, GET} route
[2025-04-13T12:03:44.723] [INFO] default - Nest application successfully started
[2025-04-13T12:06:13.741] [INFO] default - Starting Nest application...
[2025-04-13T12:06:13.958] [INFO] default - App successfully configured Logger
[2025-04-13T12:06:13.958] [INFO] default - App successfully configured Filter Exception Controller
[2025-04-13T12:06:13.959] [INFO] default - App successfully configured Interceptors
[2025-04-13T12:06:13.959] [INFO] default - Nest app started with port [8092]
[2025-04-13T12:06:13.961] [INFO] default - AppController {/}:
[2025-04-13T12:06:13.962] [INFO] default - Mapped {/, GET} route
[2025-04-13T12:06:13.962] [INFO] default - GenreController {/api/v1/business/genres}:
[2025-04-13T12:06:13.963] [INFO] default - Mapped {/api/v1/business/genres, GET} route
[2025-04-13T12:06:13.963] [INFO] default - Mapped {/api/v1/business/genres/page, GET} route
[2025-04-13T12:06:13.963] [INFO] default - Mapped {/api/v1/business/genres/:genreId, GET} route
[2025-04-13T12:06:13.963] [INFO] default - Mapped {/api/v1/business/genres, POST} route
[2025-04-13T12:06:13.963] [INFO] default - Mapped {/api/v1/business/genres/:genreId, DELETE} route
[2025-04-13T12:06:13.964] [INFO] default - Mapped {/api/v1/business/genres, PUT} route
[2025-04-13T12:06:13.964] [INFO] default - ConcertController {/api/v1/business/concerts}:
[2025-04-13T12:06:13.964] [INFO] default - Mapped {/api/v1/business/concerts/upcoming, GET} route
[2025-04-13T12:06:13.964] [INFO] default - Mapped {/api/v1/business/concerts, GET} route
[2025-04-13T12:06:13.964] [INFO] default - Mapped {/api/v1/business/concerts, GET} route
[2025-04-13T12:06:13.964] [INFO] default - Mapped {/api/v1/business/concerts/schedule, GET} route
[2025-04-13T12:06:13.964] [INFO] default - Mapped {/api/v1/business/concerts, POST} route
[2025-04-13T12:06:13.964] [INFO] default - Mapped {/api/v1/business/concerts/bulkCreate, POST} route
[2025-04-13T12:06:13.964] [INFO] default - Mapped {/api/v1/business/concerts/:id, GET} route
[2025-04-13T12:06:13.965] [INFO] default - Nest application successfully started
[2025-04-13T12:34:46.011] [INFO] default - Starting Nest application...
[2025-04-13T12:34:46.221] [INFO] default - App successfully configured Logger
[2025-04-13T12:34:46.221] [INFO] default - App successfully configured Filter Exception Controller
[2025-04-13T12:34:46.221] [INFO] default - App successfully configured Interceptors
[2025-04-13T12:34:46.221] [INFO] default - Nest app started with port [8092]
[2025-04-13T12:34:46.224] [INFO] default - AppController {/}:
[2025-04-13T12:34:46.224] [INFO] default - Mapped {/, GET} route
[2025-04-13T12:34:46.224] [INFO] default - GenreController {/api/v1/business/genres}:
[2025-04-13T12:34:46.225] [INFO] default - Mapped {/api/v1/business/genres, GET} route
[2025-04-13T12:34:46.225] [INFO] default - Mapped {/api/v1/business/genres/page, GET} route
[2025-04-13T12:34:46.225] [INFO] default - Mapped {/api/v1/business/genres/:genreId, GET} route
[2025-04-13T12:34:46.225] [INFO] default - Mapped {/api/v1/business/genres, POST} route
[2025-04-13T12:34:46.226] [INFO] default - Mapped {/api/v1/business/genres/:genreId, DELETE} route
[2025-04-13T12:34:46.226] [INFO] default - Mapped {/api/v1/business/genres, PUT} route
[2025-04-13T12:34:46.226] [INFO] default - ConcertController {/api/v1/business/concerts}:
[2025-04-13T12:34:46.226] [INFO] default - Mapped {/api/v1/business/concerts/upcoming, GET} route
[2025-04-13T12:34:46.226] [INFO] default - Mapped {/api/v1/business/concerts, GET} route
[2025-04-13T12:34:46.226] [INFO] default - Mapped {/api/v1/business/concerts, GET} route
[2025-04-13T12:34:46.226] [INFO] default - Mapped {/api/v1/business/concerts/schedule, GET} route
[2025-04-13T12:34:46.226] [INFO] default - Mapped {/api/v1/business/concerts, POST} route
[2025-04-13T12:34:46.226] [INFO] default - Mapped {/api/v1/business/concerts/bulkCreate, POST} route
[2025-04-13T12:34:46.226] [INFO] default - Mapped {/api/v1/business/concerts/:id, GET} route
[2025-04-13T12:34:46.227] [INFO] default - Nest application successfully started
[2025-04-13 16:31:21.893] [INFO] [default] - Starting Nest application...
[2025-04-13 16:31:47.386] [INFO] [default] - Starting Nest application...
[2025-04-13 16:31:47.601] [INFO] [default] - App successfully configured Logger
[2025-04-13 16:31:47.602] [INFO] [default] - App successfully configured Filter Exception Controller
[2025-04-13 16:31:47.602] [INFO] [default] - App successfully configured Interceptors
[2025-04-13 16:31:47.602] [INFO] [default] - Nest app started with port [8092]
[2025-04-13 16:31:47.604] [INFO] [default] - AppController {/}:
[2025-04-13 16:31:47.605] [INFO] [default] - Mapped {/, GET} route
[2025-04-13 16:31:47.605] [INFO] [default] - GenreController {/api/v1/business/genres}:
[2025-04-13 16:31:47.605] [INFO] [default] - Mapped {/api/v1/business/genres, GET} route
[2025-04-13 16:31:47.606] [INFO] [default] - Mapped {/api/v1/business/genres/page, GET} route
[2025-04-13 16:31:47.606] [INFO] [default] - Mapped {/api/v1/business/genres/:genreId, GET} route
[2025-04-13 16:31:47.606] [INFO] [default] - Mapped {/api/v1/business/genres, POST} route
[2025-04-13 16:31:47.606] [INFO] [default] - Mapped {/api/v1/business/genres/:genreId, DELETE} route
[2025-04-13 16:31:47.606] [INFO] [default] - Mapped {/api/v1/business/genres, PUT} route
[2025-04-13 16:31:47.606] [INFO] [default] - ConcertController {/api/v1/business/concerts}:
[2025-04-13 16:31:47.606] [INFO] [default] - Mapped {/api/v1/business/concerts/upcoming, GET} route
[2025-04-13 16:31:47.607] [INFO] [default] - Mapped {/api/v1/business/concerts, GET} route
[2025-04-13 16:31:47.607] [INFO] [default] - Mapped {/api/v1/business/concerts, GET} route
[2025-04-13 16:31:47.607] [INFO] [default] - Mapped {/api/v1/business/concerts/schedule, GET} route
[2025-04-13 16:31:47.607] [INFO] [default] - Mapped {/api/v1/business/concerts, POST} route
[2025-04-13 16:31:47.607] [INFO] [default] - Mapped {/api/v1/business/concerts/bulkCreate, POST} route
[2025-04-13 16:31:47.607] [INFO] [default] - Mapped {/api/v1/business/concerts/:id, GET} route
[2025-04-13 16:31:47.608] [INFO] [default] - Nest application successfully started
[2025-04-13 21:31:51.599] [INFO] [default] - Starting Nest application...
[2025-04-13 21:31:51.857] [INFO] [default] - App successfully configured Logger
[2025-04-13 21:31:51.857] [INFO] [default] - App successfully configured Filter Exception Controller
[2025-04-13 21:31:51.857] [INFO] [default] - App successfully configured Interceptors
[2025-04-13 21:31:51.857] [INFO] [default] - Nest app started with port [8092]
[2025-04-13 21:31:51.859] [INFO] [default] - AppController {/}:
[2025-04-13 21:31:51.860] [INFO] [default] - Mapped {/, GET} route
[2025-04-13 21:31:51.860] [INFO] [default] - GenreController {/api/v1/business/genres}:
[2025-04-13 21:31:51.860] [INFO] [default] - Mapped {/api/v1/business/genres, GET} route
[2025-04-13 21:31:51.861] [INFO] [default] - Mapped {/api/v1/business/genres/page, GET} route
[2025-04-13 21:31:51.861] [INFO] [default] - Mapped {/api/v1/business/genres/:genreId, GET} route
[2025-04-13 21:31:51.861] [INFO] [default] - Mapped {/api/v1/business/genres, POST} route
[2025-04-13 21:31:51.862] [INFO] [default] - Mapped {/api/v1/business/genres/:genreId, DELETE} route
[2025-04-13 21:31:51.862] [INFO] [default] - Mapped {/api/v1/business/genres, PUT} route
[2025-04-13 21:31:51.862] [INFO] [default] - ConcertController {/api/v1/business/concerts}:
[2025-04-13 21:31:51.862] [INFO] [default] - Mapped {/api/v1/business/concerts/upcoming, GET} route
[2025-04-13 21:31:51.862] [INFO] [default] - Mapped {/api/v1/business/concerts, GET} route
[2025-04-13 21:31:51.862] [INFO] [default] - Mapped {/api/v1/business/concerts, GET} route
[2025-04-13 21:31:51.862] [INFO] [default] - Mapped {/api/v1/business/concerts/schedule, GET} route
[2025-04-13 21:31:51.862] [INFO] [default] - Mapped {/api/v1/business/concerts, POST} route
[2025-04-13 21:31:51.862] [INFO] [default] - Mapped {/api/v1/business/concerts/bulkCreate, POST} route
[2025-04-13 21:31:51.863] [INFO] [default] - Mapped {/api/v1/business/concerts/:id, GET} route
[2025-04-13 21:31:51.863] [INFO] [default] - Nest application successfully started
[2025-04-13 21:36:43.638] [INFO] [default] - Starting Nest application...
[2025-04-13 21:36:43.817] [INFO] [default] - App successfully configured Logger
[2025-04-13 21:36:43.817] [INFO] [default] - App successfully configured Filter Exception Controller
[2025-04-13 21:36:43.817] [INFO] [default] - App successfully configured Interceptors
[2025-04-13 21:36:43.817] [INFO] [default] - Nest app started with port [8092]
[2025-04-13 21:36:43.825] [INFO] [default] - AppController {/}:
[2025-04-13 21:36:43.826] [INFO] [default] - Mapped {/, GET} route
[2025-04-13 21:36:43.826] [INFO] [default] - GenreController {/api/v1/business/genres}:
[2025-04-13 21:36:43.826] [INFO] [default] - Mapped {/api/v1/business/genres, GET} route
[2025-04-13 21:36:43.826] [INFO] [default] - Mapped {/api/v1/business/genres/page, GET} route
[2025-04-13 21:36:43.826] [INFO] [default] - Mapped {/api/v1/business/genres/:genreId, GET} route
[2025-04-13 21:36:43.827] [INFO] [default] - Mapped {/api/v1/business/genres, POST} route
[2025-04-13 21:36:43.827] [INFO] [default] - Mapped {/api/v1/business/genres/:genreId, DELETE} route
[2025-04-13 21:36:43.827] [INFO] [default] - Mapped {/api/v1/business/genres, PUT} route
[2025-04-13 21:36:43.827] [INFO] [default] - ConcertController {/api/v1/business/concerts}:
[2025-04-13 21:36:43.827] [INFO] [default] - Mapped {/api/v1/business/concerts/upcoming, GET} route
[2025-04-13 21:36:43.827] [INFO] [default] - Mapped {/api/v1/business/concerts, GET} route
[2025-04-13 21:36:43.827] [INFO] [default] - Mapped {/api/v1/business/concerts, GET} route
[2025-04-13 21:36:43.827] [INFO] [default] - Mapped {/api/v1/business/concerts/schedule, GET} route
[2025-04-13 21:36:43.827] [INFO] [default] - Mapped {/api/v1/business/concerts, POST} route
[2025-04-13 21:36:43.827] [INFO] [default] - Mapped {/api/v1/business/concerts/bulkCreate, POST} route
[2025-04-13 21:36:43.827] [INFO] [default] - Mapped {/api/v1/business/concerts/:id, GET} route
[2025-04-13 21:36:43.828] [INFO] [default] - Nest application successfully started
[2025-04-13 21:38:44.561] [INFO] [default] - Starting Nest application...
[2025-04-13 21:38:44.762] [INFO] [default] - App successfully configured Logger
[2025-04-13 21:38:44.762] [INFO] [default] - App successfully configured Filter Exception Controller
[2025-04-13 21:38:44.762] [INFO] [default] - App successfully configured Interceptors
[2025-04-13 21:38:44.762] [INFO] [default] - Nest app started with port [8092]
[2025-04-13 21:38:44.771] [INFO] [default] - AppController {/}:
[2025-04-13 21:38:44.771] [INFO] [default] - Mapped {/, GET} route
[2025-04-13 21:38:44.771] [INFO] [default] - GenreController {/api/v1/business/genres}:
[2025-04-13 21:38:44.771] [INFO] [default] - Mapped {/api/v1/business/genres, GET} route
[2025-04-13 21:38:44.772] [INFO] [default] - Mapped {/api/v1/business/genres/page, GET} route
[2025-04-13 21:38:44.772] [INFO] [default] - Mapped {/api/v1/business/genres/:genreId, GET} route
[2025-04-13 21:38:44.772] [INFO] [default] - Mapped {/api/v1/business/genres, POST} route
[2025-04-13 21:38:44.772] [INFO] [default] - Mapped {/api/v1/business/genres/:genreId, DELETE} route
[2025-04-13 21:38:44.772] [INFO] [default] - Mapped {/api/v1/business/genres, PUT} route
[2025-04-13 21:38:44.772] [INFO] [default] - ConcertController {/api/v1/business/concerts}:
[2025-04-13 21:38:44.772] [INFO] [default] - Mapped {/api/v1/business/concerts/upcoming, GET} route
[2025-04-13 21:38:44.773] [INFO] [default] - Mapped {/api/v1/business/concerts, GET} route
[2025-04-13 21:38:44.773] [INFO] [default] - Mapped {/api/v1/business/concerts, GET} route
[2025-04-13 21:38:44.773] [INFO] [default] - Mapped {/api/v1/business/concerts/schedule, GET} route
[2025-04-13 21:38:44.773] [INFO] [default] - Mapped {/api/v1/business/concerts, POST} route
[2025-04-13 21:38:44.773] [INFO] [default] - Mapped {/api/v1/business/concerts/bulkCreate, POST} route
[2025-04-13 21:38:44.773] [INFO] [default] - Mapped {/api/v1/business/concerts/:id, GET} route
[2025-04-13 21:38:44.774] [INFO] [default] - Nest application successfully started
[2025-04-13 21:49:27.485] [INFO] [default] - Starting Nest application...
[2025-04-13 21:49:27.681] [INFO] [default] - App successfully configured Logger
[2025-04-13 21:49:27.681] [INFO] [default] - App successfully configured Filter Exception Controller
[2025-04-13 21:49:27.681] [INFO] [default] - App successfully configured Interceptors
[2025-04-13 21:49:27.681] [INFO] [default] - Nest app started with port [8092]
[2025-04-13 21:49:27.689] [INFO] [default] - AppController {/}:
[2025-04-13 21:49:27.690] [INFO] [default] - Mapped {/, GET} route
[2025-04-13 21:49:27.690] [INFO] [default] - GenreController {/api/v1/business/genres}:
[2025-04-13 21:49:27.690] [INFO] [default] - Mapped {/api/v1/business/genres, GET} route
[2025-04-13 21:49:27.691] [INFO] [default] - Mapped {/api/v1/business/genres/page, GET} route
[2025-04-13 21:49:27.691] [INFO] [default] - Mapped {/api/v1/business/genres/:genreId, GET} route
[2025-04-13 21:49:27.691] [INFO] [default] - Mapped {/api/v1/business/genres, POST} route
[2025-04-13 21:49:27.691] [INFO] [default] - Mapped {/api/v1/business/genres/:genreId, DELETE} route
[2025-04-13 21:49:27.691] [INFO] [default] - Mapped {/api/v1/business/genres, PUT} route
[2025-04-13 21:49:27.691] [INFO] [default] - ConcertController {/api/v1/business/concerts}:
[2025-04-13 21:49:27.691] [INFO] [default] - Mapped {/api/v1/business/concerts/upcoming, GET} route
[2025-04-13 21:49:27.691] [INFO] [default] - Mapped {/api/v1/business/concerts, GET} route
[2025-04-13 21:49:27.691] [INFO] [default] - Mapped {/api/v1/business/concerts, GET} route
[2025-04-13 21:49:27.692] [INFO] [default] - Mapped {/api/v1/business/concerts/schedule, GET} route
[2025-04-13 21:49:27.692] [INFO] [default] - Mapped {/api/v1/business/concerts, POST} route
[2025-04-13 21:49:27.692] [INFO] [default] - Mapped {/api/v1/business/concerts/bulkCreate, POST} route
[2025-04-13 21:49:27.692] [INFO] [default] - Mapped {/api/v1/business/concerts/:id, GET} route
[2025-04-13 21:49:27.692] [INFO] [default] - Nest application successfully started
[2025-04-13 22:06:58.751] [INFO] [default] - Starting Nest application...
[2025-04-13 22:06:58.983] [INFO] [default] - App successfully configured Logger
[2025-04-13 22:06:58.983] [INFO] [default] - App successfully configured Filter Exception Controller
[2025-04-13 22:06:58.983] [INFO] [default] - App successfully configured Interceptors
[2025-04-13 22:06:58.983] [INFO] [default] - Nest app started with port [8092]
[2025-04-13 22:06:58.992] [INFO] [default] - AppController {/}:
[2025-04-13 22:06:58.993] [INFO] [default] - Mapped {/, GET} route
[2025-04-13 22:06:58.993] [INFO] [default] - GenreController {/api/v1/business/genres}:
[2025-04-13 22:06:58.993] [INFO] [default] - Mapped {/api/v1/business/genres, GET} route
[2025-04-13 22:06:58.994] [INFO] [default] - Mapped {/api/v1/business/genres/page, GET} route
[2025-04-13 22:06:58.994] [INFO] [default] - Mapped {/api/v1/business/genres/:genreId, GET} route
[2025-04-13 22:06:58.994] [INFO] [default] - Mapped {/api/v1/business/genres, POST} route
[2025-04-13 22:06:58.994] [INFO] [default] - Mapped {/api/v1/business/genres/:genreId, DELETE} route
[2025-04-13 22:06:58.994] [INFO] [default] - Mapped {/api/v1/business/genres, PUT} route
[2025-04-13 22:06:58.994] [INFO] [default] - ConcertController {/api/v1/business/concerts}:
[2025-04-13 22:06:58.994] [INFO] [default] - Mapped {/api/v1/business/concerts/upcoming, GET} route
[2025-04-13 22:06:58.994] [INFO] [default] - Mapped {/api/v1/business/concerts, GET} route
[2025-04-13 22:06:58.995] [INFO] [default] - Mapped {/api/v1/business/concerts, GET} route
[2025-04-13 22:06:58.995] [INFO] [default] - Mapped {/api/v1/business/concerts/schedule, GET} route
[2025-04-13 22:06:58.995] [INFO] [default] - Mapped {/api/v1/business/concerts, POST} route
[2025-04-13 22:06:58.995] [INFO] [default] - Mapped {/api/v1/business/concerts/bulkCreate, POST} route
[2025-04-13 22:06:58.995] [INFO] [default] - Mapped {/api/v1/business/concerts/:id, GET} route
[2025-04-13 22:06:58.996] [INFO] [default] - Nest application successfully started
[2025-04-13 22:16:05.961] [INFO] [default] - Starting Nest application...
[2025-04-13 22:16:06.188] [INFO] [default] - App successfully configured Logger
[2025-04-13 22:16:06.188] [INFO] [default] - App successfully configured Filter Exception Controller
[2025-04-13 22:16:06.188] [INFO] [default] - App successfully configured Interceptors
[2025-04-13 22:16:06.188] [INFO] [default] - Nest app started with port [8092]
[2025-04-13 22:16:06.197] [INFO] [default] - AppController {/}:
[2025-04-13 22:16:06.198] [INFO] [default] - Mapped {/, GET} route
[2025-04-13 22:16:06.198] [INFO] [default] - GenreController {/api/v1/business/genres}:
[2025-04-13 22:16:06.198] [INFO] [default] - Mapped {/api/v1/business/genres, GET} route
[2025-04-13 22:16:06.198] [INFO] [default] - Mapped {/api/v1/business/genres/page, GET} route
[2025-04-13 22:16:06.198] [INFO] [default] - Mapped {/api/v1/business/genres/:genreId, GET} route
[2025-04-13 22:16:06.199] [INFO] [default] - Mapped {/api/v1/business/genres, POST} route
[2025-04-13 22:16:06.199] [INFO] [default] - Mapped {/api/v1/business/genres/:genreId, DELETE} route
[2025-04-13 22:16:06.199] [INFO] [default] - Mapped {/api/v1/business/genres, PUT} route
[2025-04-13 22:16:06.199] [INFO] [default] - ConcertController {/api/v1/business/concerts}:
[2025-04-13 22:16:06.199] [INFO] [default] - Mapped {/api/v1/business/concerts/upcoming, GET} route
[2025-04-13 22:16:06.199] [INFO] [default] - Mapped {/api/v1/business/concerts, GET} route
[2025-04-13 22:16:06.199] [INFO] [default] - Mapped {/api/v1/business/concerts, GET} route
[2025-04-13 22:16:06.199] [INFO] [default] - Mapped {/api/v1/business/concerts/schedule, GET} route
[2025-04-13 22:16:06.199] [INFO] [default] - Mapped {/api/v1/business/concerts, POST} route
[2025-04-13 22:16:06.199] [INFO] [default] - Mapped {/api/v1/business/concerts/bulkCreate, POST} route
[2025-04-13 22:16:06.199] [INFO] [default] - Mapped {/api/v1/business/concerts/:id, GET} route
[2025-04-13 22:16:06.200] [INFO] [default] - Nest application successfully started
[2025-04-13 22:21:53.230] [INFO] [default] - Starting Nest application...
[2025-04-13 22:21:53.433] [INFO] [default] - App successfully configured Logger
[2025-04-13 22:21:53.433] [INFO] [default] - App successfully configured Filter Exception Controller
[2025-04-13 22:21:53.433] [INFO] [default] - App successfully configured Interceptors
[2025-04-13 22:21:53.434] [INFO] [default] - Nest app started with port [8092]
[2025-04-13 22:21:53.442] [INFO] [default] - AppController {/}:
[2025-04-13 22:21:53.443] [INFO] [default] - Mapped {/, GET} route
[2025-04-13 22:21:53.443] [INFO] [default] - GenreController {/api/v1/business/genres}:
[2025-04-13 22:21:53.443] [INFO] [default] - Mapped {/api/v1/business/genres, GET} route
[2025-04-13 22:21:53.444] [INFO] [default] - Mapped {/api/v1/business/genres/page, GET} route
[2025-04-13 22:21:53.444] [INFO] [default] - Mapped {/api/v1/business/genres/:genreId, GET} route
[2025-04-13 22:21:53.444] [INFO] [default] - Mapped {/api/v1/business/genres, POST} route
[2025-04-13 22:21:53.444] [INFO] [default] - Mapped {/api/v1/business/genres/:genreId, DELETE} route
[2025-04-13 22:21:53.444] [INFO] [default] - Mapped {/api/v1/business/genres, PUT} route
[2025-04-13 22:21:53.444] [INFO] [default] - ConcertController {/api/v1/business/concerts}:
[2025-04-13 22:21:53.444] [INFO] [default] - Mapped {/api/v1/business/concerts/upcoming, GET} route
[2025-04-13 22:21:53.444] [INFO] [default] - Mapped {/api/v1/business/concerts, GET} route
[2025-04-13 22:21:53.444] [INFO] [default] - Mapped {/api/v1/business/concerts, GET} route
[2025-04-13 22:21:53.445] [INFO] [default] - Mapped {/api/v1/business/concerts/schedule, GET} route
[2025-04-13 22:21:53.445] [INFO] [default] - Mapped {/api/v1/business/concerts, POST} route
[2025-04-13 22:21:53.445] [INFO] [default] - Mapped {/api/v1/business/concerts/bulkCreate, POST} route
[2025-04-13 22:21:53.445] [INFO] [default] - Mapped {/api/v1/business/concerts/:id, GET} route
[2025-04-13 22:21:53.445] [INFO] [default] - Nest application successfully started
[2025-04-13 22:24:41.761] [INFO] [default] - Starting Nest application...
[2025-04-13 22:24:41.970] [INFO] [default] - App successfully configured Logger
[2025-04-13 22:24:41.971] [INFO] [default] - App successfully configured Filter Exception Controller
[2025-04-13 22:24:41.971] [INFO] [default] - App successfully configured Interceptors
[2025-04-13 22:24:41.971] [INFO] [default] - Nest app started with port [8092]
[2025-04-13 22:24:41.980] [INFO] [default] - AppController {/}:
[2025-04-13 22:24:41.981] [INFO] [default] - Mapped {/, GET} route
[2025-04-13 22:24:41.981] [INFO] [default] - GenreController {/api/v1/business/genres}:
[2025-04-13 22:24:41.981] [INFO] [default] - Mapped {/api/v1/business/genres, GET} route
[2025-04-13 22:24:41.981] [INFO] [default] - Mapped {/api/v1/business/genres/page, GET} route
[2025-04-13 22:24:41.981] [INFO] [default] - Mapped {/api/v1/business/genres/:genreId, GET} route
[2025-04-13 22:24:41.981] [INFO] [default] - Mapped {/api/v1/business/genres, POST} route
[2025-04-13 22:24:41.982] [INFO] [default] - Mapped {/api/v1/business/genres/:genreId, DELETE} route
[2025-04-13 22:24:41.982] [INFO] [default] - Mapped {/api/v1/business/genres, PUT} route
[2025-04-13 22:24:41.982] [INFO] [default] - ConcertController {/api/v1/business/concerts}:
[2025-04-13 22:24:41.982] [INFO] [default] - Mapped {/api/v1/business/concerts/upcoming, GET} route
[2025-04-13 22:24:41.982] [INFO] [default] - Mapped {/api/v1/business/concerts, GET} route
[2025-04-13 22:24:41.982] [INFO] [default] - Mapped {/api/v1/business/concerts, GET} route
[2025-04-13 22:24:41.982] [INFO] [default] - Mapped {/api/v1/business/concerts/schedule, GET} route
[2025-04-13 22:24:41.982] [INFO] [default] - Mapped {/api/v1/business/concerts, POST} route
[2025-04-13 22:24:41.982] [INFO] [default] - Mapped {/api/v1/business/concerts/bulkCreate, POST} route
[2025-04-13 22:24:41.982] [INFO] [default] - Mapped {/api/v1/business/concerts/:id, GET} route
[2025-04-13 22:24:41.983] [INFO] [default] - Nest application successfully started
[2025-04-13 22:26:42.447] [INFO] [log-aspect] - Logging started: [ConcertController] create
[2025-04-13 22:26:42.456] [ERROR] [log-aspect] - Logging error: [ConcertController] create failed with error: undefined.
[2025-04-13 22:26:42.456] [INFO] [log-aspect] - Logging ended: [ConcertController] create ended after 10ms
[2025-04-13 22:30:51.139] [INFO] [default] - Starting Nest application...
[2025-04-13 22:30:51.364] [INFO] [default] - App successfully configured Logger
[2025-04-13 22:30:51.365] [INFO] [default] - App successfully configured Filter Exception Controller
[2025-04-13 22:30:51.365] [INFO] [default] - App successfully configured Interceptors
[2025-04-13 22:30:51.365] [INFO] [default] - Nest app started with port [8092]
[2025-04-13 22:30:51.386] [INFO] [default] - AppController {/}:
[2025-04-13 22:30:51.387] [INFO] [default] - Mapped {/, GET} route
[2025-04-13 22:30:51.387] [INFO] [default] - GenreController {/api/v1/business/genres}:
[2025-04-13 22:30:51.388] [INFO] [default] - Mapped {/api/v1/business/genres, GET} route
[2025-04-13 22:30:51.388] [INFO] [default] - Mapped {/api/v1/business/genres/page, GET} route
[2025-04-13 22:30:51.389] [INFO] [default] - Mapped {/api/v1/business/genres/:genreId, GET} route
[2025-04-13 22:30:51.389] [INFO] [default] - Mapped {/api/v1/business/genres, POST} route
[2025-04-13 22:30:51.389] [INFO] [default] - Mapped {/api/v1/business/genres/:genreId, DELETE} route
[2025-04-13 22:30:51.390] [INFO] [default] - Mapped {/api/v1/business/genres, PUT} route
[2025-04-13 22:30:51.390] [INFO] [default] - ConcertController {/api/v1/business/concerts}:
[2025-04-13 22:30:51.391] [INFO] [default] - Mapped {/api/v1/business/concerts/upcoming, GET} route
[2025-04-13 22:30:51.391] [INFO] [default] - Mapped {/api/v1/business/concerts, GET} route
[2025-04-13 22:30:51.392] [INFO] [default] - Mapped {/api/v1/business/concerts, GET} route
[2025-04-13 22:30:51.392] [INFO] [default] - Mapped {/api/v1/business/concerts/schedule, GET} route
[2025-04-13 22:30:51.392] [INFO] [default] - Mapped {/api/v1/business/concerts, POST} route
[2025-04-13 22:30:51.393] [INFO] [default] - Mapped {/api/v1/business/concerts/bulkCreate, POST} route
[2025-04-13 22:30:51.393] [INFO] [default] - Mapped {/api/v1/business/concerts/:id, GET} route
[2025-04-13 22:30:51.395] [INFO] [default] - Nest application successfully started
[2025-04-13 22:30:54.275] [INFO] [log-aspect] - Logging started: [ConcertController] create
[2025-04-13 22:30:54.279] [ERROR] [log-aspect] - Logging error: [ConcertController] create failed with error: undefined.
[2025-04-13 22:30:54.280] [INFO] [log-aspect] - Logging ended: [ConcertController] create ended after 5ms
[2025-04-13 22:33:41.036] [INFO] [default] - Starting Nest application...
[2025-04-13 22:33:41.234] [INFO] [default] - App successfully configured Logger
[2025-04-13 22:33:41.235] [INFO] [default] - App successfully configured Filter Exception Controller
[2025-04-13 22:33:41.235] [INFO] [default] - App successfully configured Interceptors
[2025-04-13 22:33:41.235] [INFO] [default] - Nest app started with port [8092]
[2025-04-13 22:33:41.244] [INFO] [default] - AppController {/}:
[2025-04-13 22:33:41.245] [INFO] [default] - Mapped {/, GET} route
[2025-04-13 22:33:41.245] [INFO] [default] - GenreController {/api/v1/business/genres}:
[2025-04-13 22:33:41.245] [INFO] [default] - Mapped {/api/v1/business/genres, GET} route
[2025-04-13 22:33:41.246] [INFO] [default] - Mapped {/api/v1/business/genres/page, GET} route
[2025-04-13 22:33:41.246] [INFO] [default] - Mapped {/api/v1/business/genres/:genreId, GET} route
[2025-04-13 22:33:41.246] [INFO] [default] - Mapped {/api/v1/business/genres, POST} route
[2025-04-13 22:33:41.246] [INFO] [default] - Mapped {/api/v1/business/genres/:genreId, DELETE} route
[2025-04-13 22:33:41.246] [INFO] [default] - Mapped {/api/v1/business/genres, PUT} route
[2025-04-13 22:33:41.246] [INFO] [default] - ConcertController {/api/v1/business/concerts}:
[2025-04-13 22:33:41.246] [INFO] [default] - Mapped {/api/v1/business/concerts/upcoming, GET} route
[2025-04-13 22:33:41.246] [INFO] [default] - Mapped {/api/v1/business/concerts, GET} route
[2025-04-13 22:33:41.247] [INFO] [default] - Mapped {/api/v1/business/concerts, GET} route
[2025-04-13 22:33:41.247] [INFO] [default] - Mapped {/api/v1/business/concerts/schedule, GET} route
[2025-04-13 22:33:41.247] [INFO] [default] - Mapped {/api/v1/business/concerts, POST} route
[2025-04-13 22:33:41.247] [INFO] [default] - Mapped {/api/v1/business/concerts/bulkCreate, POST} route
[2025-04-13 22:33:41.247] [INFO] [default] - Mapped {/api/v1/business/concerts/:id, GET} route
[2025-04-13 22:33:41.248] [INFO] [default] - Nest application successfully started
[2025-04-13 22:33:50.254] [INFO] [log-aspect] - Logging started: [ConcertController] create
[2025-04-13 22:33:50.258] [ERROR] [log-aspect] - Logging error: [ConcertController] create failed with error: Bad Request Exception.
[2025-04-13 22:33:50.258] [INFO] [log-aspect] - Logging ended: [ConcertController] create ended after 5ms
[2025-04-13 22:35:25.887] [INFO] [default] - Starting Nest application...
[2025-04-13 22:35:26.093] [INFO] [default] - App successfully configured Logger
[2025-04-13 22:35:26.094] [INFO] [default] - App successfully configured Filter Exception Controller
[2025-04-13 22:35:26.094] [INFO] [default] - App successfully configured Interceptors
[2025-04-13 22:35:26.094] [INFO] [default] - Nest app started with port [8092]
[2025-04-13 22:35:26.103] [INFO] [default] - AppController {/}:
[2025-04-13 22:35:26.103] [INFO] [default] - Mapped {/, GET} route
[2025-04-13 22:35:26.103] [INFO] [default] - GenreController {/api/v1/business/genres}:
[2025-04-13 22:35:26.104] [INFO] [default] - Mapped {/api/v1/business/genres, GET} route
[2025-04-13 22:35:26.104] [INFO] [default] - Mapped {/api/v1/business/genres/page, GET} route
[2025-04-13 22:35:26.104] [INFO] [default] - Mapped {/api/v1/business/genres/:genreId, GET} route
[2025-04-13 22:35:26.104] [INFO] [default] - Mapped {/api/v1/business/genres, POST} route
[2025-04-13 22:35:26.104] [INFO] [default] - Mapped {/api/v1/business/genres/:genreId, DELETE} route
[2025-04-13 22:35:26.104] [INFO] [default] - Mapped {/api/v1/business/genres, PUT} route
[2025-04-13 22:35:26.104] [INFO] [default] - ConcertController {/api/v1/business/concerts}:
[2025-04-13 22:35:26.104] [INFO] [default] - Mapped {/api/v1/business/concerts/upcoming, GET} route
[2025-04-13 22:35:26.105] [INFO] [default] - Mapped {/api/v1/business/concerts, GET} route
[2025-04-13 22:35:26.105] [INFO] [default] - Mapped {/api/v1/business/concerts, GET} route
[2025-04-13 22:35:26.105] [INFO] [default] - Mapped {/api/v1/business/concerts/schedule, GET} route
[2025-04-13 22:35:26.105] [INFO] [default] - Mapped {/api/v1/business/concerts, POST} route
[2025-04-13 22:35:26.105] [INFO] [default] - Mapped {/api/v1/business/concerts/bulkCreate, POST} route
[2025-04-13 22:35:26.105] [INFO] [default] - Mapped {/api/v1/business/concerts/:id, GET} route
[2025-04-13 22:35:26.106] [INFO] [default] - Nest application successfully started
[2025-04-13 22:35:32.559] [INFO] [log-aspect] - Logging started: [ConcertController] create
[2025-04-13 22:35:32.563] [ERROR] [log-aspect] - Logging error: [ConcertController] create failed with error: BadRequestException: Bad Request Exception.
[2025-04-13 22:35:32.563] [INFO] [log-aspect] - Logging ended: [ConcertController] create ended after 4ms
[2025-04-13 22:36:33.451] [INFO] [default] - Starting Nest application...
[2025-04-13 22:36:33.654] [INFO] [default] - App successfully configured Logger
[2025-04-13 22:36:33.655] [INFO] [default] - App successfully configured Filter Exception Controller
[2025-04-13 22:36:33.655] [INFO] [default] - App successfully configured Interceptors
[2025-04-13 22:36:33.655] [INFO] [default] - Nest app started with port [8092]
[2025-04-13 22:36:33.663] [INFO] [default] - AppController {/}:
[2025-04-13 22:36:33.664] [INFO] [default] - Mapped {/, GET} route
[2025-04-13 22:36:33.664] [INFO] [default] - GenreController {/api/v1/business/genres}:
[2025-04-13 22:36:33.664] [INFO] [default] - Mapped {/api/v1/business/genres, GET} route
[2025-04-13 22:36:33.664] [INFO] [default] - Mapped {/api/v1/business/genres/page, GET} route
[2025-04-13 22:36:33.664] [INFO] [default] - Mapped {/api/v1/business/genres/:genreId, GET} route
[2025-04-13 22:36:33.665] [INFO] [default] - Mapped {/api/v1/business/genres, POST} route
[2025-04-13 22:36:33.665] [INFO] [default] - Mapped {/api/v1/business/genres/:genreId, DELETE} route
[2025-04-13 22:36:33.665] [INFO] [default] - Mapped {/api/v1/business/genres, PUT} route
[2025-04-13 22:36:33.665] [INFO] [default] - ConcertController {/api/v1/business/concerts}:
[2025-04-13 22:36:33.665] [INFO] [default] - Mapped {/api/v1/business/concerts/upcoming, GET} route
[2025-04-13 22:36:33.665] [INFO] [default] - Mapped {/api/v1/business/concerts, GET} route
[2025-04-13 22:36:33.665] [INFO] [default] - Mapped {/api/v1/business/concerts, GET} route
[2025-04-13 22:36:33.665] [INFO] [default] - Mapped {/api/v1/business/concerts/schedule, GET} route
[2025-04-13 22:36:33.665] [INFO] [default] - Mapped {/api/v1/business/concerts, POST} route
[2025-04-13 22:36:33.665] [INFO] [default] - Mapped {/api/v1/business/concerts/bulkCreate, POST} route
[2025-04-13 22:36:33.665] [INFO] [default] - Mapped {/api/v1/business/concerts/:id, GET} route
[2025-04-13 22:36:33.666] [INFO] [default] - Nest application successfully started
[2025-04-13 22:36:40.407] [INFO] [log-aspect] - Logging started: [ConcertController] create
[2025-04-13 22:36:40.410] [ERROR] [log-aspect] - Logging error: [ConcertController] create failed with error: BadRequestException: Bad Request Exception.
[2025-04-13 22:36:40.410] [INFO] [log-aspect] - Logging ended: [ConcertController] create ended after 3ms
[2025-04-13 22:40:01.803] [INFO] [default] - Starting Nest application...
[2025-04-13 22:40:02.006] [INFO] [default] - App successfully configured Logger
[2025-04-13 22:40:02.006] [INFO] [default] - App successfully configured Filter Exception Controller
[2025-04-13 22:40:02.006] [INFO] [default] - App successfully configured Interceptors
[2025-04-13 22:40:02.006] [INFO] [default] - Nest app started with port [8092]
[2025-04-13 22:40:02.017] [INFO] [default] - AppController {/}:
[2025-04-13 22:40:02.018] [INFO] [default] - Mapped {/, GET} route
[2025-04-13 22:40:02.018] [INFO] [default] - GenreController {/api/v1/business/genres}:
[2025-04-13 22:40:02.018] [INFO] [default] - Mapped {/api/v1/business/genres, GET} route
[2025-04-13 22:40:02.018] [INFO] [default] - Mapped {/api/v1/business/genres/page, GET} route
[2025-04-13 22:40:02.019] [INFO] [default] - Mapped {/api/v1/business/genres/:genreId, GET} route
[2025-04-13 22:40:02.019] [INFO] [default] - Mapped {/api/v1/business/genres, POST} route
[2025-04-13 22:40:02.019] [INFO] [default] - Mapped {/api/v1/business/genres/:genreId, DELETE} route
[2025-04-13 22:40:02.019] [INFO] [default] - Mapped {/api/v1/business/genres, PUT} route
[2025-04-13 22:40:02.019] [INFO] [default] - ConcertController {/api/v1/business/concerts}:
[2025-04-13 22:40:02.019] [INFO] [default] - Mapped {/api/v1/business/concerts/upcoming, GET} route
[2025-04-13 22:40:02.019] [INFO] [default] - Mapped {/api/v1/business/concerts, GET} route
[2025-04-13 22:40:02.019] [INFO] [default] - Mapped {/api/v1/business/concerts, GET} route
[2025-04-13 22:40:02.020] [INFO] [default] - Mapped {/api/v1/business/concerts/schedule, GET} route
[2025-04-13 22:40:02.020] [INFO] [default] - Mapped {/api/v1/business/concerts, POST} route
[2025-04-13 22:40:02.020] [INFO] [default] - Mapped {/api/v1/business/concerts/bulkCreate, POST} route
[2025-04-13 22:40:02.020] [INFO] [default] - Mapped {/api/v1/business/concerts/:id, GET} route
[2025-04-13 22:40:02.021] [INFO] [default] - Nest application successfully started
[2025-04-13 22:40:04.816] [INFO] [log-aspect] - Logging started: [ConcertController] create
[2025-04-13 22:40:04.819] [ERROR] [log-aspect] - Logging error: [ConcertController] create failed with error: images must be an array.
[2025-04-13 22:40:04.820] [INFO] [log-aspect] - Logging ended: [ConcertController] create ended after 5ms
[2025-04-13 22:40:37.159] [INFO] [log-aspect] - Logging started: [ConcertController] create
[2025-04-13 22:40:37.185] [INFO] [concert-service] - Start create operation...
[2025-04-13 22:40:37.200] [INFO] [concert-service] - Set genre of concert
[2025-04-13 22:40:37.200] [INFO] [concert-service] - Set images of concert
[2025-04-13 22:40:37.210] [ERROR] [concert-service] - SequelizeDatabaseError: function checkconcerttimeduplication(unknown, unknown) does not exist
[2025-04-13 22:40:37.210] [INFO] [log-aspect] - Logging ended: [ConcertController] create ended after 51ms
[2025-04-13 22:42:44.265] [INFO] [default] - Starting Nest application...
[2025-04-13 22:42:44.469] [INFO] [default] - App successfully configured Logger
[2025-04-13 22:42:44.469] [INFO] [default] - App successfully configured Filter Exception Controller
[2025-04-13 22:42:44.469] [INFO] [default] - App successfully configured Interceptors
[2025-04-13 22:42:44.469] [INFO] [default] - Nest app started with port [8092]
[2025-04-13 22:42:44.478] [INFO] [default] - AppController {/}:
[2025-04-13 22:42:44.478] [INFO] [default] - Mapped {/, GET} route
[2025-04-13 22:42:44.478] [INFO] [default] - GenreController {/api/v1/business/genres}:
[2025-04-13 22:42:44.479] [INFO] [default] - Mapped {/api/v1/business/genres, GET} route
[2025-04-13 22:42:44.479] [INFO] [default] - Mapped {/api/v1/business/genres/page, GET} route
[2025-04-13 22:42:44.479] [INFO] [default] - Mapped {/api/v1/business/genres/:genreId, GET} route
[2025-04-13 22:42:44.479] [INFO] [default] - Mapped {/api/v1/business/genres, POST} route
[2025-04-13 22:42:44.479] [INFO] [default] - Mapped {/api/v1/business/genres/:genreId, DELETE} route
[2025-04-13 22:42:44.479] [INFO] [default] - Mapped {/api/v1/business/genres, PUT} route
[2025-04-13 22:42:44.479] [INFO] [default] - ConcertController {/api/v1/business/concerts}:
[2025-04-13 22:42:44.479] [INFO] [default] - Mapped {/api/v1/business/concerts/upcoming, GET} route
[2025-04-13 22:42:44.480] [INFO] [default] - Mapped {/api/v1/business/concerts, GET} route
[2025-04-13 22:42:44.480] [INFO] [default] - Mapped {/api/v1/business/concerts, GET} route
[2025-04-13 22:42:44.480] [INFO] [default] - Mapped {/api/v1/business/concerts/schedule, GET} route
[2025-04-13 22:42:44.480] [INFO] [default] - Mapped {/api/v1/business/concerts, POST} route
[2025-04-13 22:42:44.480] [INFO] [default] - Mapped {/api/v1/business/concerts/bulkCreate, POST} route
[2025-04-13 22:42:44.480] [INFO] [default] - Mapped {/api/v1/business/concerts/:id, GET} route
[2025-04-13 22:42:44.481] [INFO] [default] - Nest application successfully started
[2025-04-13 22:42:47.830] [INFO] [log-aspect] - Logging started: [ConcertController] create
[2025-04-13 22:42:47.841] [INFO] [concert-service] - Start create operation...
[2025-04-13 22:42:47.854] [INFO] [concert-service] - Set genre of concert
[2025-04-13 22:42:47.854] [INFO] [concert-service] - Set images of concert
[2025-04-13 22:42:47.865] [ERROR] [concert-service] - SequelizeDatabaseError: function checkconcerttimeduplication(unknown, unknown) does not exist
[2025-04-13 22:42:47.865] [INFO] [log-aspect] - Logging ended: [ConcertController] create ended after 35ms
[2025-04-13 22:43:06.850] [INFO] [default] - Starting Nest application...
[2025-04-13 22:43:07.061] [INFO] [default] - App successfully configured Logger
[2025-04-13 22:43:07.061] [INFO] [default] - App successfully configured Filter Exception Controller
[2025-04-13 22:43:07.061] [INFO] [default] - App successfully configured Interceptors
[2025-04-13 22:43:07.061] [INFO] [default] - Nest app started with port [8092]
[2025-04-13 22:43:07.070] [INFO] [default] - AppController {/}:
[2025-04-13 22:43:07.071] [INFO] [default] - Mapped {/, GET} route
[2025-04-13 22:43:07.071] [INFO] [default] - GenreController {/api/v1/business/genres}:
[2025-04-13 22:43:07.071] [INFO] [default] - Mapped {/api/v1/business/genres, GET} route
[2025-04-13 22:43:07.072] [INFO] [default] - Mapped {/api/v1/business/genres/page, GET} route
[2025-04-13 22:43:07.072] [INFO] [default] - Mapped {/api/v1/business/genres/:genreId, GET} route
[2025-04-13 22:43:07.072] [INFO] [default] - Mapped {/api/v1/business/genres, POST} route
[2025-04-13 22:43:07.072] [INFO] [default] - Mapped {/api/v1/business/genres/:genreId, DELETE} route
[2025-04-13 22:43:07.072] [INFO] [default] - Mapped {/api/v1/business/genres, PUT} route
[2025-04-13 22:43:07.072] [INFO] [default] - ConcertController {/api/v1/business/concerts}:
[2025-04-13 22:43:07.072] [INFO] [default] - Mapped {/api/v1/business/concerts/upcoming, GET} route
[2025-04-13 22:43:07.072] [INFO] [default] - Mapped {/api/v1/business/concerts, GET} route
[2025-04-13 22:43:07.073] [INFO] [default] - Mapped {/api/v1/business/concerts, GET} route
[2025-04-13 22:43:07.073] [INFO] [default] - Mapped {/api/v1/business/concerts/schedule, GET} route
[2025-04-13 22:43:07.073] [INFO] [default] - Mapped {/api/v1/business/concerts, POST} route
[2025-04-13 22:43:07.073] [INFO] [default] - Mapped {/api/v1/business/concerts/bulkCreate, POST} route
[2025-04-13 22:43:07.073] [INFO] [default] - Mapped {/api/v1/business/concerts/:id, GET} route
[2025-04-13 22:43:07.074] [INFO] [default] - Nest application successfully started
[2025-04-13 22:43:12.503] [INFO] [log-aspect] - Logging started: [ConcertController] create
[2025-04-13 22:43:12.521] [INFO] [concert-service] - Start create operation...
[2025-04-13 22:43:12.539] [INFO] [concert-service] - Set genre of concert
[2025-04-13 22:43:12.539] [INFO] [concert-service] - Set images of concert
[2025-04-13 22:43:12.545] [ERROR] [concert-service] - SequelizeDatabaseError: function checkconcerttimeduplication(unknown, unknown) does not exist
[2025-04-13 22:43:12.546] [INFO] [log-aspect] - Logging ended: [ConcertController] create ended after 43ms
[2025-04-13 22:45:01.180] [INFO] [default] - Starting Nest application...
[2025-04-13 22:45:01.389] [INFO] [default] - App successfully configured Logger
[2025-04-13 22:45:01.389] [INFO] [default] - App successfully configured Filter Exception Controller
[2025-04-13 22:45:01.389] [INFO] [default] - App successfully configured Interceptors
[2025-04-13 22:45:01.389] [INFO] [default] - Nest app started with port [8092]
[2025-04-13 22:45:01.398] [INFO] [default] - AppController {/}:
[2025-04-13 22:45:01.399] [INFO] [default] - Mapped {/, GET} route
[2025-04-13 22:45:01.399] [INFO] [default] - GenreController {/api/v1/business/genres}:
[2025-04-13 22:45:01.399] [INFO] [default] - Mapped {/api/v1/business/genres, GET} route
[2025-04-13 22:45:01.399] [INFO] [default] - Mapped {/api/v1/business/genres/page, GET} route
[2025-04-13 22:45:01.399] [INFO] [default] - Mapped {/api/v1/business/genres/:genreId, GET} route
[2025-04-13 22:45:01.399] [INFO] [default] - Mapped {/api/v1/business/genres, POST} route
[2025-04-13 22:45:01.399] [INFO] [default] - Mapped {/api/v1/business/genres/:genreId, DELETE} route
[2025-04-13 22:45:01.400] [INFO] [default] - Mapped {/api/v1/business/genres, PUT} route
[2025-04-13 22:45:01.400] [INFO] [default] - ConcertController {/api/v1/business/concerts}:
[2025-04-13 22:45:01.400] [INFO] [default] - Mapped {/api/v1/business/concerts/upcoming, GET} route
[2025-04-13 22:45:01.400] [INFO] [default] - Mapped {/api/v1/business/concerts, GET} route
[2025-04-13 22:45:01.400] [INFO] [default] - Mapped {/api/v1/business/concerts, GET} route
[2025-04-13 22:45:01.400] [INFO] [default] - Mapped {/api/v1/business/concerts/schedule, GET} route
[2025-04-13 22:45:01.400] [INFO] [default] - Mapped {/api/v1/business/concerts, POST} route
[2025-04-13 22:45:01.400] [INFO] [default] - Mapped {/api/v1/business/concerts/bulkCreate, POST} route
[2025-04-13 22:45:01.400] [INFO] [default] - Mapped {/api/v1/business/concerts/:id, GET} route
[2025-04-13 22:45:01.401] [INFO] [default] - Nest application successfully started
[2025-04-13 22:45:03.310] [INFO] [log-aspect] - Logging started: [ConcertController] create
[2025-04-13 22:45:03.317] [INFO] [concert-service] - Start create operation...
[2025-04-13 22:45:03.336] [INFO] [concert-service] - Set genre of concert
[2025-04-13 22:45:03.336] [INFO] [concert-service] - Set images of concert
[2025-04-13 22:45:03.345] [ERROR] [concert-service] - SequelizeDatabaseError: function checkconcerttimeduplication(unknown, unknown) does not exist
[2025-04-13 22:45:03.346] [INFO] [log-aspect] - Logging ended: [ConcertController] create ended after 36ms
[2025-04-13 22:49:34.036] [INFO] [default] - Starting Nest application...
[2025-04-13 22:49:34.229] [INFO] [default] - App successfully configured Logger
[2025-04-13 22:49:34.229] [INFO] [default] - App successfully configured Filter Exception Controller
[2025-04-13 22:49:34.229] [INFO] [default] - App successfully configured Interceptors
[2025-04-13 22:49:34.229] [INFO] [default] - Nest app started with port [8092]
[2025-04-13 22:49:34.238] [INFO] [default] - AppController {/}:
[2025-04-13 22:49:34.239] [INFO] [default] - Mapped {/, GET} route
[2025-04-13 22:49:34.239] [INFO] [default] - GenreController {/api/v1/business/genres}:
[2025-04-13 22:49:34.239] [INFO] [default] - Mapped {/api/v1/business/genres, GET} route
[2025-04-13 22:49:34.239] [INFO] [default] - Mapped {/api/v1/business/genres/page, GET} route
[2025-04-13 22:49:34.239] [INFO] [default] - Mapped {/api/v1/business/genres/:genreId, GET} route
[2025-04-13 22:49:34.240] [INFO] [default] - Mapped {/api/v1/business/genres, POST} route
[2025-04-13 22:49:34.240] [INFO] [default] - Mapped {/api/v1/business/genres/:genreId, DELETE} route
[2025-04-13 22:49:34.240] [INFO] [default] - Mapped {/api/v1/business/genres, PUT} route
[2025-04-13 22:49:34.240] [INFO] [default] - ConcertController {/api/v1/business/concerts}:
[2025-04-13 22:49:34.240] [INFO] [default] - Mapped {/api/v1/business/concerts/upcoming, GET} route
[2025-04-13 22:49:34.240] [INFO] [default] - Mapped {/api/v1/business/concerts, GET} route
[2025-04-13 22:49:34.240] [INFO] [default] - Mapped {/api/v1/business/concerts, GET} route
[2025-04-13 22:49:34.240] [INFO] [default] - Mapped {/api/v1/business/concerts/schedule, GET} route
[2025-04-13 22:49:34.241] [INFO] [default] - Mapped {/api/v1/business/concerts, POST} route
[2025-04-13 22:49:34.241] [INFO] [default] - Mapped {/api/v1/business/concerts/bulkCreate, POST} route
[2025-04-13 22:49:34.241] [INFO] [default] - Mapped {/api/v1/business/concerts/:id, GET} route
[2025-04-13 22:49:34.242] [INFO] [default] - Nest application successfully started
[2025-04-13 22:49:45.496] [INFO] [log-aspect] - Logging started: [ConcertController] create
[2025-04-13 22:49:45.509] [INFO] [concert-service] - Start create operation...
[2025-04-13 22:49:45.519] [INFO] [concert-service] - Set genre of concert
[2025-04-13 22:49:45.520] [INFO] [concert-service] - Set images of concert
[2025-04-13 22:49:45.528] [ERROR] [concert-service] - SequelizeDatabaseError: function checkconcerttimeduplication(unknown, unknown) does not exist
[2025-04-13 22:49:45.529] [INFO] [log-aspect] - Logging ended: [ConcertController] create ended after 33ms
[2025-04-13 22:53:46.107] [INFO] [default] - Starting Nest application...
[2025-04-13 22:53:46.303] [INFO] [default] - App successfully configured Logger
[2025-04-13 22:53:46.303] [INFO] [default] - App successfully configured Filter Exception Controller
[2025-04-13 22:53:46.303] [INFO] [default] - App successfully configured Interceptors
[2025-04-13 22:53:46.303] [INFO] [default] - Nest app started with port [8092]
[2025-04-13 22:53:46.312] [INFO] [default] - AppController {/}:
[2025-04-13 22:53:46.313] [INFO] [default] - Mapped {/, GET} route
[2025-04-13 22:53:46.313] [INFO] [default] - GenreController {/api/v1/business/genres}:
[2025-04-13 22:53:46.313] [INFO] [default] - Mapped {/api/v1/business/genres, GET} route
[2025-04-13 22:53:46.314] [INFO] [default] - Mapped {/api/v1/business/genres/page, GET} route
[2025-04-13 22:53:46.314] [INFO] [default] - Mapped {/api/v1/business/genres/:genreId, GET} route
[2025-04-13 22:53:46.314] [INFO] [default] - Mapped {/api/v1/business/genres, POST} route
[2025-04-13 22:53:46.314] [INFO] [default] - Mapped {/api/v1/business/genres/:genreId, DELETE} route
[2025-04-13 22:53:46.314] [INFO] [default] - Mapped {/api/v1/business/genres, PUT} route
[2025-04-13 22:53:46.314] [INFO] [default] - ConcertController {/api/v1/business/concerts}:
[2025-04-13 22:53:46.314] [INFO] [default] - Mapped {/api/v1/business/concerts/upcoming, GET} route
[2025-04-13 22:53:46.314] [INFO] [default] - Mapped {/api/v1/business/concerts, GET} route
[2025-04-13 22:53:46.315] [INFO] [default] - Mapped {/api/v1/business/concerts, GET} route
[2025-04-13 22:53:46.315] [INFO] [default] - Mapped {/api/v1/business/concerts/schedule, GET} route
[2025-04-13 22:53:46.315] [INFO] [default] - Mapped {/api/v1/business/concerts, POST} route
[2025-04-13 22:53:46.315] [INFO] [default] - Mapped {/api/v1/business/concerts/bulkCreate, POST} route
[2025-04-13 22:53:46.315] [INFO] [default] - Mapped {/api/v1/business/concerts/:id, GET} route
[2025-04-13 22:53:46.316] [INFO] [default] - Nest application successfully started
[2025-04-13 22:54:06.958] [INFO] [default] - Starting Nest application...
[2025-04-13 22:54:07.161] [INFO] [default] - App successfully configured Logger
[2025-04-13 22:54:07.162] [INFO] [default] - App successfully configured Filter Exception Controller
[2025-04-13 22:54:07.162] [INFO] [default] - App successfully configured Interceptors
[2025-04-13 22:54:07.162] [INFO] [default] - Nest app started with port [8092]
[2025-04-13 22:54:07.170] [INFO] [default] - AppController {/}:
[2025-04-13 22:54:07.171] [INFO] [default] - Mapped {/, GET} route
[2025-04-13 22:54:07.171] [INFO] [default] - GenreController {/api/v1/business/genres}:
[2025-04-13 22:54:07.171] [INFO] [default] - Mapped {/api/v1/business/genres, GET} route
[2025-04-13 22:54:07.172] [INFO] [default] - Mapped {/api/v1/business/genres/page, GET} route
[2025-04-13 22:54:07.172] [INFO] [default] - Mapped {/api/v1/business/genres/:genreId, GET} route
[2025-04-13 22:54:07.172] [INFO] [default] - Mapped {/api/v1/business/genres, POST} route
[2025-04-13 22:54:07.172] [INFO] [default] - Mapped {/api/v1/business/genres/:genreId, DELETE} route
[2025-04-13 22:54:07.172] [INFO] [default] - Mapped {/api/v1/business/genres, PUT} route
[2025-04-13 22:54:07.172] [INFO] [default] - ConcertController {/api/v1/business/concerts}:
[2025-04-13 22:54:07.172] [INFO] [default] - Mapped {/api/v1/business/concerts/upcoming, GET} route
[2025-04-13 22:54:07.173] [INFO] [default] - Mapped {/api/v1/business/concerts, GET} route
[2025-04-13 22:54:07.173] [INFO] [default] - Mapped {/api/v1/business/concerts, GET} route
[2025-04-13 22:54:07.173] [INFO] [default] - Mapped {/api/v1/business/concerts/schedule, GET} route
[2025-04-13 22:54:07.173] [INFO] [default] - Mapped {/api/v1/business/concerts, POST} route
[2025-04-13 22:54:07.173] [INFO] [default] - Mapped {/api/v1/business/concerts/bulkCreate, POST} route
[2025-04-13 22:54:07.173] [INFO] [default] - Mapped {/api/v1/business/concerts/:id, GET} route
[2025-04-13 22:54:07.174] [INFO] [default] - Nest application successfully started
[2025-04-13 22:54:48.484] [INFO] [log-aspect] - Logging started: [ConcertController] create
[2025-04-13 22:54:48.504] [INFO] [concert-service] - Start create operation...
[2025-04-13 22:54:48.528] [INFO] [concert-service] - Set genre of concert
[2025-04-13 22:54:48.528] [INFO] [concert-service] - Set images of concert
[2025-04-13 22:54:48.551] [ERROR] [concert-service] - SequelizeDatabaseError: function checkconcerttimeduplication(unknown, unknown) does not exist
[2025-04-13 22:54:48.551] [ERROR] [log-aspect] - Logging error: [ConcertController] create failed with error: Error
    at Query.run (/Users/nhannguyen/Documents/ITProject/opera-house-backend/business-service/node_modules/sequelize/src/dialects/postgres/query.js:76:25)
    at <anonymous> (/Users/nhannguyen/Documents/ITProject/opera-house-backend/business-service/node_modules/sequelize/src/sequelize.js:650:28)
    at process.processTicksAndRejections (node:internal/process/task_queues:105:5)
    at async ConcertService.isShowTimesOfConcertDuplicated (/Users/nhannguyen/Documents/ITProject/opera-house-backend/business-service/src/service/impl/concert.service.impl.ts:196:24)
    at async ConcertService.create (/Users/nhannguyen/Documents/ITProject/opera-house-backend/business-service/src/service/impl/concert.service.impl.ts:105:35)
    at async ConcertController.create (/Users/nhannguyen/Documents/ITProject/opera-house-backend/business-service/src/controller/concert.controller.ts:89:21).
[2025-04-13 22:54:48.551] [INFO] [log-aspect] - Logging ended: [ConcertController] create ended after 67ms
[2025-04-13 22:56:53.139] [INFO] [default] - Starting Nest application...
[2025-04-13 22:56:53.336] [INFO] [default] - App successfully configured Logger
[2025-04-13 22:56:53.336] [INFO] [default] - App successfully configured Filter Exception Controller
[2025-04-13 22:56:53.336] [INFO] [default] - App successfully configured Interceptors
[2025-04-13 22:56:53.336] [INFO] [default] - Nest app started with port [8092]
[2025-04-13 22:56:53.345] [INFO] [default] - AppController {/}:
[2025-04-13 22:56:53.346] [INFO] [default] - Mapped {/, GET} route
[2025-04-13 22:56:53.346] [INFO] [default] - GenreController {/api/v1/business/genres}:
[2025-04-13 22:56:53.346] [INFO] [default] - Mapped {/api/v1/business/genres, GET} route
[2025-04-13 22:56:53.346] [INFO] [default] - Mapped {/api/v1/business/genres/page, GET} route
[2025-04-13 22:56:53.346] [INFO] [default] - Mapped {/api/v1/business/genres/:genreId, GET} route
[2025-04-13 22:56:53.347] [INFO] [default] - Mapped {/api/v1/business/genres, POST} route
[2025-04-13 22:56:53.347] [INFO] [default] - Mapped {/api/v1/business/genres/:genreId, DELETE} route
[2025-04-13 22:56:53.347] [INFO] [default] - Mapped {/api/v1/business/genres, PUT} route
[2025-04-13 22:56:53.347] [INFO] [default] - ConcertController {/api/v1/business/concerts}:
[2025-04-13 22:56:53.347] [INFO] [default] - Mapped {/api/v1/business/concerts/upcoming, GET} route
[2025-04-13 22:56:53.347] [INFO] [default] - Mapped {/api/v1/business/concerts, GET} route
[2025-04-13 22:56:53.347] [INFO] [default] - Mapped {/api/v1/business/concerts, GET} route
[2025-04-13 22:56:53.347] [INFO] [default] - Mapped {/api/v1/business/concerts/schedule, GET} route
[2025-04-13 22:56:53.347] [INFO] [default] - Mapped {/api/v1/business/concerts, POST} route
[2025-04-13 22:56:53.347] [INFO] [default] - Mapped {/api/v1/business/concerts/bulkCreate, POST} route
[2025-04-13 22:56:53.347] [INFO] [default] - Mapped {/api/v1/business/concerts/:id, GET} route
[2025-04-13 22:56:53.348] [INFO] [default] - Nest application successfully started
[2025-04-13 22:56:55.963] [INFO] [log-aspect] - Logging started: [ConcertController] create
[2025-04-13 22:56:55.971] [INFO] [concert-service] - Start create operation...
[2025-04-13 22:56:55.994] [INFO] [concert-service] - Set genre of concert
[2025-04-13 22:56:55.994] [INFO] [concert-service] - Set images of concert
[2025-04-13 22:56:56.003] [ERROR] [concert-service] - SequelizeDatabaseError: function checkconcerttimeduplication(unknown, unknown) does not exist
[2025-04-13 22:56:56.004] [ERROR] [log-aspect] - Logging error: [ConcertController] create failed with error: Error
    at Query.run (/Users/nhannguyen/Documents/ITProject/opera-house-backend/business-service/node_modules/sequelize/src/dialects/postgres/query.js:76:25)
    at <anonymous> (/Users/nhannguyen/Documents/ITProject/opera-house-backend/business-service/node_modules/sequelize/src/sequelize.js:650:28)
    at process.processTicksAndRejections (node:internal/process/task_queues:105:5)
    at async ConcertService.isShowTimesOfConcertDuplicated (/Users/nhannguyen/Documents/ITProject/opera-house-backend/business-service/src/service/impl/concert.service.impl.ts:196:24)
    at async ConcertService.create (/Users/nhannguyen/Documents/ITProject/opera-house-backend/business-service/src/service/impl/concert.service.impl.ts:105:35)
    at async ConcertController.create (/Users/nhannguyen/Documents/ITProject/opera-house-backend/business-service/src/controller/concert.controller.ts:89:21).
[2025-04-13 22:56:56.004] [INFO] [log-aspect] - Logging ended: [ConcertController] create ended after 41ms
[2025-04-13 22:57:48.217] [INFO] [default] - Starting Nest application...
[2025-04-13 22:57:48.435] [INFO] [default] - App successfully configured Logger
[2025-04-13 22:57:48.435] [INFO] [default] - App successfully configured Filter Exception Controller
[2025-04-13 22:57:48.435] [INFO] [default] - App successfully configured Interceptors
[2025-04-13 22:57:48.435] [INFO] [default] - Nest app started with port [8092]
[2025-04-13 22:57:48.445] [INFO] [default] - AppController {/}:
[2025-04-13 22:57:48.445] [INFO] [default] - Mapped {/, GET} route
[2025-04-13 22:57:48.445] [INFO] [default] - GenreController {/api/v1/business/genres}:
[2025-04-13 22:57:48.446] [INFO] [default] - Mapped {/api/v1/business/genres, GET} route
[2025-04-13 22:57:48.446] [INFO] [default] - Mapped {/api/v1/business/genres/page, GET} route
[2025-04-13 22:57:48.446] [INFO] [default] - Mapped {/api/v1/business/genres/:genreId, GET} route
[2025-04-13 22:57:48.446] [INFO] [default] - Mapped {/api/v1/business/genres, POST} route
[2025-04-13 22:57:48.447] [INFO] [default] - Mapped {/api/v1/business/genres/:genreId, DELETE} route
[2025-04-13 22:57:48.447] [INFO] [default] - Mapped {/api/v1/business/genres, PUT} route
[2025-04-13 22:57:48.447] [INFO] [default] - ConcertController {/api/v1/business/concerts}:
[2025-04-13 22:57:48.447] [INFO] [default] - Mapped {/api/v1/business/concerts/upcoming, GET} route
[2025-04-13 22:57:48.447] [INFO] [default] - Mapped {/api/v1/business/concerts, GET} route
[2025-04-13 22:57:48.447] [INFO] [default] - Mapped {/api/v1/business/concerts, GET} route
[2025-04-13 22:57:48.447] [INFO] [default] - Mapped {/api/v1/business/concerts/schedule, GET} route
[2025-04-13 22:57:48.447] [INFO] [default] - Mapped {/api/v1/business/concerts, POST} route
[2025-04-13 22:57:48.447] [INFO] [default] - Mapped {/api/v1/business/concerts/bulkCreate, POST} route
[2025-04-13 22:57:48.447] [INFO] [default] - Mapped {/api/v1/business/concerts/:id, GET} route
[2025-04-13 22:57:48.448] [INFO] [default] - Nest application successfully started
[2025-04-13 22:57:53.119] [INFO] [log-aspect] - Logging started: [ConcertController] create
[2025-04-13 22:57:53.135] [INFO] [concert-service] - Start create operation...
[2025-04-13 22:57:53.152] [INFO] [concert-service] - Set genre of concert
[2025-04-13 22:57:53.152] [INFO] [concert-service] - Set images of concert
[2025-04-13 22:57:53.161] [ERROR] [concert-service] - SequelizeDatabaseError: function checkconcerttimeduplication(unknown, unknown) does not exist
[2025-04-13 22:57:53.161] [ERROR] [log-aspect] - Logging error: [ConcertController] create failed with error: Error
    at Query.run (/Users/nhannguyen/Documents/ITProject/opera-house-backend/business-service/node_modules/sequelize/src/dialects/postgres/query.js:76:25)
    at <anonymous> (/Users/nhannguyen/Documents/ITProject/opera-house-backend/business-service/node_modules/sequelize/src/sequelize.js:650:28)
    at process.processTicksAndRejections (node:internal/process/task_queues:105:5)
    at async ConcertService.isShowTimesOfConcertDuplicated (/Users/nhannguyen/Documents/ITProject/opera-house-backend/business-service/src/service/impl/concert.service.impl.ts:196:24)
    at async ConcertService.create (/Users/nhannguyen/Documents/ITProject/opera-house-backend/business-service/src/service/impl/concert.service.impl.ts:105:35)
    at async ConcertController.create (/Users/nhannguyen/Documents/ITProject/opera-house-backend/business-service/src/controller/concert.controller.ts:89:21).
[2025-04-13 22:57:53.162] [INFO] [log-aspect] - Logging ended: [ConcertController] create ended after 43ms
[2025-04-13 22:58:07.281] [INFO] [default] - Starting Nest application...
[2025-04-13 22:58:07.505] [INFO] [default] - App successfully configured Logger
[2025-04-13 22:58:07.506] [INFO] [default] - App successfully configured Filter Exception Controller
[2025-04-13 22:58:07.506] [INFO] [default] - App successfully configured Interceptors
[2025-04-13 22:58:07.506] [INFO] [default] - Nest app started with port [8092]
[2025-04-13 22:58:07.514] [INFO] [default] - AppController {/}:
[2025-04-13 22:58:07.515] [INFO] [default] - Mapped {/, GET} route
[2025-04-13 22:58:07.515] [INFO] [default] - GenreController {/api/v1/business/genres}:
[2025-04-13 22:58:07.515] [INFO] [default] - Mapped {/api/v1/business/genres, GET} route
[2025-04-13 22:58:07.516] [INFO] [default] - Mapped {/api/v1/business/genres/page, GET} route
[2025-04-13 22:58:07.516] [INFO] [default] - Mapped {/api/v1/business/genres/:genreId, GET} route
[2025-04-13 22:58:07.516] [INFO] [default] - Mapped {/api/v1/business/genres, POST} route
[2025-04-13 22:58:07.516] [INFO] [default] - Mapped {/api/v1/business/genres/:genreId, DELETE} route
[2025-04-13 22:58:07.516] [INFO] [default] - Mapped {/api/v1/business/genres, PUT} route
[2025-04-13 22:58:07.516] [INFO] [default] - ConcertController {/api/v1/business/concerts}:
[2025-04-13 22:58:07.516] [INFO] [default] - Mapped {/api/v1/business/concerts/upcoming, GET} route
[2025-04-13 22:58:07.516] [INFO] [default] - Mapped {/api/v1/business/concerts, GET} route
[2025-04-13 22:58:07.517] [INFO] [default] - Mapped {/api/v1/business/concerts, GET} route
[2025-04-13 22:58:07.517] [INFO] [default] - Mapped {/api/v1/business/concerts/schedule, GET} route
[2025-04-13 22:58:07.517] [INFO] [default] - Mapped {/api/v1/business/concerts, POST} route
[2025-04-13 22:58:07.517] [INFO] [default] - Mapped {/api/v1/business/concerts/bulkCreate, POST} route
[2025-04-13 22:58:07.517] [INFO] [default] - Mapped {/api/v1/business/concerts/:id, GET} route
[2025-04-13 22:58:07.518] [INFO] [default] - Nest application successfully started
[2025-04-13 22:58:10.733] [INFO] [log-aspect] - Logging started: [ConcertController] create
[2025-04-13 22:58:10.741] [INFO] [concert-service] - Start create operation...
[2025-04-13 22:58:10.765] [INFO] [concert-service] - Set genre of concert
[2025-04-13 22:58:10.765] [INFO] [concert-service] - Set images of concert
[2025-04-13 22:58:10.773] [ERROR] [concert-service] - SequelizeDatabaseError: function checkconcerttimeduplication(unknown, unknown) does not exist
[2025-04-13 22:58:10.774] [ERROR] [log-aspect] - Logging error: [ConcertController] create failed with error: Error
    at Query.run (/Users/nhannguyen/Documents/ITProject/opera-house-backend/business-service/node_modules/sequelize/src/dialects/postgres/query.js:76:25)
    at <anonymous> (/Users/nhannguyen/Documents/ITProject/opera-house-backend/business-service/node_modules/sequelize/src/sequelize.js:650:28)
    at process.processTicksAndRejections (node:internal/process/task_queues:105:5)
    at async ConcertService.isShowTimesOfConcertDuplicated (/Users/nhannguyen/Documents/ITProject/opera-house-backend/business-service/src/service/impl/concert.service.impl.ts:196:24)
    at async ConcertService.create (/Users/nhannguyen/Documents/ITProject/opera-house-backend/business-service/src/service/impl/concert.service.impl.ts:105:35)
    at async ConcertController.create (/Users/nhannguyen/Documents/ITProject/opera-house-backend/business-service/src/controller/concert.controller.ts:89:21).
[2025-04-13 22:58:10.774] [INFO] [log-aspect] - Logging ended: [ConcertController] create ended after 41ms
[2025-04-13 23:09:22.150] [INFO] [default] - Starting Nest application...
[2025-04-13 23:09:22.367] [INFO] [default] - App successfully configured Logger
[2025-04-13 23:09:22.367] [INFO] [default] - App successfully configured Filter Exception Controller
[2025-04-13 23:09:22.368] [INFO] [default] - App successfully configured Interceptors
[2025-04-13 23:09:22.368] [INFO] [default] - Nest app started with port [8092]
[2025-04-13 23:09:22.376] [INFO] [default] - AppController {/}:
[2025-04-13 23:09:22.377] [INFO] [default] - Mapped {/, GET} route
[2025-04-13 23:09:22.377] [INFO] [default] - GenreController {/api/v1/business/genres}:
[2025-04-13 23:09:22.377] [INFO] [default] - Mapped {/api/v1/business/genres, GET} route
[2025-04-13 23:09:22.377] [INFO] [default] - Mapped {/api/v1/business/genres/page, GET} route
[2025-04-13 23:09:22.378] [INFO] [default] - Mapped {/api/v1/business/genres/:genreId, GET} route
[2025-04-13 23:09:22.378] [INFO] [default] - Mapped {/api/v1/business/genres, POST} route
[2025-04-13 23:09:22.378] [INFO] [default] - Mapped {/api/v1/business/genres/:genreId, DELETE} route
[2025-04-13 23:09:22.378] [INFO] [default] - Mapped {/api/v1/business/genres, PUT} route
[2025-04-13 23:09:22.378] [INFO] [default] - ConcertController {/api/v1/business/concerts}:
[2025-04-13 23:09:22.378] [INFO] [default] - Mapped {/api/v1/business/concerts/upcoming, GET} route
[2025-04-13 23:09:22.378] [INFO] [default] - Mapped {/api/v1/business/concerts, GET} route
[2025-04-13 23:09:22.378] [INFO] [default] - Mapped {/api/v1/business/concerts, GET} route
[2025-04-13 23:09:22.378] [INFO] [default] - Mapped {/api/v1/business/concerts/schedule, GET} route
[2025-04-13 23:09:22.379] [INFO] [default] - Mapped {/api/v1/business/concerts, POST} route
[2025-04-13 23:09:22.379] [INFO] [default] - Mapped {/api/v1/business/concerts/bulkCreate, POST} route
[2025-04-13 23:09:22.379] [INFO] [default] - Mapped {/api/v1/business/concerts/:id, GET} route
[2025-04-13 23:09:22.379] [INFO] [default] - Nest application successfully started
[2025-04-13 23:09:26.162] [INFO] [log-aspect] - Logging started: [ConcertController] create
[2025-04-13 23:09:26.168] [INFO] [concert-service] - Start create operation...
[2025-04-13 23:09:26.195] [INFO] [concert-service] - Set genre of concert
[2025-04-13 23:09:26.196] [INFO] [concert-service] - Set images of concert
[2025-04-13 23:09:26.215] [ERROR] [concert-service] - SequelizeDatabaseError: function checkconcerttimeduplication(unknown, unknown) does not exist
[2025-04-13 23:09:26.216] [ERROR] [log-aspect] - Logging error: [ConcertController] create failed with error: Error
    at Query.run (/Users/nhannguyen/Documents/ITProject/opera-house-backend/business-service/node_modules/sequelize/src/dialects/postgres/query.js:76:25)
    at <anonymous> (/Users/nhannguyen/Documents/ITProject/opera-house-backend/business-service/node_modules/sequelize/src/sequelize.js:650:28)
    at process.processTicksAndRejections (node:internal/process/task_queues:105:5)
    at async ConcertService.isShowTimesOfConcertDuplicated (/Users/nhannguyen/Documents/ITProject/opera-house-backend/business-service/src/service/impl/concert.service.impl.ts:196:24)
    at async ConcertService.create (/Users/nhannguyen/Documents/ITProject/opera-house-backend/business-service/src/service/impl/concert.service.impl.ts:105:35)
    at async ConcertController.create (/Users/nhannguyen/Documents/ITProject/opera-house-backend/business-service/src/controller/concert.controller.ts:89:21).
[2025-04-13 23:09:26.216] [INFO] [log-aspect] - Logging ended: [ConcertController] create ended after 55ms
[2025-04-13 23:09:26.231] [ERROR] [default] - SequelizeDatabaseError: function checkconcerttimeduplication(unknown, unknown) does not exist
[2025-04-13 23:10:37.620] [INFO] [default] - Starting Nest application...
[2025-04-13 23:10:37.889] [INFO] [default] - App successfully configured Logger
[2025-04-13 23:10:37.890] [INFO] [default] - App successfully configured Filter Exception Controller
[2025-04-13 23:10:37.890] [INFO] [default] - App successfully configured Interceptors
[2025-04-13 23:10:37.890] [INFO] [default] - Nest app started with port [8092]
[2025-04-13 23:10:37.899] [INFO] [default] - AppController {/}:
[2025-04-13 23:10:37.900] [INFO] [default] - Mapped {/, GET} route
[2025-04-13 23:10:37.900] [INFO] [default] - GenreController {/api/v1/business/genres}:
[2025-04-13 23:10:37.901] [INFO] [default] - Mapped {/api/v1/business/genres, GET} route
[2025-04-13 23:10:37.901] [INFO] [default] - Mapped {/api/v1/business/genres/page, GET} route
[2025-04-13 23:10:37.901] [INFO] [default] - Mapped {/api/v1/business/genres/:genreId, GET} route
[2025-04-13 23:10:37.901] [INFO] [default] - Mapped {/api/v1/business/genres, POST} route
[2025-04-13 23:10:37.901] [INFO] [default] - Mapped {/api/v1/business/genres/:genreId, DELETE} route
[2025-04-13 23:10:37.901] [INFO] [default] - Mapped {/api/v1/business/genres, PUT} route
[2025-04-13 23:10:37.902] [INFO] [default] - ConcertController {/api/v1/business/concerts}:
[2025-04-13 23:10:37.902] [INFO] [default] - Mapped {/api/v1/business/concerts/upcoming, GET} route
[2025-04-13 23:10:37.902] [INFO] [default] - Mapped {/api/v1/business/concerts, GET} route
[2025-04-13 23:10:37.902] [INFO] [default] - Mapped {/api/v1/business/concerts, GET} route
[2025-04-13 23:10:37.902] [INFO] [default] - Mapped {/api/v1/business/concerts/schedule, GET} route
[2025-04-13 23:10:37.902] [INFO] [default] - Mapped {/api/v1/business/concerts, POST} route
[2025-04-13 23:10:37.902] [INFO] [default] - Mapped {/api/v1/business/concerts/bulkCreate, POST} route
[2025-04-13 23:10:37.902] [INFO] [default] - Mapped {/api/v1/business/concerts/:id, GET} route
[2025-04-13 23:10:37.903] [INFO] [default] - Nest application successfully started
[2025-04-13 23:10:40.044] [INFO] [log-aspect] - Logging started: [ConcertController] create
[2025-04-13 23:10:40.049] [INFO] [concert-service] - Start create operation...
[2025-04-13 23:10:40.069] [INFO] [concert-service] - Set genre of concert
[2025-04-13 23:10:40.069] [INFO] [concert-service] - Set images of concert
[2025-04-13 23:10:40.079] [ERROR] [concert-service] - SequelizeDatabaseError: function checkconcerttimeduplication(unknown, unknown) does not exist
[2025-04-13 23:10:40.079] [ERROR] [log-aspect] - Logging error: [ConcertController] create failed with error: Error
    at Query.run (/Users/nhannguyen/Documents/ITProject/opera-house-backend/business-service/node_modules/sequelize/src/dialects/postgres/query.js:76:25)
    at <anonymous> (/Users/nhannguyen/Documents/ITProject/opera-house-backend/business-service/node_modules/sequelize/src/sequelize.js:650:28)
    at process.processTicksAndRejections (node:internal/process/task_queues:105:5)
    at async ConcertService.isShowTimesOfConcertDuplicated (/Users/nhannguyen/Documents/ITProject/opera-house-backend/business-service/src/service/impl/concert.service.impl.ts:196:24)
    at async ConcertService.create (/Users/nhannguyen/Documents/ITProject/opera-house-backend/business-service/src/service/impl/concert.service.impl.ts:105:35)
    at async ConcertController.create (/Users/nhannguyen/Documents/ITProject/opera-house-backend/business-service/src/controller/concert.controller.ts:89:21).
[2025-04-13 23:10:40.079] [INFO] [log-aspect] - Logging ended: [ConcertController] create ended after 35ms
[2025-04-13 23:10:40.081] [ERROR] [default] - SequelizeDatabaseError: function checkconcerttimeduplication(unknown, unknown) does not exist
[2025-04-13 23:15:26.343] [INFO] [default] - Starting Nest application...
[2025-04-13 23:15:26.563] [INFO] [default] - App successfully configured Logger
[2025-04-13 23:15:26.563] [INFO] [default] - App successfully configured Filter Exception Controller
[2025-04-13 23:15:26.563] [INFO] [default] - App successfully configured Interceptors
[2025-04-13 23:15:26.563] [INFO] [default] - Nest app started with port [8092]
[2025-04-13 23:15:26.572] [INFO] [default] - AppController {/}:
[2025-04-13 23:15:26.572] [INFO] [default] - Mapped {/, GET} route
[2025-04-13 23:15:26.572] [INFO] [default] - GenreController {/api/v1/business/genres}:
[2025-04-13 23:15:26.573] [INFO] [default] - Mapped {/api/v1/business/genres, GET} route
[2025-04-13 23:15:26.573] [INFO] [default] - Mapped {/api/v1/business/genres/page, GET} route
[2025-04-13 23:15:26.573] [INFO] [default] - Mapped {/api/v1/business/genres/:genreId, GET} route
[2025-04-13 23:15:26.573] [INFO] [default] - Mapped {/api/v1/business/genres, POST} route
[2025-04-13 23:15:26.573] [INFO] [default] - Mapped {/api/v1/business/genres/:genreId, DELETE} route
[2025-04-13 23:15:26.573] [INFO] [default] - Mapped {/api/v1/business/genres, PUT} route
[2025-04-13 23:15:26.573] [INFO] [default] - ConcertController {/api/v1/business/concerts}:
[2025-04-13 23:15:26.573] [INFO] [default] - Mapped {/api/v1/business/concerts/upcoming, GET} route
[2025-04-13 23:15:26.574] [INFO] [default] - Mapped {/api/v1/business/concerts, GET} route
[2025-04-13 23:15:26.574] [INFO] [default] - Mapped {/api/v1/business/concerts, GET} route
[2025-04-13 23:15:26.574] [INFO] [default] - Mapped {/api/v1/business/concerts/schedule, GET} route
[2025-04-13 23:15:26.574] [INFO] [default] - Mapped {/api/v1/business/concerts, POST} route
[2025-04-13 23:15:26.574] [INFO] [default] - Mapped {/api/v1/business/concerts/bulkCreate, POST} route
[2025-04-13 23:15:26.574] [INFO] [default] - Mapped {/api/v1/business/concerts/:id, GET} route
[2025-04-13 23:15:26.575] [INFO] [default] - Nest application successfully started
[2025-04-13 23:15:38.169] [INFO] [log-aspect] - Logging started: [ConcertController] create
[2025-04-13 23:15:38.191] [INFO] [concert-service] - Start create operation...
[2025-04-13 23:15:38.231] [INFO] [concert-service] - Set genre of concert
[2025-04-13 23:15:38.231] [INFO] [concert-service] - Set images of concert
[2025-04-13 23:15:38.246] [ERROR] [concert-service] - SequelizeDatabaseError: function checkconcerttimeduplication(unknown, unknown) does not exist
[2025-04-13 23:15:38.246] [ERROR] [log-aspect] - Logging error: [ConcertController] create failed with error: Error
    at Query.run (/Users/nhannguyen/Documents/ITProject/opera-house-backend/business-service/node_modules/sequelize/src/dialects/postgres/query.js:76:25)
    at <anonymous> (/Users/nhannguyen/Documents/ITProject/opera-house-backend/business-service/node_modules/sequelize/src/sequelize.js:650:28)
    at process.processTicksAndRejections (node:internal/process/task_queues:105:5)
    at async ConcertService.isShowTimesOfConcertDuplicated (/Users/nhannguyen/Documents/ITProject/opera-house-backend/business-service/src/service/impl/concert.service.impl.ts:196:24)
    at async ConcertService.create (/Users/nhannguyen/Documents/ITProject/opera-house-backend/business-service/src/service/impl/concert.service.impl.ts:105:35)
    at async ConcertController.create (/Users/nhannguyen/Documents/ITProject/opera-house-backend/business-service/src/controller/concert.controller.ts:89:21).
[2025-04-13 23:15:38.246] [INFO] [log-aspect] - Logging ended: [ConcertController] create ended after 77ms
[2025-04-13 23:15:38.248] [ERROR] [default] - SequelizeDatabaseError: function checkconcerttimeduplication(unknown, unknown) does not exist
[2025-04-13 23:16:04.178] [INFO] [default] - Starting Nest application...
[2025-04-13 23:16:04.381] [INFO] [default] - App successfully configured Logger
[2025-04-13 23:16:04.381] [INFO] [default] - App successfully configured Filter Exception Controller
[2025-04-13 23:16:04.381] [INFO] [default] - App successfully configured Interceptors
[2025-04-13 23:16:04.381] [INFO] [default] - Nest app started with port [8092]
[2025-04-13 23:16:04.390] [INFO] [default] - AppController {/}:
[2025-04-13 23:16:04.391] [INFO] [default] - Mapped {/, GET} route
[2025-04-13 23:16:04.391] [INFO] [default] - GenreController {/api/v1/business/genres}:
[2025-04-13 23:16:04.391] [INFO] [default] - Mapped {/api/v1/business/genres, GET} route
[2025-04-13 23:16:04.391] [INFO] [default] - Mapped {/api/v1/business/genres/page, GET} route
[2025-04-13 23:16:04.391] [INFO] [default] - Mapped {/api/v1/business/genres/:genreId, GET} route
[2025-04-13 23:16:04.391] [INFO] [default] - Mapped {/api/v1/business/genres, POST} route
[2025-04-13 23:16:04.391] [INFO] [default] - Mapped {/api/v1/business/genres/:genreId, DELETE} route
[2025-04-13 23:16:04.391] [INFO] [default] - Mapped {/api/v1/business/genres, PUT} route
[2025-04-13 23:16:04.391] [INFO] [default] - ConcertController {/api/v1/business/concerts}:
[2025-04-13 23:16:04.392] [INFO] [default] - Mapped {/api/v1/business/concerts/upcoming, GET} route
[2025-04-13 23:16:04.392] [INFO] [default] - Mapped {/api/v1/business/concerts, GET} route
[2025-04-13 23:16:04.392] [INFO] [default] - Mapped {/api/v1/business/concerts, GET} route
[2025-04-13 23:16:04.392] [INFO] [default] - Mapped {/api/v1/business/concerts/schedule, GET} route
[2025-04-13 23:16:04.392] [INFO] [default] - Mapped {/api/v1/business/concerts, POST} route
[2025-04-13 23:16:04.392] [INFO] [default] - Mapped {/api/v1/business/concerts/bulkCreate, POST} route
[2025-04-13 23:16:04.392] [INFO] [default] - Mapped {/api/v1/business/concerts/:id, GET} route
[2025-04-13 23:16:04.393] [INFO] [default] - Nest application successfully started
[2025-04-13 23:16:06.834] [INFO] [log-aspect] - Logging started: [ConcertController] create
[2025-04-13 23:16:06.841] [INFO] [concert-service] - Start create operation...
[2025-04-13 23:16:06.863] [INFO] [concert-service] - Set genre of concert
[2025-04-13 23:16:06.863] [INFO] [concert-service] - Set images of concert
[2025-04-13 23:16:06.872] [ERROR] [concert-service] - SequelizeDatabaseError: function checkconcerttimeduplication(unknown, unknown) does not exist
[2025-04-13 23:16:06.873] [ERROR] [log-aspect] - Logging error: [ConcertController] create failed with error: Error
    at Query.run (/Users/nhannguyen/Documents/ITProject/opera-house-backend/business-service/node_modules/sequelize/src/dialects/postgres/query.js:76:25)
    at <anonymous> (/Users/nhannguyen/Documents/ITProject/opera-house-backend/business-service/node_modules/sequelize/src/sequelize.js:650:28)
    at process.processTicksAndRejections (node:internal/process/task_queues:105:5)
    at async ConcertService.isShowTimesOfConcertDuplicated (/Users/nhannguyen/Documents/ITProject/opera-house-backend/business-service/src/service/impl/concert.service.impl.ts:196:24)
    at async ConcertService.create (/Users/nhannguyen/Documents/ITProject/opera-house-backend/business-service/src/service/impl/concert.service.impl.ts:105:35)
    at async ConcertController.create (/Users/nhannguyen/Documents/ITProject/opera-house-backend/business-service/src/controller/concert.controller.ts:89:21).
[2025-04-13 23:16:06.873] [INFO] [log-aspect] - Logging ended: [ConcertController] create ended after 39ms
[2025-04-13 23:16:06.876] [ERROR] [default] - SequelizeDatabaseError: function checkconcerttimeduplication(unknown, unknown) does not exist
[2025-04-13 23:22:55.724] [INFO] [default] - Starting Nest application...
[2025-04-13 23:22:55.941] [INFO] [default] - App successfully configured Logger
[2025-04-13 23:22:55.941] [INFO] [default] - App successfully configured Filter Exception Controller
[2025-04-13 23:22:55.941] [INFO] [default] - App successfully configured Interceptors
[2025-04-13 23:22:55.941] [INFO] [default] - Nest app started with port [8092]
[2025-04-13 23:22:55.951] [INFO] [default] - AppController {/}:
[2025-04-13 23:22:55.952] [INFO] [default] - Mapped {/, GET} route
[2025-04-13 23:22:55.952] [INFO] [default] - GenreController {/api/v1/business/genres}:
[2025-04-13 23:22:55.952] [INFO] [default] - Mapped {/api/v1/business/genres, GET} route
[2025-04-13 23:22:55.953] [INFO] [default] - Mapped {/api/v1/business/genres/page, GET} route
[2025-04-13 23:22:55.953] [INFO] [default] - Mapped {/api/v1/business/genres/:genreId, GET} route
[2025-04-13 23:22:55.953] [INFO] [default] - Mapped {/api/v1/business/genres, POST} route
[2025-04-13 23:22:55.953] [INFO] [default] - Mapped {/api/v1/business/genres/:genreId, DELETE} route
[2025-04-13 23:22:55.953] [INFO] [default] - Mapped {/api/v1/business/genres, PUT} route
[2025-04-13 23:22:55.953] [INFO] [default] - ConcertController {/api/v1/business/concerts}:
[2025-04-13 23:22:55.953] [INFO] [default] - Mapped {/api/v1/business/concerts/upcoming, GET} route
[2025-04-13 23:22:55.954] [INFO] [default] - Mapped {/api/v1/business/concerts, GET} route
[2025-04-13 23:22:55.954] [INFO] [default] - Mapped {/api/v1/business/concerts, GET} route
[2025-04-13 23:22:55.954] [INFO] [default] - Mapped {/api/v1/business/concerts/schedule, GET} route
[2025-04-13 23:22:55.954] [INFO] [default] - Mapped {/api/v1/business/concerts, POST} route
[2025-04-13 23:22:55.954] [INFO] [default] - Mapped {/api/v1/business/concerts/bulkCreate, POST} route
[2025-04-13 23:22:55.954] [INFO] [default] - Mapped {/api/v1/business/concerts/:id, GET} route
[2025-04-13 23:22:55.955] [INFO] [default] - Nest application successfully started
[2025-04-13 23:22:59.516] [INFO] [log-aspect] - Logging started: [ConcertController] create
[2025-04-13 23:22:59.523] [INFO] [concert-service] - Start create operation...
[2025-04-13 23:22:59.547] [INFO] [concert-service] - Set genre of concert
[2025-04-13 23:22:59.547] [INFO] [concert-service] - Set images of concert
[2025-04-13 23:22:59.556] [ERROR] [concert-service] - SequelizeDatabaseError: function checkconcerttimeduplication(unknown, unknown) does not exist
[2025-04-13 23:22:59.556] [ERROR] [log-aspect] - Logging error: [ConcertController] create failed with error: Error
    at Query.run (/Users/nhannguyen/Documents/ITProject/opera-house-backend/business-service/node_modules/sequelize/src/dialects/postgres/query.js:76:25)
    at <anonymous> (/Users/nhannguyen/Documents/ITProject/opera-house-backend/business-service/node_modules/sequelize/src/sequelize.js:650:28)
    at process.processTicksAndRejections (node:internal/process/task_queues:105:5)
    at async ConcertService.isShowTimesOfConcertDuplicated (/Users/nhannguyen/Documents/ITProject/opera-house-backend/business-service/src/service/impl/concert.service.impl.ts:196:24)
    at async ConcertService.create (/Users/nhannguyen/Documents/ITProject/opera-house-backend/business-service/src/service/impl/concert.service.impl.ts:105:35)
    at async ConcertController.create (/Users/nhannguyen/Documents/ITProject/opera-house-backend/business-service/src/controller/concert.controller.ts:89:21).
[2025-04-13 23:22:59.556] [INFO] [log-aspect] - Logging ended: [ConcertController] create ended after 40ms
[2025-04-13 23:24:01.998] [INFO] [log-aspect] - Logging started: [ConcertController] create
[2025-04-13 23:24:02.022] [INFO] [concert-service] - Start create operation...
[2025-04-13 23:24:02.121] [INFO] [concert-service] - Set genre of concert
[2025-04-13 23:24:02.121] [INFO] [concert-service] - Set images of concert
[2025-04-13 23:24:02.129] [INFO] [concert-service] - Set show times of concert
[2025-04-13 23:24:02.192] [ERROR] [concert-service] - SequelizeDatabaseError: null value in column "id" of relation "concert_seat" violates not-null constraint
[2025-04-13 23:24:02.192] [ERROR] [log-aspect] - Logging error: [ConcertController] create failed with error: Error
    at Query.run (/Users/nhannguyen/Documents/ITProject/opera-house-backend/business-service/node_modules/sequelize/src/dialects/postgres/query.js:76:25)
    at <anonymous> (/Users/nhannguyen/Documents/ITProject/opera-house-backend/business-service/node_modules/sequelize/src/sequelize.js:650:28)
    at process.processTicksAndRejections (node:internal/process/task_queues:105:5)
    at async PostgresQueryInterface.bulkInsert (/Users/nhannguyen/Documents/ITProject/opera-house-backend/business-service/node_modules/sequelize/src/dialects/abstract/query-interface.js:881:21)
    at async recursiveBulkCreate (/Users/nhannguyen/Documents/ITProject/opera-house-backend/business-service/node_modules/sequelize/src/model.js:2851:25)
    at async Function.bulkCreate (/Users/nhannguyen/Documents/ITProject/opera-house-backend/business-service/node_modules/sequelize/src/model.js:2977:12)
    at async ConcertService.create (/Users/nhannguyen/Documents/ITProject/opera-house-backend/business-service/src/service/impl/concert.service.impl.ts:134:7)
    at async ConcertController.create (/Users/nhannguyen/Documents/ITProject/opera-house-backend/business-service/src/controller/concert.controller.ts:89:21).
[2025-04-13 23:24:02.192] [INFO] [log-aspect] - Logging ended: [ConcertController] create ended after 195ms
[2025-04-13 23:27:57.338] [INFO] [default] - Starting Nest application...
[2025-04-13 23:27:57.548] [INFO] [default] - App successfully configured Logger
[2025-04-13 23:27:57.548] [INFO] [default] - App successfully configured Filter Exception Controller
[2025-04-13 23:27:57.548] [INFO] [default] - App successfully configured Interceptors
[2025-04-13 23:27:57.548] [INFO] [default] - Nest app started with port [8092]
[2025-04-13 23:27:57.558] [INFO] [default] - AppController {/}:
[2025-04-13 23:27:57.558] [INFO] [default] - Mapped {/, GET} route
[2025-04-13 23:27:57.558] [INFO] [default] - GenreController {/api/v1/business/genres}:
[2025-04-13 23:27:57.559] [INFO] [default] - Mapped {/api/v1/business/genres, GET} route
[2025-04-13 23:27:57.559] [INFO] [default] - Mapped {/api/v1/business/genres/page, GET} route
[2025-04-13 23:27:57.559] [INFO] [default] - Mapped {/api/v1/business/genres/:genreId, GET} route
[2025-04-13 23:27:57.559] [INFO] [default] - Mapped {/api/v1/business/genres, POST} route
[2025-04-13 23:27:57.559] [INFO] [default] - Mapped {/api/v1/business/genres/:genreId, DELETE} route
[2025-04-13 23:27:57.559] [INFO] [default] - Mapped {/api/v1/business/genres, PUT} route
[2025-04-13 23:27:57.559] [INFO] [default] - ConcertController {/api/v1/business/concerts}:
[2025-04-13 23:27:57.559] [INFO] [default] - Mapped {/api/v1/business/concerts/upcoming, GET} route
[2025-04-13 23:27:57.560] [INFO] [default] - Mapped {/api/v1/business/concerts, GET} route
[2025-04-13 23:27:57.560] [INFO] [default] - Mapped {/api/v1/business/concerts, GET} route
[2025-04-13 23:27:57.560] [INFO] [default] - Mapped {/api/v1/business/concerts/schedule, GET} route
[2025-04-13 23:27:57.560] [INFO] [default] - Mapped {/api/v1/business/concerts, POST} route
[2025-04-13 23:27:57.560] [INFO] [default] - Mapped {/api/v1/business/concerts/bulkCreate, POST} route
[2025-04-13 23:27:57.560] [INFO] [default] - Mapped {/api/v1/business/concerts/:id, GET} route
[2025-04-13 23:27:57.561] [INFO] [default] - Nest application successfully started
[2025-04-13 23:28:01.155] [INFO] [log-aspect] - Logging started: [ConcertController] create
[2025-04-13 23:28:01.162] [INFO] [concert-service] - Start create operation...
[2025-04-13 23:28:01.188] [INFO] [concert-service] - Set genre of concert
[2025-04-13 23:28:01.188] [INFO] [concert-service] - Set images of concert
[2025-04-13 23:28:01.198] [ERROR] [concert-service] - ConflictException
[2025-04-13 23:28:01.200] [ERROR] [log-aspect] - Logging error: [ConcertController] create failed with error: Time slot conflict - ConflictException
    at ConcertService.create (/Users/nhannguyen/Documents/ITProject/opera-house-backend/business-service/src/service/impl/concert.service.impl.ts:110:15)
    at process.processTicksAndRejections (node:internal/process/task_queues:105:5)
    at async ConcertController.create (/Users/nhannguyen/Documents/ITProject/opera-house-backend/business-service/src/controller/concert.controller.ts:89:21).
[2025-04-13 23:28:01.200] [INFO] [log-aspect] - Logging ended: [ConcertController] create ended after 45ms
[2025-04-13 23:28:05.909] [INFO] [log-aspect] - Logging started: [ConcertController] create
[2025-04-13 23:28:05.913] [INFO] [concert-service] - Start create operation...
[2025-04-13 23:28:05.921] [INFO] [concert-service] - Set genre of concert
[2025-04-13 23:28:05.921] [INFO] [concert-service] - Set images of concert
[2025-04-13 23:28:05.928] [ERROR] [concert-service] - ConflictException
[2025-04-13 23:28:05.928] [ERROR] [log-aspect] - Logging error: [ConcertController] create failed with error: Time slot conflict - ConflictException
    at ConcertService.create (/Users/nhannguyen/Documents/ITProject/opera-house-backend/business-service/src/service/impl/concert.service.impl.ts:110:15)
    at process.processTicksAndRejections (node:internal/process/task_queues:105:5)
    at async ConcertController.create (/Users/nhannguyen/Documents/ITProject/opera-house-backend/business-service/src/controller/concert.controller.ts:89:21).
[2025-04-13 23:28:05.928] [INFO] [log-aspect] - Logging ended: [ConcertController] create ended after 19ms
[2025-04-13 23:29:58.884] [INFO] [log-aspect] - Logging started: [ConcertController] create
[2025-04-13 23:29:58.900] [INFO] [concert-service] - Start create operation...
[2025-04-13 23:29:58.912] [INFO] [concert-service] - Set genre of concert
[2025-04-13 23:29:58.912] [INFO] [concert-service] - Set images of concert
[2025-04-13 23:29:58.915] [INFO] [concert-service] - Set show times of concert
[2025-04-13 23:29:58.974] [ERROR] [concert-service] - SequelizeDatabaseError: null value in column "id" of relation "concert_seat" violates not-null constraint
[2025-04-13 23:29:58.974] [ERROR] [log-aspect] - Logging error: [ConcertController] create failed with error: Error
    at Query.run (/Users/nhannguyen/Documents/ITProject/opera-house-backend/business-service/node_modules/sequelize/src/dialects/postgres/query.js:76:25)
    at <anonymous> (/Users/nhannguyen/Documents/ITProject/opera-house-backend/business-service/node_modules/sequelize/src/sequelize.js:650:28)
    at process.processTicksAndRejections (node:internal/process/task_queues:105:5)
    at async PostgresQueryInterface.bulkInsert (/Users/nhannguyen/Documents/ITProject/opera-house-backend/business-service/node_modules/sequelize/src/dialects/abstract/query-interface.js:881:21)
    at async recursiveBulkCreate (/Users/nhannguyen/Documents/ITProject/opera-house-backend/business-service/node_modules/sequelize/src/model.js:2851:25)
    at async Function.bulkCreate (/Users/nhannguyen/Documents/ITProject/opera-house-backend/business-service/node_modules/sequelize/src/model.js:2977:12)
    at async ConcertService.create (/Users/nhannguyen/Documents/ITProject/opera-house-backend/business-service/src/service/impl/concert.service.impl.ts:134:7)
    at async ConcertController.create (/Users/nhannguyen/Documents/ITProject/opera-house-backend/business-service/src/controller/concert.controller.ts:89:21).
[2025-04-13 23:29:58.974] [INFO] [log-aspect] - Logging ended: [ConcertController] create ended after 90ms
[2025-04-13 23:32:53.348] [INFO] [default] - Starting Nest application...
[2025-04-13 23:32:53.557] [INFO] [default] - App successfully configured Logger
[2025-04-13 23:32:53.557] [INFO] [default] - App successfully configured Filter Exception Controller
[2025-04-13 23:32:53.557] [INFO] [default] - App successfully configured Interceptors
[2025-04-13 23:32:53.557] [INFO] [default] - Nest app started with port [8092]
[2025-04-13 23:32:53.566] [INFO] [default] - AppController {/}:
[2025-04-13 23:32:53.567] [INFO] [default] - Mapped {/, GET} route
[2025-04-13 23:32:53.567] [INFO] [default] - GenreController {/api/v1/business/genres}:
[2025-04-13 23:32:53.567] [INFO] [default] - Mapped {/api/v1/business/genres, GET} route
[2025-04-13 23:32:53.567] [INFO] [default] - Mapped {/api/v1/business/genres/page, GET} route
[2025-04-13 23:32:53.568] [INFO] [default] - Mapped {/api/v1/business/genres/:genreId, GET} route
[2025-04-13 23:32:53.568] [INFO] [default] - Mapped {/api/v1/business/genres, POST} route
[2025-04-13 23:32:53.568] [INFO] [default] - Mapped {/api/v1/business/genres/:genreId, DELETE} route
[2025-04-13 23:32:53.568] [INFO] [default] - Mapped {/api/v1/business/genres, PUT} route
[2025-04-13 23:32:53.568] [INFO] [default] - ConcertController {/api/v1/business/concerts}:
[2025-04-13 23:32:53.568] [INFO] [default] - Mapped {/api/v1/business/concerts/upcoming, GET} route
[2025-04-13 23:32:53.568] [INFO] [default] - Mapped {/api/v1/business/concerts, GET} route
[2025-04-13 23:32:53.568] [INFO] [default] - Mapped {/api/v1/business/concerts, GET} route
[2025-04-13 23:32:53.568] [INFO] [default] - Mapped {/api/v1/business/concerts/schedule, GET} route
[2025-04-13 23:32:53.568] [INFO] [default] - Mapped {/api/v1/business/concerts, POST} route
[2025-04-13 23:32:53.568] [INFO] [default] - Mapped {/api/v1/business/concerts/bulkCreate, POST} route
[2025-04-13 23:32:53.568] [INFO] [default] - Mapped {/api/v1/business/concerts/:id, GET} route
[2025-04-13 23:32:53.569] [INFO] [default] - Nest application successfully started
[2025-04-13 23:32:58.280] [INFO] [log-aspect] - Logging started: [ConcertController] create
[2025-04-13 23:32:58.291] [INFO] [concert-service] - Start create operation...
[2025-04-13 23:32:58.329] [INFO] [concert-service] - Set genre of concert
[2025-04-13 23:32:58.329] [INFO] [concert-service] - Set images of concert
[2025-04-13 23:32:58.338] [INFO] [concert-service] - Set show times of concert
[2025-04-13 23:32:58.401] [ERROR] [concert-service] - SequelizeDatabaseError: null value in column "id" of relation "concert_seat" violates not-null constraint
[2025-04-13 23:32:58.402] [ERROR] [log-aspect] - Logging error: [ConcertController] create failed with error: Error
    at Query.run (/Users/nhannguyen/Documents/ITProject/opera-house-backend/business-service/node_modules/sequelize/src/dialects/postgres/query.js:76:25)
    at <anonymous> (/Users/nhannguyen/Documents/ITProject/opera-house-backend/business-service/node_modules/sequelize/src/sequelize.js:650:28)
    at process.processTicksAndRejections (node:internal/process/task_queues:105:5)
    at async PostgresQueryInterface.bulkInsert (/Users/nhannguyen/Documents/ITProject/opera-house-backend/business-service/node_modules/sequelize/src/dialects/abstract/query-interface.js:881:21)
    at async recursiveBulkCreate (/Users/nhannguyen/Documents/ITProject/opera-house-backend/business-service/node_modules/sequelize/src/model.js:2851:25)
    at async Function.bulkCreate (/Users/nhannguyen/Documents/ITProject/opera-house-backend/business-service/node_modules/sequelize/src/model.js:2977:12)
    at async ConcertService.create (/Users/nhannguyen/Documents/ITProject/opera-house-backend/business-service/src/service/impl/concert.service.impl.ts:134:7)
    at async ConcertController.create (/Users/nhannguyen/Documents/ITProject/opera-house-backend/business-service/src/controller/concert.controller.ts:89:21).
[2025-04-13 23:32:58.402] [INFO] [log-aspect] - Logging ended: [ConcertController] create ended after 122ms
[2025-04-13 23:35:21.064] [INFO] [default] - Starting Nest application...
[2025-04-13 23:35:21.274] [INFO] [default] - App successfully configured Logger
[2025-04-13 23:35:21.275] [INFO] [default] - App successfully configured Filter Exception Controller
[2025-04-13 23:35:21.275] [INFO] [default] - App successfully configured Interceptors
[2025-04-13 23:35:21.275] [INFO] [default] - Nest app started with port [8092]
[2025-04-13 23:35:21.284] [INFO] [default] - AppController {/}:
[2025-04-13 23:35:21.285] [INFO] [default] - Mapped {/, GET} route
[2025-04-13 23:35:21.285] [INFO] [default] - GenreController {/api/v1/business/genres}:
[2025-04-13 23:35:21.285] [INFO] [default] - Mapped {/api/v1/business/genres, GET} route
[2025-04-13 23:35:21.285] [INFO] [default] - Mapped {/api/v1/business/genres/page, GET} route
[2025-04-13 23:35:21.285] [INFO] [default] - Mapped {/api/v1/business/genres/:genreId, GET} route
[2025-04-13 23:35:21.285] [INFO] [default] - Mapped {/api/v1/business/genres, POST} route
[2025-04-13 23:35:21.286] [INFO] [default] - Mapped {/api/v1/business/genres/:genreId, DELETE} route
[2025-04-13 23:35:21.286] [INFO] [default] - Mapped {/api/v1/business/genres, PUT} route
[2025-04-13 23:35:21.286] [INFO] [default] - ConcertController {/api/v1/business/concerts}:
[2025-04-13 23:35:21.286] [INFO] [default] - Mapped {/api/v1/business/concerts/upcoming, GET} route
[2025-04-13 23:35:21.286] [INFO] [default] - Mapped {/api/v1/business/concerts, GET} route
[2025-04-13 23:35:21.286] [INFO] [default] - Mapped {/api/v1/business/concerts, GET} route
[2025-04-13 23:35:21.286] [INFO] [default] - Mapped {/api/v1/business/concerts/schedule, GET} route
[2025-04-13 23:35:21.286] [INFO] [default] - Mapped {/api/v1/business/concerts, POST} route
[2025-04-13 23:35:21.286] [INFO] [default] - Mapped {/api/v1/business/concerts/bulkCreate, POST} route
[2025-04-13 23:35:21.286] [INFO] [default] - Mapped {/api/v1/business/concerts/:id, GET} route
[2025-04-13 23:35:21.287] [INFO] [default] - Nest application successfully started
[2025-04-13 23:35:25.300] [INFO] [log-aspect] - Logging started: [ConcertController] create
[2025-04-13 23:35:25.308] [INFO] [concert-service] - Start create operation...
[2025-04-13 23:35:25.332] [INFO] [concert-service] - Set genre of concert
[2025-04-13 23:35:25.332] [INFO] [concert-service] - Set images of concert
[2025-04-13 23:35:25.345] [INFO] [concert-service] - Set show times of concert
[2025-04-13 23:35:25.417] [ERROR] [concert-service] - SequelizeDatabaseError: null value in column "id" of relation "concert_seat" violates not-null constraint
[2025-04-13 23:35:25.418] [ERROR] [log-aspect] - Logging error: [ConcertController] create failed with error: Error
    at Query.run (/Users/nhannguyen/Documents/ITProject/opera-house-backend/business-service/node_modules/sequelize/src/dialects/postgres/query.js:76:25)
    at <anonymous> (/Users/nhannguyen/Documents/ITProject/opera-house-backend/business-service/node_modules/sequelize/src/sequelize.js:650:28)
    at process.processTicksAndRejections (node:internal/process/task_queues:105:5)
    at async PostgresQueryInterface.bulkInsert (/Users/nhannguyen/Documents/ITProject/opera-house-backend/business-service/node_modules/sequelize/src/dialects/abstract/query-interface.js:881:21)
    at async recursiveBulkCreate (/Users/nhannguyen/Documents/ITProject/opera-house-backend/business-service/node_modules/sequelize/src/model.js:2851:25)
    at async Function.bulkCreate (/Users/nhannguyen/Documents/ITProject/opera-house-backend/business-service/node_modules/sequelize/src/model.js:2977:12)
    at async ConcertService.create (/Users/nhannguyen/Documents/ITProject/opera-house-backend/business-service/src/service/impl/concert.service.impl.ts:139:7)
    at async ConcertController.create (/Users/nhannguyen/Documents/ITProject/opera-house-backend/business-service/src/controller/concert.controller.ts:89:21).
[2025-04-13 23:35:25.418] [INFO] [log-aspect] - Logging ended: [ConcertController] create ended after 119ms
[2025-04-13 23:39:51.727] [INFO] [default] - Starting Nest application...
[2025-04-13 23:39:51.969] [INFO] [default] - App successfully configured Logger
[2025-04-13 23:39:51.969] [INFO] [default] - App successfully configured Filter Exception Controller
[2025-04-13 23:39:51.969] [INFO] [default] - App successfully configured Interceptors
[2025-04-13 23:39:51.969] [INFO] [default] - Nest app started with port [8092]
[2025-04-13 23:39:51.979] [INFO] [default] - AppController {/}:
[2025-04-13 23:39:51.980] [INFO] [default] - Mapped {/, GET} route
[2025-04-13 23:39:51.980] [INFO] [default] - GenreController {/api/v1/business/genres}:
[2025-04-13 23:39:51.980] [INFO] [default] - Mapped {/api/v1/business/genres, GET} route
[2025-04-13 23:39:51.980] [INFO] [default] - Mapped {/api/v1/business/genres/page, GET} route
[2025-04-13 23:39:51.980] [INFO] [default] - Mapped {/api/v1/business/genres/:genreId, GET} route
[2025-04-13 23:39:51.981] [INFO] [default] - Mapped {/api/v1/business/genres, POST} route
[2025-04-13 23:39:51.981] [INFO] [default] - Mapped {/api/v1/business/genres/:genreId, DELETE} route
[2025-04-13 23:39:51.981] [INFO] [default] - Mapped {/api/v1/business/genres, PUT} route
[2025-04-13 23:39:51.981] [INFO] [default] - ConcertController {/api/v1/business/concerts}:
[2025-04-13 23:39:51.981] [INFO] [default] - Mapped {/api/v1/business/concerts/upcoming, GET} route
[2025-04-13 23:39:51.981] [INFO] [default] - Mapped {/api/v1/business/concerts, GET} route
[2025-04-13 23:39:51.981] [INFO] [default] - Mapped {/api/v1/business/concerts, GET} route
[2025-04-13 23:39:51.981] [INFO] [default] - Mapped {/api/v1/business/concerts/schedule, GET} route
[2025-04-13 23:39:51.981] [INFO] [default] - Mapped {/api/v1/business/concerts, POST} route
[2025-04-13 23:39:51.981] [INFO] [default] - Mapped {/api/v1/business/concerts/bulkCreate, POST} route
[2025-04-13 23:39:51.981] [INFO] [default] - Mapped {/api/v1/business/concerts/:id, GET} route
[2025-04-13 23:39:51.982] [INFO] [default] - Nest application successfully started
[2025-04-13 23:39:56.286] [INFO] [log-aspect] - Logging started: [ConcertController] create
[2025-04-13 23:39:56.292] [INFO] [concert-service] - Start create operation...
[2025-04-13 23:39:56.313] [INFO] [concert-service] - Set genre of concert
[2025-04-13 23:39:56.313] [INFO] [concert-service] - Set images of concert
[2025-04-13 23:39:56.322] [INFO] [concert-service] - Set show times of concert
[2025-04-13 23:39:56.411] [ERROR] [concert-service] - SequelizeDatabaseError: null value in column "id" of relation "prices" violates not-null constraint
[2025-04-13 23:39:56.411] [ERROR] [log-aspect] - Logging error: [ConcertController] create failed with error: Error
    at Query.run (/Users/nhannguyen/Documents/ITProject/opera-house-backend/business-service/node_modules/sequelize/src/dialects/postgres/query.js:76:25)
    at <anonymous> (/Users/nhannguyen/Documents/ITProject/opera-house-backend/business-service/node_modules/sequelize/src/sequelize.js:650:28)
    at process.processTicksAndRejections (node:internal/process/task_queues:105:5)
    at async PostgresQueryInterface.bulkInsert (/Users/nhannguyen/Documents/ITProject/opera-house-backend/business-service/node_modules/sequelize/src/dialects/abstract/query-interface.js:881:21)
    at async recursiveBulkCreate (/Users/nhannguyen/Documents/ITProject/opera-house-backend/business-service/node_modules/sequelize/src/model.js:2851:25)
    at async Function.bulkCreate (/Users/nhannguyen/Documents/ITProject/opera-house-backend/business-service/node_modules/sequelize/src/model.js:2977:12)
    at async ConcertService.create (/Users/nhannguyen/Documents/ITProject/opera-house-backend/business-service/src/service/impl/concert.service.impl.ts:154:7)
    at async ConcertController.create (/Users/nhannguyen/Documents/ITProject/opera-house-backend/business-service/src/controller/concert.controller.ts:89:21).
[2025-04-13 23:39:56.411] [INFO] [log-aspect] - Logging ended: [ConcertController] create ended after 125ms
[2025-04-13 23:40:43.101] [INFO] [default] - Starting Nest application...
[2025-04-13 23:40:43.300] [INFO] [default] - App successfully configured Logger
[2025-04-13 23:40:43.300] [INFO] [default] - App successfully configured Filter Exception Controller
[2025-04-13 23:40:43.300] [INFO] [default] - App successfully configured Interceptors
[2025-04-13 23:40:43.300] [INFO] [default] - Nest app started with port [8092]
[2025-04-13 23:40:43.309] [INFO] [default] - AppController {/}:
[2025-04-13 23:40:43.309] [INFO] [default] - Mapped {/, GET} route
[2025-04-13 23:40:43.309] [INFO] [default] - GenreController {/api/v1/business/genres}:
[2025-04-13 23:40:43.309] [INFO] [default] - Mapped {/api/v1/business/genres, GET} route
[2025-04-13 23:40:43.310] [INFO] [default] - Mapped {/api/v1/business/genres/page, GET} route
[2025-04-13 23:40:43.310] [INFO] [default] - Mapped {/api/v1/business/genres/:genreId, GET} route
[2025-04-13 23:40:43.310] [INFO] [default] - Mapped {/api/v1/business/genres, POST} route
[2025-04-13 23:40:43.310] [INFO] [default] - Mapped {/api/v1/business/genres/:genreId, DELETE} route
[2025-04-13 23:40:43.310] [INFO] [default] - Mapped {/api/v1/business/genres, PUT} route
[2025-04-13 23:40:43.310] [INFO] [default] - ConcertController {/api/v1/business/concerts}:
[2025-04-13 23:40:43.310] [INFO] [default] - Mapped {/api/v1/business/concerts/upcoming, GET} route
[2025-04-13 23:40:43.311] [INFO] [default] - Mapped {/api/v1/business/concerts, GET} route
[2025-04-13 23:40:43.311] [INFO] [default] - Mapped {/api/v1/business/concerts, GET} route
[2025-04-13 23:40:43.311] [INFO] [default] - Mapped {/api/v1/business/concerts/schedule, GET} route
[2025-04-13 23:40:43.311] [INFO] [default] - Mapped {/api/v1/business/concerts, POST} route
[2025-04-13 23:40:43.311] [INFO] [default] - Mapped {/api/v1/business/concerts/bulkCreate, POST} route
[2025-04-13 23:40:43.311] [INFO] [default] - Mapped {/api/v1/business/concerts/:id, GET} route
[2025-04-13 23:40:43.312] [INFO] [default] - Nest application successfully started
[2025-04-13 23:40:46.499] [INFO] [log-aspect] - Logging started: [ConcertController] create
[2025-04-13 23:40:46.506] [INFO] [concert-service] - Start create operation...
[2025-04-13 23:40:46.536] [INFO] [concert-service] - Set genre of concert
[2025-04-13 23:40:46.536] [INFO] [concert-service] - Set images of concert
[2025-04-13 23:40:46.545] [INFO] [concert-service] - Set show times of concert
[2025-04-13 23:40:46.618] [ERROR] [concert-service] - SequelizeForeignKeyConstraintError: insert or update on table "prices" violates foreign key constraint "prices_seatCategoryId_fkey"
[2025-04-13 23:40:46.618] [ERROR] [log-aspect] - Logging error: [ConcertController] create failed with error: Error
    at Query.run (/Users/nhannguyen/Documents/ITProject/opera-house-backend/business-service/node_modules/sequelize/src/dialects/postgres/query.js:76:25)
    at <anonymous> (/Users/nhannguyen/Documents/ITProject/opera-house-backend/business-service/node_modules/sequelize/src/sequelize.js:650:28)
    at process.processTicksAndRejections (node:internal/process/task_queues:105:5)
    at async PostgresQueryInterface.bulkInsert (/Users/nhannguyen/Documents/ITProject/opera-house-backend/business-service/node_modules/sequelize/src/dialects/abstract/query-interface.js:881:21)
    at async recursiveBulkCreate (/Users/nhannguyen/Documents/ITProject/opera-house-backend/business-service/node_modules/sequelize/src/model.js:2851:25)
    at async Function.bulkCreate (/Users/nhannguyen/Documents/ITProject/opera-house-backend/business-service/node_modules/sequelize/src/model.js:2977:12)
    at async ConcertService.create (/Users/nhannguyen/Documents/ITProject/opera-house-backend/business-service/src/service/impl/concert.service.impl.ts:154:7)
    at async ConcertController.create (/Users/nhannguyen/Documents/ITProject/opera-house-backend/business-service/src/controller/concert.controller.ts:89:21).
[2025-04-13 23:40:46.619] [INFO] [log-aspect] - Logging ended: [ConcertController] create ended after 120ms
[2025-04-13 23:44:26.999] [INFO] [log-aspect] - Logging started: [ConcertController] create
[2025-04-13 23:44:27.021] [INFO] [concert-service] - Start create operation...
[2025-04-13 23:44:27.045] [INFO] [concert-service] - Set genre of concert
[2025-04-13 23:44:27.046] [INFO] [concert-service] - Set images of concert
[2025-04-13 23:44:27.059] [INFO] [concert-service] - Set show times of concert
[2025-04-13 23:44:27.132] [INFO] [concert-service] - Concert created id [f2523268-f5f6-4117-ac3d-8cd4e3240b3e]
[2025-04-13 23:44:27.133] [INFO] [log-aspect] - Logging success: [ConcertController] create executed successfully
[2025-04-13 23:44:27.133] [INFO] [log-aspect] - Logging ended: [ConcertController] create ended after 134ms
[2025-04-13 23:46:34.155] [INFO] [default] - Starting Nest application...
[2025-04-13 23:46:34.364] [INFO] [default] - App successfully configured Logger
[2025-04-13 23:46:34.364] [INFO] [default] - App successfully configured Filter Exception Controller
[2025-04-13 23:46:34.364] [INFO] [default] - App successfully configured Interceptors
[2025-04-13 23:46:34.364] [INFO] [default] - Nest app started with port [8092]
[2025-04-13 23:46:34.373] [INFO] [default] - AppController {/}:
[2025-04-13 23:46:34.374] [INFO] [default] - Mapped {/, GET} route
[2025-04-13 23:46:34.374] [INFO] [default] - GenreController {/api/v1/business/genres}:
[2025-04-13 23:46:34.375] [INFO] [default] - Mapped {/api/v1/business/genres, GET} route
[2025-04-13 23:46:34.375] [INFO] [default] - Mapped {/api/v1/business/genres/page, GET} route
[2025-04-13 23:46:34.375] [INFO] [default] - Mapped {/api/v1/business/genres/:genreId, GET} route
[2025-04-13 23:46:34.375] [INFO] [default] - Mapped {/api/v1/business/genres, POST} route
[2025-04-13 23:46:34.375] [INFO] [default] - Mapped {/api/v1/business/genres/:genreId, DELETE} route
[2025-04-13 23:46:34.375] [INFO] [default] - Mapped {/api/v1/business/genres, PUT} route
[2025-04-13 23:46:34.375] [INFO] [default] - ConcertController {/api/v1/business/concerts}:
[2025-04-13 23:46:34.376] [INFO] [default] - Mapped {/api/v1/business/concerts/upcoming, GET} route
[2025-04-13 23:46:34.376] [INFO] [default] - Mapped {/api/v1/business/concerts, GET} route
[2025-04-13 23:46:34.376] [INFO] [default] - Mapped {/api/v1/business/concerts, GET} route
[2025-04-13 23:46:34.376] [INFO] [default] - Mapped {/api/v1/business/concerts/schedule, GET} route
[2025-04-13 23:46:34.376] [INFO] [default] - Mapped {/api/v1/business/concerts, POST} route
[2025-04-13 23:46:34.376] [INFO] [default] - Mapped {/api/v1/business/concerts/bulkCreate, POST} route
[2025-04-13 23:46:34.376] [INFO] [default] - Mapped {/api/v1/business/concerts/:id, GET} route
[2025-04-13 23:46:34.377] [INFO] [default] - Nest application successfully started
[2025-04-13 23:47:12.968] [INFO] [log-aspect] - Logging started: [ConcertController] create
[2025-04-13 23:47:12.990] [INFO] [concert-service] - Start create operation...
[2025-04-13 23:47:13.012] [INFO] [concert-service] - Set genre of concert
[2025-04-13 23:47:13.012] [INFO] [concert-service] - Set images of concert
[2025-04-13 23:47:13.022] [INFO] [concert-service] - Set show times of concert
[2025-04-13 23:47:13.105] [ERROR] [concert-service] - SequelizeDatabaseError: column "price" of relation "prices" does not exist
[2025-04-13 23:47:13.106] [ERROR] [log-aspect] - Logging error: [ConcertController] create failed with error: Error
    at Query.run (/Users/nhannguyen/Documents/ITProject/opera-house-backend/business-service/node_modules/sequelize/src/dialects/postgres/query.js:76:25)
    at <anonymous> (/Users/nhannguyen/Documents/ITProject/opera-house-backend/business-service/node_modules/sequelize/src/sequelize.js:650:28)
    at process.processTicksAndRejections (node:internal/process/task_queues:105:5)
    at async PostgresQueryInterface.bulkInsert (/Users/nhannguyen/Documents/ITProject/opera-house-backend/business-service/node_modules/sequelize/src/dialects/abstract/query-interface.js:881:21)
    at async recursiveBulkCreate (/Users/nhannguyen/Documents/ITProject/opera-house-backend/business-service/node_modules/sequelize/src/model.js:2851:25)
    at async Function.bulkCreate (/Users/nhannguyen/Documents/ITProject/opera-house-backend/business-service/node_modules/sequelize/src/model.js:2977:12)
    at async ConcertService.create (/Users/nhannguyen/Documents/ITProject/opera-house-backend/business-service/src/service/impl/concert.service.impl.ts:152:7)
    at async ConcertController.create (/Users/nhannguyen/Documents/ITProject/opera-house-backend/business-service/src/controller/concert.controller.ts:89:21).
[2025-04-13 23:47:13.106] [INFO] [log-aspect] - Logging ended: [ConcertController] create ended after 138ms
[2025-04-13 23:48:06.370] [INFO] [default] - Starting Nest application...
[2025-04-13 23:48:06.592] [INFO] [default] - App successfully configured Logger
[2025-04-13 23:48:06.592] [INFO] [default] - App successfully configured Filter Exception Controller
[2025-04-13 23:48:06.592] [INFO] [default] - App successfully configured Interceptors
[2025-04-13 23:48:06.592] [INFO] [default] - Nest app started with port [8092]
[2025-04-13 23:48:06.603] [INFO] [default] - AppController {/}:
[2025-04-13 23:48:06.603] [INFO] [default] - Mapped {/, GET} route
[2025-04-13 23:48:06.603] [INFO] [default] - GenreController {/api/v1/business/genres}:
[2025-04-13 23:48:06.604] [INFO] [default] - Mapped {/api/v1/business/genres, GET} route
[2025-04-13 23:48:06.604] [INFO] [default] - Mapped {/api/v1/business/genres/page, GET} route
[2025-04-13 23:48:06.605] [INFO] [default] - Mapped {/api/v1/business/genres/:genreId, GET} route
[2025-04-13 23:48:06.605] [INFO] [default] - Mapped {/api/v1/business/genres, POST} route
[2025-04-13 23:48:06.605] [INFO] [default] - Mapped {/api/v1/business/genres/:genreId, DELETE} route
[2025-04-13 23:48:06.605] [INFO] [default] - Mapped {/api/v1/business/genres, PUT} route
[2025-04-13 23:48:06.605] [INFO] [default] - ConcertController {/api/v1/business/concerts}:
[2025-04-13 23:48:06.605] [INFO] [default] - Mapped {/api/v1/business/concerts/upcoming, GET} route
[2025-04-13 23:48:06.606] [INFO] [default] - Mapped {/api/v1/business/concerts, GET} route
[2025-04-13 23:48:06.606] [INFO] [default] - Mapped {/api/v1/business/concerts, GET} route
[2025-04-13 23:48:06.606] [INFO] [default] - Mapped {/api/v1/business/concerts/schedule, GET} route
[2025-04-13 23:48:06.606] [INFO] [default] - Mapped {/api/v1/business/concerts, POST} route
[2025-04-13 23:48:06.606] [INFO] [default] - Mapped {/api/v1/business/concerts/bulkCreate, POST} route
[2025-04-13 23:48:06.606] [INFO] [default] - Mapped {/api/v1/business/concerts/:id, GET} route
[2025-04-13 23:48:06.607] [INFO] [default] - Nest application successfully started
[2025-04-13 23:48:09.814] [INFO] [log-aspect] - Logging started: [ConcertController] create
[2025-04-13 23:48:09.822] [INFO] [concert-service] - Start create operation...
[2025-04-13 23:48:09.847] [INFO] [concert-service] - Set genre of concert
[2025-04-13 23:48:09.847] [INFO] [concert-service] - Set images of concert
[2025-04-13 23:48:09.855] [INFO] [concert-service] - Set show times of concert
[2025-04-13 23:48:09.930] [INFO] [concert-service] - Concert created id [43581c36-a14a-4b25-838f-be4c10024e8b]
[2025-04-13 23:48:09.932] [INFO] [log-aspect] - Logging success: [ConcertController] create executed successfully
[2025-04-13 23:48:09.932] [INFO] [log-aspect] - Logging ended: [ConcertController] create ended after 118ms
[2025-04-16 23:55:10.465] [INFO] [default] - Starting Nest application...
[2025-04-16 23:55:24.462] [INFO] [default] - Starting Nest application...
[2025-04-16 23:55:24.688] [INFO] [default] - App successfully configured Logger
[2025-04-16 23:55:24.689] [INFO] [default] - App successfully configured Filter Exception Controller
[2025-04-16 23:55:24.689] [INFO] [default] - App successfully configured Interceptors
[2025-04-16 23:55:24.689] [INFO] [default] - Nest app started with port [8092]
[2025-04-16 23:55:24.698] [INFO] [default] - AppController {/}:
[2025-04-16 23:55:24.699] [INFO] [default] - Mapped {/, GET} route
[2025-04-16 23:55:24.699] [INFO] [default] - GenreController {/api/v1/business/genres}:
[2025-04-16 23:55:24.699] [INFO] [default] - Mapped {/api/v1/business/genres, GET} route
[2025-04-16 23:55:24.700] [INFO] [default] - Mapped {/api/v1/business/genres/page, GET} route
[2025-04-16 23:55:24.700] [INFO] [default] - Mapped {/api/v1/business/genres/:genreId, GET} route
[2025-04-16 23:55:24.700] [INFO] [default] - Mapped {/api/v1/business/genres, POST} route
[2025-04-16 23:55:24.700] [INFO] [default] - Mapped {/api/v1/business/genres/:genreId, DELETE} route
[2025-04-16 23:55:24.700] [INFO] [default] - Mapped {/api/v1/business/genres, PUT} route
[2025-04-16 23:55:24.700] [INFO] [default] - ConcertController {/api/v1/business/concerts}:
[2025-04-16 23:55:24.700] [INFO] [default] - Mapped {/api/v1/business/concerts/upcoming, GET} route
[2025-04-16 23:55:24.700] [INFO] [default] - Mapped {/api/v1/business/concerts, GET} route
[2025-04-16 23:55:24.701] [INFO] [default] - Mapped {/api/v1/business/concerts, GET} route
[2025-04-16 23:55:24.701] [INFO] [default] - Mapped {/api/v1/business/concerts/schedule, GET} route
[2025-04-16 23:55:24.701] [INFO] [default] - Mapped {/api/v1/business/concerts, POST} route
[2025-04-16 23:55:24.701] [INFO] [default] - Mapped {/api/v1/business/concerts/bulkCreate, POST} route
[2025-04-16 23:55:24.701] [INFO] [default] - Mapped {/api/v1/business/concerts/:id, GET} route
[2025-04-16 23:55:24.702] [INFO] [default] - Nest application successfully started
[2025-04-16 23:59:31.156] [INFO] [log-aspect] - Logging started: [ConcertController] create
[2025-04-16 23:59:31.173] [INFO] [concert-service] - Concert mapper field [genres]
[2025-04-16 23:59:31.188] [INFO] [concert-service] - Concert mapper field [images]
[2025-04-16 23:59:31.188] [INFO] [concert-service] - Concert mapper field [showTimes]
[2025-04-16 23:59:31.191] [ERROR] [concert-service] - BadRequestException
[2025-04-16 23:59:31.193] [ERROR] [log-aspect] - Logging error: [ConcertController] create failed with error: Show times is invalid. Show times cannot be in the past - BadRequestException
    at ConcertMapper.toEntity (/Users/nhannguyen/Documents/ITProject/opera-house-backend/business-service/src/mapper/impl/concert.mapper.impl.ts:128:13)
    at process.processTicksAndRejections (node:internal/process/task_queues:105:5)
    at async ConcertService.create (/Users/nhannguyen/Documents/ITProject/opera-house-backend/business-service/src/service/impl/concert.service.impl.ts:50:23)
    at async ConcertController.create (/Users/nhannguyen/Documents/ITProject/opera-house-backend/business-service/src/controller/concert.controller.ts:89:21).
[2025-04-16 23:59:31.193] [INFO] [log-aspect] - Logging ended: [ConcertController] create ended after 37ms
[2025-04-17 00:00:36.748] [INFO] [log-aspect] - Logging started: [ConcertController] create
[2025-04-17 00:00:36.778] [INFO] [concert-service] - Concert mapper field [genres]
[2025-04-17 00:00:36.796] [INFO] [concert-service] - Concert mapper field [images]
[2025-04-17 00:00:36.796] [INFO] [concert-service] - Concert mapper field [showTimes]
[2025-04-17 00:00:36.804] [ERROR] [concert-service] - SequelizeDatabaseError: function checkconcerttimeduplication(unknown, unknown) does not exist
[2025-04-17 00:00:36.804] [ERROR] [log-aspect] - Logging error: [ConcertController] create failed with error: Error
    at Query.run (/Users/nhannguyen/Documents/ITProject/opera-house-backend/business-service/node_modules/sequelize/src/dialects/postgres/query.js:76:25)
    at <anonymous> (/Users/nhannguyen/Documents/ITProject/opera-house-backend/business-service/node_modules/sequelize/src/sequelize.js:650:28)
    at process.processTicksAndRejections (node:internal/process/task_queues:105:5)
    at async ConcertMapper.isShowTimesOfConcertDuplicated (/Users/nhannguyen/Documents/ITProject/opera-house-backend/business-service/src/mapper/impl/concert.mapper.impl.ts:271:24)
    at async ConcertMapper.toEntity (/Users/nhannguyen/Documents/ITProject/opera-house-backend/business-service/src/mapper/impl/concert.mapper.impl.ts:147:33)
    at async ConcertService.create (/Users/nhannguyen/Documents/ITProject/opera-house-backend/business-service/src/service/impl/concert.service.impl.ts:50:23)
    at async ConcertController.create (/Users/nhannguyen/Documents/ITProject/opera-house-backend/business-service/src/controller/concert.controller.ts:89:21).
[2025-04-17 00:00:36.804] [INFO] [log-aspect] - Logging ended: [ConcertController] create ended after 56ms
[2025-04-17 00:01:15.583] [INFO] [log-aspect] - Logging started: [ConcertController] create
[2025-04-17 00:01:15.636] [INFO] [concert-service] - Concert mapper field [genres]
[2025-04-17 00:01:15.656] [INFO] [concert-service] - Concert mapper field [images]
[2025-04-17 00:01:15.657] [INFO] [concert-service] - Concert mapper field [showTimes]
[2025-04-17 00:01:15.663] [INFO] [concert-service] - Concert mapper field [artists]
[2025-04-17 00:01:15.664] [INFO] [concert-service] - Concert mapper field [directors]
[2025-04-17 00:01:15.664] [INFO] [concert-service] - Concert mapper field [concertSeats]
[2025-04-17 00:01:15.692] [INFO] [concert-service] - Concert mapper field [prices]
[2025-04-17 00:01:15.692] [INFO] [concert-service] - Start create operation...
[2025-04-17 00:01:15.699] [ERROR] [concert-service] - TypeError: Cannot read properties of undefined (reading 'map')
[2025-04-17 00:01:15.699] [ERROR] [log-aspect] - Logging error: [ConcertController] create failed with error: TypeError: Cannot read properties of undefined (reading 'map')
    at ConcertRepository.create (/Users/nhannguyen/Documents/ITProject/opera-house-backend/business-service/src/repository/impl/concert.repository.impl.ts:32:48)
    at process.processTicksAndRejections (node:internal/process/task_queues:105:5)
    at async ConcertService.create (/Users/nhannguyen/Documents/ITProject/opera-house-backend/business-service/src/service/impl/concert.service.impl.ts:116:30)
    at async ConcertController.create (/Users/nhannguyen/Documents/ITProject/opera-house-backend/business-service/src/controller/concert.controller.ts:89:21).
[2025-04-17 00:01:15.699] [INFO] [log-aspect] - Logging ended: [ConcertController] create ended after 116ms
[2025-04-17 00:02:17.422] [INFO] [default] - Starting Nest application...
[2025-04-17 00:02:17.631] [INFO] [default] - App successfully configured Logger
[2025-04-17 00:02:17.631] [INFO] [default] - App successfully configured Filter Exception Controller
[2025-04-17 00:02:17.631] [INFO] [default] - App successfully configured Interceptors
[2025-04-17 00:02:17.631] [INFO] [default] - Nest app started with port [8092]
[2025-04-17 00:02:17.640] [INFO] [default] - AppController {/}:
[2025-04-17 00:02:17.641] [INFO] [default] - Mapped {/, GET} route
[2025-04-17 00:02:17.641] [INFO] [default] - GenreController {/api/v1/business/genres}:
[2025-04-17 00:02:17.641] [INFO] [default] - Mapped {/api/v1/business/genres, GET} route
[2025-04-17 00:02:17.642] [INFO] [default] - Mapped {/api/v1/business/genres/page, GET} route
[2025-04-17 00:02:17.642] [INFO] [default] - Mapped {/api/v1/business/genres/:genreId, GET} route
[2025-04-17 00:02:17.642] [INFO] [default] - Mapped {/api/v1/business/genres, POST} route
[2025-04-17 00:02:17.642] [INFO] [default] - Mapped {/api/v1/business/genres/:genreId, DELETE} route
[2025-04-17 00:02:17.642] [INFO] [default] - Mapped {/api/v1/business/genres, PUT} route
[2025-04-17 00:02:17.642] [INFO] [default] - ConcertController {/api/v1/business/concerts}:
[2025-04-17 00:02:17.642] [INFO] [default] - Mapped {/api/v1/business/concerts/upcoming, GET} route
[2025-04-17 00:02:17.643] [INFO] [default] - Mapped {/api/v1/business/concerts, GET} route
[2025-04-17 00:02:17.643] [INFO] [default] - Mapped {/api/v1/business/concerts, GET} route
[2025-04-17 00:02:17.643] [INFO] [default] - Mapped {/api/v1/business/concerts/schedule, GET} route
[2025-04-17 00:02:17.643] [INFO] [default] - Mapped {/api/v1/business/concerts, POST} route
[2025-04-17 00:02:17.643] [INFO] [default] - Mapped {/api/v1/business/concerts/bulkCreate, POST} route
[2025-04-17 00:02:17.643] [INFO] [default] - Mapped {/api/v1/business/concerts/:id, GET} route
[2025-04-17 00:02:17.644] [INFO] [default] - Nest application successfully started
[2025-04-17 00:02:20.338] [INFO] [log-aspect] - Logging started: [ConcertController] create
[2025-04-17 00:02:20.345] [INFO] [concert-service] - Concert mapper field [genres]
[2025-04-17 00:02:20.378] [INFO] [concert-service] - Concert mapper field [images]
[2025-04-17 00:02:20.379] [INFO] [concert-service] - Concert mapper field [showTimes]
[2025-04-17 00:02:20.386] [INFO] [concert-service] - Concert mapper field [artists]
[2025-04-17 00:02:20.386] [INFO] [concert-service] - Concert mapper field [directors]
[2025-04-17 00:02:20.387] [INFO] [concert-service] - Concert mapper field [concertSeats]
[2025-04-17 00:02:20.399] [INFO] [concert-service] - Concert mapper field [prices]
[2025-04-17 00:02:20.400] [INFO] [concert-service] - Start create operation...
[2025-04-17 00:02:20.410] [ERROR] [concert-service] - TypeError: Cannot read properties of undefined (reading 'map')
[2025-04-17 00:02:20.412] [ERROR] [log-aspect] - Logging error: [ConcertController] create failed with error: TypeError: Cannot read properties of undefined (reading 'map')
    at ConcertRepository.create (/Users/nhannguyen/Documents/ITProject/opera-house-backend/business-service/src/repository/impl/concert.repository.impl.ts:34:48)
    at process.processTicksAndRejections (node:internal/process/task_queues:105:5)
    at async ConcertService.create (/Users/nhannguyen/Documents/ITProject/opera-house-backend/business-service/src/service/impl/concert.service.impl.ts:116:30)
    at async ConcertController.create (/Users/nhannguyen/Documents/ITProject/opera-house-backend/business-service/src/controller/concert.controller.ts:89:21).
[2025-04-17 00:02:20.412] [INFO] [log-aspect] - Logging ended: [ConcertController] create ended after 74ms
[2025-04-17 00:03:41.829] [INFO] [default] - Starting Nest application...
[2025-04-17 00:03:42.022] [INFO] [default] - App successfully configured Logger
[2025-04-17 00:03:42.023] [INFO] [default] - App successfully configured Filter Exception Controller
[2025-04-17 00:03:42.023] [INFO] [default] - App successfully configured Interceptors
[2025-04-17 00:03:42.023] [INFO] [default] - Nest app started with port [8092]
[2025-04-17 00:03:42.031] [INFO] [default] - AppController {/}:
[2025-04-17 00:03:42.032] [INFO] [default] - Mapped {/, GET} route
[2025-04-17 00:03:42.032] [INFO] [default] - GenreController {/api/v1/business/genres}:
[2025-04-17 00:03:42.032] [INFO] [default] - Mapped {/api/v1/business/genres, GET} route
[2025-04-17 00:03:42.033] [INFO] [default] - Mapped {/api/v1/business/genres/page, GET} route
[2025-04-17 00:03:42.033] [INFO] [default] - Mapped {/api/v1/business/genres/:genreId, GET} route
[2025-04-17 00:03:42.033] [INFO] [default] - Mapped {/api/v1/business/genres, POST} route
[2025-04-17 00:03:42.033] [INFO] [default] - Mapped {/api/v1/business/genres/:genreId, DELETE} route
[2025-04-17 00:03:42.033] [INFO] [default] - Mapped {/api/v1/business/genres, PUT} route
[2025-04-17 00:03:42.033] [INFO] [default] - ConcertController {/api/v1/business/concerts}:
[2025-04-17 00:03:42.033] [INFO] [default] - Mapped {/api/v1/business/concerts/upcoming, GET} route
[2025-04-17 00:03:42.033] [INFO] [default] - Mapped {/api/v1/business/concerts, GET} route
[2025-04-17 00:03:42.034] [INFO] [default] - Mapped {/api/v1/business/concerts, GET} route
[2025-04-17 00:03:42.034] [INFO] [default] - Mapped {/api/v1/business/concerts/schedule, GET} route
[2025-04-17 00:03:42.034] [INFO] [default] - Mapped {/api/v1/business/concerts, POST} route
[2025-04-17 00:03:42.034] [INFO] [default] - Mapped {/api/v1/business/concerts/bulkCreate, POST} route
[2025-04-17 00:03:42.034] [INFO] [default] - Mapped {/api/v1/business/concerts/:id, GET} route
[2025-04-17 00:03:42.035] [INFO] [default] - Nest application successfully started
[2025-04-17 00:03:45.237] [INFO] [log-aspect] - Logging started: [ConcertController] create
[2025-04-17 00:03:45.243] [INFO] [concert-service] - Concert mapper field [genres]
[2025-04-17 00:03:45.259] [INFO] [concert-service] - Concert mapper field [images]
[2025-04-17 00:03:45.259] [INFO] [concert-service] - Concert mapper field [showTimes]
[2025-04-17 00:03:45.266] [INFO] [concert-service] - Concert mapper field [artists]
[2025-04-17 00:03:45.267] [INFO] [concert-service] - Concert mapper field [directors]
[2025-04-17 00:03:45.267] [INFO] [concert-service] - Concert mapper field [concertSeats]
[2025-04-17 00:03:45.281] [INFO] [concert-service] - Concert mapper field [prices]
[2025-04-17 00:03:45.282] [INFO] [concert-service] - Start create operation...
[2025-04-17 00:03:45.292] [ERROR] [concert-service] - TypeError: Cannot read properties of undefined (reading 'map')
[2025-04-17 00:03:45.294] [ERROR] [log-aspect] - Logging error: [ConcertController] create failed with error: TypeError: Cannot read properties of undefined (reading 'map')
    at ConcertRepository.create (/Users/nhannguyen/Documents/ITProject/opera-house-backend/business-service/src/repository/impl/concert.repository.impl.ts:42:42)
    at process.processTicksAndRejections (node:internal/process/task_queues:105:5)
    at async ConcertService.create (/Users/nhannguyen/Documents/ITProject/opera-house-backend/business-service/src/service/impl/concert.service.impl.ts:116:30)
    at async ConcertController.create (/Users/nhannguyen/Documents/ITProject/opera-house-backend/business-service/src/controller/concert.controller.ts:89:21).
[2025-04-17 00:03:45.295] [INFO] [log-aspect] - Logging ended: [ConcertController] create ended after 58ms
[2025-04-17 00:04:48.463] [INFO] [default] - Starting Nest application...
[2025-04-17 00:04:48.664] [INFO] [default] - App successfully configured Logger
[2025-04-17 00:04:48.664] [INFO] [default] - App successfully configured Filter Exception Controller
[2025-04-17 00:04:48.664] [INFO] [default] - App successfully configured Interceptors
[2025-04-17 00:04:48.664] [INFO] [default] - Nest app started with port [8092]
[2025-04-17 00:04:48.673] [INFO] [default] - AppController {/}:
[2025-04-17 00:04:48.674] [INFO] [default] - Mapped {/, GET} route
[2025-04-17 00:04:48.674] [INFO] [default] - GenreController {/api/v1/business/genres}:
[2025-04-17 00:04:48.674] [INFO] [default] - Mapped {/api/v1/business/genres, GET} route
[2025-04-17 00:04:48.674] [INFO] [default] - Mapped {/api/v1/business/genres/page, GET} route
[2025-04-17 00:04:48.674] [INFO] [default] - Mapped {/api/v1/business/genres/:genreId, GET} route
[2025-04-17 00:04:48.674] [INFO] [default] - Mapped {/api/v1/business/genres, POST} route
[2025-04-17 00:04:48.674] [INFO] [default] - Mapped {/api/v1/business/genres/:genreId, DELETE} route
[2025-04-17 00:04:48.675] [INFO] [default] - Mapped {/api/v1/business/genres, PUT} route
[2025-04-17 00:04:48.675] [INFO] [default] - ConcertController {/api/v1/business/concerts}:
[2025-04-17 00:04:48.675] [INFO] [default] - Mapped {/api/v1/business/concerts/upcoming, GET} route
[2025-04-17 00:04:48.675] [INFO] [default] - Mapped {/api/v1/business/concerts, GET} route
[2025-04-17 00:04:48.675] [INFO] [default] - Mapped {/api/v1/business/concerts, GET} route
[2025-04-17 00:04:48.675] [INFO] [default] - Mapped {/api/v1/business/concerts/schedule, GET} route
[2025-04-17 00:04:48.675] [INFO] [default] - Mapped {/api/v1/business/concerts, POST} route
[2025-04-17 00:04:48.675] [INFO] [default] - Mapped {/api/v1/business/concerts/bulkCreate, POST} route
[2025-04-17 00:04:48.675] [INFO] [default] - Mapped {/api/v1/business/concerts/:id, GET} route
[2025-04-17 00:04:48.676] [INFO] [default] - Nest application successfully started
[2025-04-17 00:04:51.641] [INFO] [log-aspect] - Logging started: [ConcertController] create
[2025-04-17 00:04:51.649] [INFO] [concert-service] - Concert mapper field [genres]
[2025-04-17 00:04:51.676] [INFO] [concert-service] - Concert mapper field [images]
[2025-04-17 00:04:51.676] [INFO] [concert-service] - Concert mapper field [showTimes]
[2025-04-17 00:04:51.688] [INFO] [concert-service] - Concert mapper field [artists]
[2025-04-17 00:04:51.688] [INFO] [concert-service] - Concert mapper field [directors]
[2025-04-17 00:04:51.688] [INFO] [concert-service] - Concert mapper field [concertSeats]
[2025-04-17 00:04:51.703] [INFO] [concert-service] - Concert mapper field [prices]
[2025-04-17 00:04:51.704] [INFO] [concert-service] - Start create operation...
[2025-04-17 00:04:51.714] [ERROR] [concert-service] - TypeError: price.get is not a function
[2025-04-17 00:04:51.717] [ERROR] [log-aspect] - Logging error: [ConcertController] create failed with error: TypeError: price.get is not a function
    at <anonymous> (/Users/nhannguyen/Documents/ITProject/opera-house-backend/business-service/src/repository/impl/concert.repository.impl.ts:42:63)
    at Array.map (<anonymous>)
    at ConcertRepository.create (/Users/nhannguyen/Documents/ITProject/opera-house-backend/business-service/src/repository/impl/concert.repository.impl.ts:42:42)
    at process.processTicksAndRejections (node:internal/process/task_queues:105:5)
    at async ConcertService.create (/Users/nhannguyen/Documents/ITProject/opera-house-backend/business-service/src/service/impl/concert.service.impl.ts:116:30)
    at async ConcertController.create (/Users/nhannguyen/Documents/ITProject/opera-house-backend/business-service/src/controller/concert.controller.ts:89:21).
[2025-04-17 00:04:51.718] [INFO] [log-aspect] - Logging ended: [ConcertController] create ended after 77ms
[2025-04-17 00:05:16.465] [INFO] [default] - Starting Nest application...
[2025-04-17 00:05:16.665] [INFO] [default] - App successfully configured Logger
[2025-04-17 00:05:16.666] [INFO] [default] - App successfully configured Filter Exception Controller
[2025-04-17 00:05:16.666] [INFO] [default] - App successfully configured Interceptors
[2025-04-17 00:05:16.666] [INFO] [default] - Nest app started with port [8092]
[2025-04-17 00:05:16.675] [INFO] [default] - AppController {/}:
[2025-04-17 00:05:16.676] [INFO] [default] - Mapped {/, GET} route
[2025-04-17 00:05:16.676] [INFO] [default] - GenreController {/api/v1/business/genres}:
[2025-04-17 00:05:16.676] [INFO] [default] - Mapped {/api/v1/business/genres, GET} route
[2025-04-17 00:05:16.676] [INFO] [default] - Mapped {/api/v1/business/genres/page, GET} route
[2025-04-17 00:05:16.676] [INFO] [default] - Mapped {/api/v1/business/genres/:genreId, GET} route
[2025-04-17 00:05:16.677] [INFO] [default] - Mapped {/api/v1/business/genres, POST} route
[2025-04-17 00:05:16.677] [INFO] [default] - Mapped {/api/v1/business/genres/:genreId, DELETE} route
[2025-04-17 00:05:16.677] [INFO] [default] - Mapped {/api/v1/business/genres, PUT} route
[2025-04-17 00:05:16.677] [INFO] [default] - ConcertController {/api/v1/business/concerts}:
[2025-04-17 00:05:16.677] [INFO] [default] - Mapped {/api/v1/business/concerts/upcoming, GET} route
[2025-04-17 00:05:16.677] [INFO] [default] - Mapped {/api/v1/business/concerts, GET} route
[2025-04-17 00:05:16.677] [INFO] [default] - Mapped {/api/v1/business/concerts, GET} route
[2025-04-17 00:05:16.677] [INFO] [default] - Mapped {/api/v1/business/concerts/schedule, GET} route
[2025-04-17 00:05:16.677] [INFO] [default] - Mapped {/api/v1/business/concerts, POST} route
[2025-04-17 00:05:16.677] [INFO] [default] - Mapped {/api/v1/business/concerts/bulkCreate, POST} route
[2025-04-17 00:05:16.677] [INFO] [default] - Mapped {/api/v1/business/concerts/:id, GET} route
[2025-04-17 00:05:16.678] [INFO] [default] - Nest application successfully started
[2025-04-17 00:05:19.988] [INFO] [log-aspect] - Logging started: [ConcertController] create
[2025-04-17 00:05:19.995] [INFO] [concert-service] - Concert mapper field [genres]
[2025-04-17 00:05:20.012] [INFO] [concert-service] - Concert mapper field [images]
[2025-04-17 00:05:20.012] [INFO] [concert-service] - Concert mapper field [showTimes]
[2025-04-17 00:05:20.020] [INFO] [concert-service] - Concert mapper field [artists]
[2025-04-17 00:05:20.020] [INFO] [concert-service] - Concert mapper field [directors]
[2025-04-17 00:05:20.020] [INFO] [concert-service] - Concert mapper field [concertSeats]
[2025-04-17 00:05:20.034] [INFO] [concert-service] - Concert mapper field [prices]
[2025-04-17 00:05:20.034] [INFO] [concert-service] - Start create operation...
[2025-04-17 00:05:20.099] [ERROR] [concert-service] - SequelizeDatabaseError: null value in column "id" of relation "concert_seat" violates not-null constraint
[2025-04-17 00:05:20.100] [ERROR] [log-aspect] - Logging error: [ConcertController] create failed with error: Error
    at Query.run (/Users/nhannguyen/Documents/ITProject/opera-house-backend/business-service/node_modules/sequelize/src/dialects/postgres/query.js:76:25)
    at <anonymous> (/Users/nhannguyen/Documents/ITProject/opera-house-backend/business-service/node_modules/sequelize/src/sequelize.js:650:28)
    at process.processTicksAndRejections (node:internal/process/task_queues:105:5)
    at async PostgresQueryInterface.bulkInsert (/Users/nhannguyen/Documents/ITProject/opera-house-backend/business-service/node_modules/sequelize/src/dialects/abstract/query-interface.js:881:21)
    at async recursiveBulkCreate (/Users/nhannguyen/Documents/ITProject/opera-house-backend/business-service/node_modules/sequelize/src/model.js:2851:25)
    at async Function.bulkCreate (/Users/nhannguyen/Documents/ITProject/opera-house-backend/business-service/node_modules/sequelize/src/model.js:2977:12)
    at async Promise.all (index 0)
    at async BelongsToMany.add (/Users/nhannguyen/Documents/ITProject/opera-house-backend/business-service/node_modules/sequelize/src/associations/belongs-to-many.js:747:30)
    at async ConcertRepository.create (/Users/nhannguyen/Documents/ITProject/opera-house-backend/business-service/src/repository/impl/concert.repository.impl.ts:59:5)
    at async ConcertService.create (/Users/nhannguyen/Documents/ITProject/opera-house-backend/business-service/src/service/impl/concert.service.impl.ts:116:30).
[2025-04-17 00:05:20.100] [INFO] [log-aspect] - Logging ended: [ConcertController] create ended after 112ms
[2025-04-17 00:09:22.686] [INFO] [default] - Starting Nest application...
[2025-04-17 00:09:22.917] [INFO] [default] - App successfully configured Logger
[2025-04-17 00:09:22.918] [INFO] [default] - App successfully configured Filter Exception Controller
[2025-04-17 00:09:22.918] [INFO] [default] - App successfully configured Interceptors
[2025-04-17 00:09:22.918] [INFO] [default] - Nest app started with port [8092]
[2025-04-17 00:09:22.927] [INFO] [default] - AppController {/}:
[2025-04-17 00:09:22.927] [INFO] [default] - Mapped {/, GET} route
[2025-04-17 00:09:22.927] [INFO] [default] - GenreController {/api/v1/business/genres}:
[2025-04-17 00:09:22.928] [INFO] [default] - Mapped {/api/v1/business/genres, GET} route
[2025-04-17 00:09:22.928] [INFO] [default] - Mapped {/api/v1/business/genres/page, GET} route
[2025-04-17 00:09:22.928] [INFO] [default] - Mapped {/api/v1/business/genres/:genreId, GET} route
[2025-04-17 00:09:22.928] [INFO] [default] - Mapped {/api/v1/business/genres, POST} route
[2025-04-17 00:09:22.928] [INFO] [default] - Mapped {/api/v1/business/genres/:genreId, DELETE} route
[2025-04-17 00:09:22.928] [INFO] [default] - Mapped {/api/v1/business/genres, PUT} route
[2025-04-17 00:09:22.928] [INFO] [default] - ConcertController {/api/v1/business/concerts}:
[2025-04-17 00:09:22.929] [INFO] [default] - Mapped {/api/v1/business/concerts/upcoming, GET} route
[2025-04-17 00:09:22.929] [INFO] [default] - Mapped {/api/v1/business/concerts, GET} route
[2025-04-17 00:09:22.929] [INFO] [default] - Mapped {/api/v1/business/concerts, GET} route
[2025-04-17 00:09:22.929] [INFO] [default] - Mapped {/api/v1/business/concerts/schedule, GET} route
[2025-04-17 00:09:22.929] [INFO] [default] - Mapped {/api/v1/business/concerts, POST} route
[2025-04-17 00:09:22.929] [INFO] [default] - Mapped {/api/v1/business/concerts/bulkCreate, POST} route
[2025-04-17 00:09:22.929] [INFO] [default] - Mapped {/api/v1/business/concerts/:id, GET} route
[2025-04-17 00:09:22.930] [INFO] [default] - Nest application successfully started
[2025-04-17 00:09:33.821] [INFO] [log-aspect] - Logging started: [ConcertController] create
[2025-04-17 00:09:33.827] [INFO] [concert-service] - Concert mapper field [genres]
[2025-04-17 00:09:33.846] [INFO] [concert-service] - Concert mapper field [images]
[2025-04-17 00:09:33.847] [INFO] [concert-service] - Concert mapper field [showTimes]
[2025-04-17 00:09:33.868] [INFO] [concert-service] - Concert mapper field [artists]
[2025-04-17 00:09:33.868] [INFO] [concert-service] - Concert mapper field [directors]
[2025-04-17 00:09:33.868] [INFO] [concert-service] - Concert mapper field [concertSeats]
[2025-04-17 00:09:33.887] [INFO] [concert-service] - Concert mapper field [prices]
[2025-04-17 00:09:33.887] [INFO] [concert-service] - Start create operation...
[2025-04-17 00:09:33.959] [INFO] [concert-service] - Concert created id [424d985e-d394-40a9-b65e-778a118e1cc9]
[2025-04-17 00:09:33.961] [INFO] [log-aspect] - Logging success: [ConcertController] create executed successfully
[2025-04-17 00:09:33.962] [INFO] [log-aspect] - Logging ended: [ConcertController] create ended after 141ms
[2025-04-17 19:53:52.346] [INFO] [default] - Starting Nest application...
[2025-04-17 19:54:09.549] [INFO] [default] - Starting Nest application...
[2025-04-17 19:54:09.757] [INFO] [default] - App successfully configured Logger
[2025-04-17 19:54:09.757] [INFO] [default] - App successfully configured Filter Exception Controller
[2025-04-17 19:54:09.757] [INFO] [default] - App successfully configured Interceptors
[2025-04-17 19:54:09.757] [INFO] [default] - Nest app started with port [8092]
[2025-04-17 19:54:09.767] [INFO] [default] - AppController {/}:
[2025-04-17 19:54:09.767] [INFO] [default] - Mapped {/, GET} route
[2025-04-17 19:54:09.767] [INFO] [default] - GenreController {/api/v1/business/genres}:
[2025-04-17 19:54:09.768] [INFO] [default] - Mapped {/api/v1/business/genres, GET} route
[2025-04-17 19:54:09.768] [INFO] [default] - Mapped {/api/v1/business/genres/page, GET} route
[2025-04-17 19:54:09.768] [INFO] [default] - Mapped {/api/v1/business/genres/:genreId, GET} route
[2025-04-17 19:54:09.768] [INFO] [default] - Mapped {/api/v1/business/genres, POST} route
[2025-04-17 19:54:09.768] [INFO] [default] - Mapped {/api/v1/business/genres/:genreId, DELETE} route
[2025-04-17 19:54:09.768] [INFO] [default] - Mapped {/api/v1/business/genres, PUT} route
[2025-04-17 19:54:09.768] [INFO] [default] - ConcertController {/api/v1/business/concerts}:
[2025-04-17 19:54:09.768] [INFO] [default] - Mapped {/api/v1/business/concerts/upcoming, GET} route
[2025-04-17 19:54:09.769] [INFO] [default] - Mapped {/api/v1/business/concerts, GET} route
[2025-04-17 19:54:09.769] [INFO] [default] - Mapped {/api/v1/business/concerts, GET} route
[2025-04-17 19:54:09.769] [INFO] [default] - Mapped {/api/v1/business/concerts/schedule, GET} route
[2025-04-17 19:54:09.769] [INFO] [default] - Mapped {/api/v1/business/concerts, POST} route
[2025-04-17 19:54:09.769] [INFO] [default] - Mapped {/api/v1/business/concerts/bulkCreate, POST} route
[2025-04-17 19:54:09.769] [INFO] [default] - Mapped {/api/v1/business/concerts/:id, GET} route
[2025-04-17 19:54:09.770] [INFO] [default] - Nest application successfully started
[2025-04-17 23:19:22.688] [INFO] [default] - Starting Nest application...
[2025-04-17 23:19:22.906] [INFO] [default] - App successfully configured Logger
[2025-04-17 23:19:22.907] [INFO] [default] - App successfully configured Filter Exception Controller
[2025-04-17 23:19:22.907] [INFO] [default] - App successfully configured Interceptors
[2025-04-17 23:19:22.907] [INFO] [default] - Nest app started with port [8092]
[2025-04-17 23:19:22.915] [INFO] [default] - AppController {/}:
[2025-04-17 23:19:22.916] [INFO] [default] - Mapped {/, GET} route
[2025-04-17 23:19:22.916] [INFO] [default] - GenreController {/api/v1/business/genres}:
[2025-04-17 23:19:22.916] [INFO] [default] - Mapped {/api/v1/business/genres, GET} route
[2025-04-17 23:19:22.917] [INFO] [default] - Mapped {/api/v1/business/genres/page, GET} route
[2025-04-17 23:19:22.917] [INFO] [default] - Mapped {/api/v1/business/genres/:genreId, GET} route
[2025-04-17 23:19:22.917] [INFO] [default] - Mapped {/api/v1/business/genres, POST} route
[2025-04-17 23:19:22.917] [INFO] [default] - Mapped {/api/v1/business/genres/:genreId, DELETE} route
[2025-04-17 23:19:22.917] [INFO] [default] - Mapped {/api/v1/business/genres, PUT} route
[2025-04-17 23:19:22.917] [INFO] [default] - ConcertController {/api/v1/business/concerts}:
[2025-04-17 23:19:22.917] [INFO] [default] - Mapped {/api/v1/business/concerts/upcoming, GET} route
[2025-04-17 23:19:22.917] [INFO] [default] - Mapped {/api/v1/business/concerts, GET} route
[2025-04-17 23:19:22.918] [INFO] [default] - Mapped {/api/v1/business/concerts, GET} route
[2025-04-17 23:19:22.918] [INFO] [default] - Mapped {/api/v1/business/concerts/schedule, GET} route
[2025-04-17 23:19:22.918] [INFO] [default] - Mapped {/api/v1/business/concerts, POST} route
[2025-04-17 23:19:22.918] [INFO] [default] - Mapped {/api/v1/business/concerts/bulkCreate, POST} route
[2025-04-17 23:19:22.918] [INFO] [default] - Mapped {/api/v1/business/concerts/:id, GET} route
[2025-04-17 23:19:22.919] [INFO] [default] - Nest application successfully started
[2025-04-17 23:32:08.356] [INFO] [default] - Starting Nest application...
[2025-04-17 23:32:08.558] [INFO] [default] - App successfully configured Logger
[2025-04-17 23:32:08.558] [INFO] [default] - App successfully configured Filter Exception Controller
[2025-04-17 23:32:08.558] [INFO] [default] - App successfully configured Interceptors
[2025-04-17 23:32:08.558] [INFO] [default] - Nest app started with port [8092]
[2025-04-17 23:32:08.568] [INFO] [default] - AppController {/}:
[2025-04-17 23:32:08.568] [INFO] [default] - Mapped {/, GET} route
[2025-04-17 23:32:08.568] [INFO] [default] - GenreController {/api/v1/business/genres}:
[2025-04-17 23:32:08.568] [INFO] [default] - Mapped {/api/v1/business/genres, GET} route
[2025-04-17 23:32:08.569] [INFO] [default] - Mapped {/api/v1/business/genres/page, GET} route
[2025-04-17 23:32:08.569] [INFO] [default] - Mapped {/api/v1/business/genres/:genreId, GET} route
[2025-04-17 23:32:08.569] [INFO] [default] - Mapped {/api/v1/business/genres, POST} route
[2025-04-17 23:32:08.569] [INFO] [default] - Mapped {/api/v1/business/genres/:genreId, DELETE} route
[2025-04-17 23:32:08.569] [INFO] [default] - Mapped {/api/v1/business/genres, PUT} route
[2025-04-17 23:32:08.569] [INFO] [default] - ConcertController {/api/v1/business/concerts}:
[2025-04-17 23:32:08.569] [INFO] [default] - Mapped {/api/v1/business/concerts/upcoming, GET} route
[2025-04-17 23:32:08.570] [INFO] [default] - Mapped {/api/v1/business/concerts, GET} route
[2025-04-17 23:32:08.570] [INFO] [default] - Mapped {/api/v1/business/concerts, GET} route
[2025-04-17 23:32:08.570] [INFO] [default] - Mapped {/api/v1/business/concerts/schedule, GET} route
[2025-04-17 23:32:08.570] [INFO] [default] - Mapped {/api/v1/business/concerts, POST} route
[2025-04-17 23:32:08.570] [INFO] [default] - Mapped {/api/v1/business/concerts/bulkCreate, POST} route
[2025-04-17 23:32:08.570] [INFO] [default] - Mapped {/api/v1/business/concerts/:id, GET} route
[2025-04-17 23:32:08.571] [INFO] [default] - Nest application successfully started
[2025-04-17 23:33:30.070] [INFO] [log-aspect] - Logging started: [ConcertController] findUpcomingConcerts
[2025-04-17 23:33:30.111] [ERROR] [concert-service] - SequelizeDatabaseError: column concerts.art does not exist
[2025-04-17 23:33:30.111] [ERROR] [log-aspect] - Logging error: [ConcertController] findUpcomingConcerts failed with error: Error
    at Query.run (/Users/nhannguyen/Documents/ITProject/opera-house-backend/business-service/node_modules/sequelize/src/dialects/postgres/query.js:76:25)
    at <anonymous> (/Users/nhannguyen/Documents/ITProject/opera-house-backend/business-service/node_modules/sequelize/src/sequelize.js:650:28)
    at process.processTicksAndRejections (node:internal/process/task_queues:105:5)
    at async ConcertRepository.findByShowTimeWithInTwoWeeks (/Users/nhannguyen/Documents/ITProject/opera-house-backend/business-service/src/repository/impl/concert.repository.impl.ts:94:33)
    at async ConcertService.findUpcomingConcerts (/Users/nhannguyen/Documents/ITProject/opera-house-backend/business-service/src/service/impl/concert.service.impl.ts:220:9)
    at async ConcertController.findUpcomingConcerts (/Users/nhannguyen/Documents/ITProject/opera-house-backend/business-service/src/controller/concert.controller.ts:31:20).
[2025-04-17 23:33:30.112] [INFO] [log-aspect] - Logging ended: [ConcertController] findUpcomingConcerts ended after 42ms
[2025-04-17 23:45:02.271] [INFO] [default] - Starting Nest application...
[2025-04-17 23:45:02.470] [INFO] [default] - App successfully configured Logger
[2025-04-17 23:45:02.470] [INFO] [default] - App successfully configured Filter Exception Controller
[2025-04-17 23:45:02.471] [INFO] [default] - App successfully configured Interceptors
[2025-04-17 23:45:02.471] [INFO] [default] - Nest app started with port [8092]
[2025-04-17 23:45:02.488] [INFO] [default] - AppController {/}:
[2025-04-17 23:45:02.488] [INFO] [default] - Mapped {/, GET} route
[2025-04-17 23:45:02.488] [INFO] [default] - GenreController {/api/v1/business/genres}:
[2025-04-17 23:45:02.489] [INFO] [default] - Mapped {/api/v1/business/genres, GET} route
[2025-04-17 23:45:02.489] [INFO] [default] - Mapped {/api/v1/business/genres/page, GET} route
[2025-04-17 23:45:02.489] [INFO] [default] - Mapped {/api/v1/business/genres/:genreId, GET} route
[2025-04-17 23:45:02.489] [INFO] [default] - Mapped {/api/v1/business/genres, POST} route
[2025-04-17 23:45:02.489] [INFO] [default] - Mapped {/api/v1/business/genres/:genreId, DELETE} route
[2025-04-17 23:45:02.489] [INFO] [default] - Mapped {/api/v1/business/genres, PUT} route
[2025-04-17 23:45:02.489] [INFO] [default] - ConcertController {/api/v1/business/concerts}:
[2025-04-17 23:45:02.489] [INFO] [default] - Mapped {/api/v1/business/concerts/upcoming, GET} route
[2025-04-17 23:45:02.490] [INFO] [default] - Mapped {/api/v1/business/concerts, GET} route
[2025-04-17 23:45:02.490] [INFO] [default] - Mapped {/api/v1/business/concerts, GET} route
[2025-04-17 23:45:02.490] [INFO] [default] - Mapped {/api/v1/business/concerts/schedule, GET} route
[2025-04-17 23:45:02.490] [INFO] [default] - Mapped {/api/v1/business/concerts, POST} route
[2025-04-17 23:45:02.490] [INFO] [default] - Mapped {/api/v1/business/concerts/bulkCreate, POST} route
[2025-04-17 23:45:02.490] [INFO] [default] - Mapped {/api/v1/business/concerts/:id, GET} route
[2025-04-17 23:45:02.491] [INFO] [default] - Nest application successfully started
[2025-04-17 23:45:08.047] [INFO] [log-aspect] - Logging started: [ConcertController] findUpcomingConcerts
[2025-04-17 23:45:08.070] [ERROR] [concert-service] - SequelizeDatabaseError: column concerts.art does not exist
[2025-04-17 23:45:08.071] [ERROR] [log-aspect] - Logging error: [ConcertController] findUpcomingConcerts failed with error: Error
    at Query.run (/Users/nhannguyen/Documents/ITProject/opera-house-backend/business-service/node_modules/sequelize/src/dialects/postgres/query.js:76:25)
    at <anonymous> (/Users/nhannguyen/Documents/ITProject/opera-house-backend/business-service/node_modules/sequelize/src/sequelize.js:650:28)
    at process.processTicksAndRejections (node:internal/process/task_queues:105:5)
    at async ConcertRepository.findByShowTimeWithInTwoWeeks (/Users/nhannguyen/Documents/ITProject/opera-house-backend/business-service/src/repository/impl/concert.repository.impl.ts:94:33)
    at async ConcertService.findUpcomingConcerts (/Users/nhannguyen/Documents/ITProject/opera-house-backend/business-service/src/service/impl/concert.service.impl.ts:220:9)
    at async ConcertController.findUpcomingConcerts (/Users/nhannguyen/Documents/ITProject/opera-house-backend/business-service/src/controller/concert.controller.ts:31:20).
[2025-04-17 23:45:08.071] [INFO] [log-aspect] - Logging ended: [ConcertController] findUpcomingConcerts ended after 24ms
[2025-04-17 23:45:33.094] [INFO] [default] - Starting Nest application...
[2025-04-17 23:45:33.291] [INFO] [default] - App successfully configured Logger
[2025-04-17 23:45:33.291] [INFO] [default] - App successfully configured Filter Exception Controller
[2025-04-17 23:45:33.292] [INFO] [default] - App successfully configured Interceptors
[2025-04-17 23:45:33.292] [INFO] [default] - Nest app started with port [8092]
[2025-04-17 23:45:33.301] [INFO] [default] - AppController {/}:
[2025-04-17 23:45:33.301] [INFO] [default] - Mapped {/, GET} route
[2025-04-17 23:45:33.301] [INFO] [default] - GenreController {/api/v1/business/genres}:
[2025-04-17 23:45:33.302] [INFO] [default] - Mapped {/api/v1/business/genres, GET} route
[2025-04-17 23:45:33.302] [INFO] [default] - Mapped {/api/v1/business/genres/page, GET} route
[2025-04-17 23:45:33.302] [INFO] [default] - Mapped {/api/v1/business/genres/:genreId, GET} route
[2025-04-17 23:45:33.302] [INFO] [default] - Mapped {/api/v1/business/genres, POST} route
[2025-04-17 23:45:33.302] [INFO] [default] - Mapped {/api/v1/business/genres/:genreId, DELETE} route
[2025-04-17 23:45:33.302] [INFO] [default] - Mapped {/api/v1/business/genres, PUT} route
[2025-04-17 23:45:33.302] [INFO] [default] - ConcertController {/api/v1/business/concerts}:
[2025-04-17 23:45:33.302] [INFO] [default] - Mapped {/api/v1/business/concerts/upcoming, GET} route
[2025-04-17 23:45:33.303] [INFO] [default] - Mapped {/api/v1/business/concerts, GET} route
[2025-04-17 23:45:33.303] [INFO] [default] - Mapped {/api/v1/business/concerts, GET} route
[2025-04-17 23:45:33.303] [INFO] [default] - Mapped {/api/v1/business/concerts/schedule, GET} route
[2025-04-17 23:45:33.303] [INFO] [default] - Mapped {/api/v1/business/concerts, POST} route
[2025-04-17 23:45:33.303] [INFO] [default] - Mapped {/api/v1/business/concerts/bulkCreate, POST} route
[2025-04-17 23:45:33.303] [INFO] [default] - Mapped {/api/v1/business/concerts/:id, GET} route
[2025-04-17 23:45:33.304] [INFO] [default] - Nest application successfully started
[2025-04-17 23:45:39.682] [INFO] [log-aspect] - Logging started: [ConcertController] findUpcomingConcerts
[2025-04-17 23:45:39.700] [ERROR] [concert-service] - SequelizeDatabaseError: column concerts.art does not exist
[2025-04-17 23:45:39.703] [ERROR] [log-aspect] - Logging error: [ConcertController] findUpcomingConcerts failed with error: Error
    at Query.run (/Users/nhannguyen/Documents/ITProject/opera-house-backend/business-service/node_modules/sequelize/src/dialects/postgres/query.js:76:25)
    at <anonymous> (/Users/nhannguyen/Documents/ITProject/opera-house-backend/business-service/node_modules/sequelize/src/sequelize.js:650:28)
    at process.processTicksAndRejections (node:internal/process/task_queues:105:5)
    at async ConcertRepository.findByShowTimeWithInTwoWeeks (/Users/nhannguyen/Documents/ITProject/opera-house-backend/business-service/src/repository/impl/concert.repository.impl.ts:94:33)
    at async ConcertService.findUpcomingConcerts (/Users/nhannguyen/Documents/ITProject/opera-house-backend/business-service/src/service/impl/concert.service.impl.ts:220:9)
    at async ConcertController.findUpcomingConcerts (/Users/nhannguyen/Documents/ITProject/opera-house-backend/business-service/src/controller/concert.controller.ts:31:20).
[2025-04-17 23:45:39.704] [INFO] [log-aspect] - Logging ended: [ConcertController] findUpcomingConcerts ended after 22ms
[2025-04-17 23:55:11.206] [INFO] [default] - Starting Nest application...
[2025-04-17 23:55:11.423] [INFO] [default] - App successfully configured Logger
[2025-04-17 23:55:11.423] [INFO] [default] - App successfully configured Filter Exception Controller
[2025-04-17 23:55:11.423] [INFO] [default] - App successfully configured Interceptors
[2025-04-17 23:55:11.423] [INFO] [default] - Nest app started with port [8092]
[2025-04-17 23:55:11.432] [INFO] [default] - AppController {/}:
[2025-04-17 23:55:11.433] [INFO] [default] - Mapped {/, GET} route
[2025-04-17 23:55:11.433] [INFO] [default] - GenreController {/api/v1/business/genres}:
[2025-04-17 23:55:11.433] [INFO] [default] - Mapped {/api/v1/business/genres, GET} route
[2025-04-17 23:55:11.433] [INFO] [default] - Mapped {/api/v1/business/genres/page, GET} route
[2025-04-17 23:55:11.433] [INFO] [default] - Mapped {/api/v1/business/genres/:genreId, GET} route
[2025-04-17 23:55:11.434] [INFO] [default] - Mapped {/api/v1/business/genres, POST} route
[2025-04-17 23:55:11.434] [INFO] [default] - Mapped {/api/v1/business/genres/:genreId, DELETE} route
[2025-04-17 23:55:11.434] [INFO] [default] - Mapped {/api/v1/business/genres, PUT} route
[2025-04-17 23:55:11.434] [INFO] [default] - ConcertController {/api/v1/business/concerts}:
[2025-04-17 23:55:11.434] [INFO] [default] - Mapped {/api/v1/business/concerts/upcoming, GET} route
[2025-04-17 23:55:11.434] [INFO] [default] - Mapped {/api/v1/business/concerts, GET} route
[2025-04-17 23:55:11.434] [INFO] [default] - Mapped {/api/v1/business/concerts, GET} route
[2025-04-17 23:55:11.434] [INFO] [default] - Mapped {/api/v1/business/concerts/schedule, GET} route
[2025-04-17 23:55:11.434] [INFO] [default] - Mapped {/api/v1/business/concerts, POST} route
[2025-04-17 23:55:11.434] [INFO] [default] - Mapped {/api/v1/business/concerts/bulkCreate, POST} route
[2025-04-17 23:55:11.434] [INFO] [default] - Mapped {/api/v1/business/concerts/:id, GET} route
[2025-04-17 23:55:11.435] [INFO] [default] - Nest application successfully started
[2025-04-17 23:55:16.718] [INFO] [log-aspect] - Logging started: [ConcertController] findUpcomingConcerts
[2025-04-17 23:55:16.733] [ERROR] [concert-service] - SequelizeDatabaseError: column concerts.art does not exist
[2025-04-17 23:55:16.733] [ERROR] [log-aspect] - Logging error: [ConcertController] findUpcomingConcerts failed with error: SequelizeDatabaseError - Error
    at Query.run (/Users/nhannguyen/Documents/ITProject/opera-house-backend/business-service/node_modules/sequelize/src/dialects/postgres/query.js:76:25)
    at <anonymous> (/Users/nhannguyen/Documents/ITProject/opera-house-backend/business-service/node_modules/sequelize/src/sequelize.js:650:28)
    at process.processTicksAndRejections (node:internal/process/task_queues:105:5)
    at async ConcertRepository.findByShowTimeWithInTwoWeeks (/Users/nhannguyen/Documents/ITProject/opera-house-backend/business-service/src/repository/impl/concert.repository.impl.ts:94:33)
    at async ConcertService.findUpcomingConcerts (/Users/nhannguyen/Documents/ITProject/opera-house-backend/business-service/src/service/impl/concert.service.impl.ts:220:9)
    at async ConcertController.findUpcomingConcerts (/Users/nhannguyen/Documents/ITProject/opera-house-backend/business-service/src/controller/concert.controller.ts:31:20).
[2025-04-17 23:55:16.734] [INFO] [log-aspect] - Logging ended: [ConcertController] findUpcomingConcerts ended after 16ms
[2025-04-18 22:10:31.239] [INFO] [default] - Starting Nest application...
[2025-04-18 22:10:31.493] [INFO] [default] - App successfully configured Logger
[2025-04-18 22:10:31.494] [INFO] [default] - App successfully configured Filter Exception Controller
[2025-04-18 22:10:31.494] [INFO] [default] - App successfully configured Interceptors
[2025-04-18 22:10:31.495] [INFO] [default] - Nest app started with port [8092]
[2025-04-18 22:10:31.507] [INFO] [default] - AppController {/}:
[2025-04-18 22:10:31.508] [INFO] [default] - Mapped {/, GET} route
[2025-04-18 22:10:31.508] [INFO] [default] - GenreController {/api/v1/business/genres}:
[2025-04-18 22:10:31.508] [INFO] [default] - Mapped {/api/v1/business/genres, GET} route
[2025-04-18 22:10:31.509] [INFO] [default] - Mapped {/api/v1/business/genres/page, GET} route
[2025-04-18 22:10:31.509] [INFO] [default] - Mapped {/api/v1/business/genres/:genreId, GET} route
[2025-04-18 22:10:31.509] [INFO] [default] - Mapped {/api/v1/business/genres, POST} route
[2025-04-18 22:10:31.509] [INFO] [default] - Mapped {/api/v1/business/genres/:genreId, DELETE} route
[2025-04-18 22:10:31.509] [INFO] [default] - Mapped {/api/v1/business/genres, PUT} route
[2025-04-18 22:10:31.509] [INFO] [default] - ConcertController {/api/v1/business/concerts}:
[2025-04-18 22:10:31.509] [INFO] [default] - Mapped {/api/v1/business/concerts/upcoming, GET} route
[2025-04-18 22:10:31.509] [INFO] [default] - Mapped {/api/v1/business/concerts, GET} route
[2025-04-18 22:10:31.510] [INFO] [default] - Mapped {/api/v1/business/concerts, GET} route
[2025-04-18 22:10:31.510] [INFO] [default] - Mapped {/api/v1/business/concerts/schedule, GET} route
[2025-04-18 22:10:31.510] [INFO] [default] - Mapped {/api/v1/business/concerts, POST} route
[2025-04-18 22:10:31.510] [INFO] [default] - Mapped {/api/v1/business/concerts/bulkCreate, POST} route
[2025-04-18 22:10:31.510] [INFO] [default] - Mapped {/api/v1/business/concerts/:id, GET} route
[2025-04-18 22:10:31.511] [INFO] [default] - Nest application successfully started
[2025-04-18 22:10:59.200] [INFO] [log-aspect] - Logging started: [ConcertController] create
[2025-04-18 22:10:59.225] [INFO] [concert-service] - Concert mapper field [genres]
[2025-04-18 22:10:59.264] [INFO] [concert-service] - Concert mapper field [images]
[2025-04-18 22:10:59.264] [INFO] [concert-service] - Concert mapper field [showTimes]
[2025-04-18 22:10:59.274] [INFO] [concert-service] - Concert mapper field [artists]
[2025-04-18 22:10:59.274] [INFO] [concert-service] - Concert mapper field [directors]
[2025-04-18 22:10:59.274] [INFO] [concert-service] - Concert mapper field [concertSeats]
[2025-04-18 22:10:59.299] [INFO] [concert-service] - Concert mapper field [prices]
[2025-04-18 22:10:59.299] [INFO] [concert-service] - Start create operation...
[2025-04-18 22:10:59.377] [INFO] [concert-service] - Concert created id [0ab6da17-34d8-4de4-9cf5-a796b4abe11e]
[2025-04-18 22:10:59.380] [INFO] [log-aspect] - Logging success: [ConcertController] create executed successfully
[2025-04-18 22:10:59.380] [INFO] [log-aspect] - Logging ended: [ConcertController] create ended after 180ms
[2025-04-18 22:11:15.376] [INFO] [log-aspect] - Logging started: [ConcertController] findUpcomingConcerts
[2025-04-18 22:11:15.378] [ERROR] [concert-service] - TypeError: (0 , moment_timezone_1.default) is not a function
[2025-04-18 22:11:15.381] [ERROR] [log-aspect] - Logging error: [ConcertController] findUpcomingConcerts failed with error: TypeError - TypeError: (0 , moment_timezone_1.default) is not a function
    at ConcertRepository.findByShowTimeWithInTwoWeeks (/Users/nhannguyen/Documents/ITProject/opera-house-backend/business-service/src/repository/impl/concert.repository.impl.ts:97:23)
    at ConcertService.findUpcomingConcerts (/Users/nhannguyen/Documents/ITProject/opera-house-backend/business-service/src/service/impl/concert.service.impl.ts:220:38)
    at ConcertController.findUpcomingConcerts (/Users/nhannguyen/Documents/ITProject/opera-house-backend/business-service/src/controller/concert.controller.ts:31:46)
    at /Users/nhannguyen/Documents/ITProject/opera-house-backend/business-service/node_modules/@nestjs/core/router/router-execution-context.js:38:29
    at process.processTicksAndRejections (node:internal/process/task_queues:105:5).
[2025-04-18 22:11:15.382] [INFO] [log-aspect] - Logging ended: [ConcertController] findUpcomingConcerts ended after 6ms
[2025-04-18 22:16:25.521] [INFO] [default] - Starting Nest application...
[2025-04-18 22:16:25.732] [INFO] [default] - App successfully configured Logger
[2025-04-18 22:16:25.733] [INFO] [default] - App successfully configured Filter Exception Controller
[2025-04-18 22:16:25.733] [INFO] [default] - App successfully configured Interceptors
[2025-04-18 22:16:25.733] [INFO] [default] - Nest app started with port [8092]
[2025-04-18 22:16:25.742] [INFO] [default] - AppController {/}:
[2025-04-18 22:16:25.743] [INFO] [default] - Mapped {/, GET} route
[2025-04-18 22:16:25.743] [INFO] [default] - GenreController {/api/v1/business/genres}:
[2025-04-18 22:16:25.743] [INFO] [default] - Mapped {/api/v1/business/genres, GET} route
[2025-04-18 22:16:25.744] [INFO] [default] - Mapped {/api/v1/business/genres/page, GET} route
[2025-04-18 22:16:25.744] [INFO] [default] - Mapped {/api/v1/business/genres/:genreId, GET} route
[2025-04-18 22:16:25.744] [INFO] [default] - Mapped {/api/v1/business/genres, POST} route
[2025-04-18 22:16:25.744] [INFO] [default] - Mapped {/api/v1/business/genres/:genreId, DELETE} route
[2025-04-18 22:16:25.744] [INFO] [default] - Mapped {/api/v1/business/genres, PUT} route
[2025-04-18 22:16:25.744] [INFO] [default] - ConcertController {/api/v1/business/concerts}:
[2025-04-18 22:16:25.744] [INFO] [default] - Mapped {/api/v1/business/concerts/upcoming, GET} route
[2025-04-18 22:16:25.744] [INFO] [default] - Mapped {/api/v1/business/concerts, GET} route
[2025-04-18 22:16:25.745] [INFO] [default] - Mapped {/api/v1/business/concerts, GET} route
[2025-04-18 22:16:25.745] [INFO] [default] - Mapped {/api/v1/business/concerts/schedule, GET} route
[2025-04-18 22:16:25.745] [INFO] [default] - Mapped {/api/v1/business/concerts, POST} route
[2025-04-18 22:16:25.745] [INFO] [default] - Mapped {/api/v1/business/concerts/bulkCreate, POST} route
[2025-04-18 22:16:25.745] [INFO] [default] - Mapped {/api/v1/business/concerts/:id, GET} route
[2025-04-18 22:16:25.746] [INFO] [default] - Nest application successfully started
[2025-04-18 22:16:31.076] [INFO] [log-aspect] - Logging started: [ConcertController] findUpcomingConcerts
[2025-04-18 22:16:31.106] [INFO] [log-aspect] - Logging success: [ConcertController] findUpcomingConcerts executed successfully
[2025-04-18 22:16:31.106] [INFO] [log-aspect] - Logging ended: [ConcertController] findUpcomingConcerts ended after 30ms
[2025-04-18 22:19:17.594] [INFO] [default] - Starting Nest application...
[2025-04-18 22:19:17.786] [INFO] [default] - App successfully configured Logger
[2025-04-18 22:19:17.786] [INFO] [default] - App successfully configured Filter Exception Controller
[2025-04-18 22:19:17.786] [INFO] [default] - App successfully configured Interceptors
[2025-04-18 22:19:17.786] [INFO] [default] - Nest app started with port [8092]
[2025-04-18 22:19:17.795] [INFO] [default] - AppController {/}:
[2025-04-18 22:19:17.796] [INFO] [default] - Mapped {/, GET} route
[2025-04-18 22:19:17.796] [INFO] [default] - GenreController {/api/v1/business/genres}:
[2025-04-18 22:19:17.796] [INFO] [default] - Mapped {/api/v1/business/genres, GET} route
[2025-04-18 22:19:17.796] [INFO] [default] - Mapped {/api/v1/business/genres/page, GET} route
[2025-04-18 22:19:17.797] [INFO] [default] - Mapped {/api/v1/business/genres/:genreId, GET} route
[2025-04-18 22:19:17.797] [INFO] [default] - Mapped {/api/v1/business/genres, POST} route
[2025-04-18 22:19:17.797] [INFO] [default] - Mapped {/api/v1/business/genres/:genreId, DELETE} route
[2025-04-18 22:19:17.797] [INFO] [default] - Mapped {/api/v1/business/genres, PUT} route
[2025-04-18 22:19:17.797] [INFO] [default] - ConcertController {/api/v1/business/concerts}:
[2025-04-18 22:19:17.797] [INFO] [default] - Mapped {/api/v1/business/concerts/upcoming, GET} route
[2025-04-18 22:19:17.797] [INFO] [default] - Mapped {/api/v1/business/concerts, GET} route
[2025-04-18 22:19:17.797] [INFO] [default] - Mapped {/api/v1/business/concerts, GET} route
[2025-04-18 22:19:17.797] [INFO] [default] - Mapped {/api/v1/business/concerts/schedule, GET} route
[2025-04-18 22:19:17.797] [INFO] [default] - Mapped {/api/v1/business/concerts, POST} route
[2025-04-18 22:19:17.798] [INFO] [default] - Mapped {/api/v1/business/concerts/bulkCreate, POST} route
[2025-04-18 22:19:17.798] [INFO] [default] - Mapped {/api/v1/business/concerts/:id, GET} route
[2025-04-18 22:19:17.798] [INFO] [default] - Nest application successfully started
[2025-04-18 22:19:20.889] [INFO] [log-aspect] - Logging started: [ConcertController] findUpcomingConcerts
[2025-04-18 22:19:20.920] [INFO] [log-aspect] - Logging success: [ConcertController] findUpcomingConcerts executed successfully
[2025-04-18 22:19:20.922] [INFO] [log-aspect] - Logging ended: [ConcertController] findUpcomingConcerts ended after 33ms
[2025-04-18 22:24:44.521] [INFO] [default] - Starting Nest application...
[2025-04-18 22:24:44.721] [INFO] [default] - App successfully configured Logger
[2025-04-18 22:24:44.721] [INFO] [default] - App successfully configured Filter Exception Controller
[2025-04-18 22:24:44.721] [INFO] [default] - App successfully configured Interceptors
[2025-04-18 22:24:44.721] [INFO] [default] - Nest app started with port [8092]
[2025-04-18 22:24:44.730] [INFO] [default] - AppController {/}:
[2025-04-18 22:24:44.730] [INFO] [default] - Mapped {/, GET} route
[2025-04-18 22:24:44.730] [INFO] [default] - GenreController {/api/v1/business/genres}:
[2025-04-18 22:24:44.731] [INFO] [default] - Mapped {/api/v1/business/genres, GET} route
[2025-04-18 22:24:44.731] [INFO] [default] - Mapped {/api/v1/business/genres/page, GET} route
[2025-04-18 22:24:44.731] [INFO] [default] - Mapped {/api/v1/business/genres/:genreId, GET} route
[2025-04-18 22:24:44.731] [INFO] [default] - Mapped {/api/v1/business/genres, POST} route
[2025-04-18 22:24:44.731] [INFO] [default] - Mapped {/api/v1/business/genres/:genreId, DELETE} route
[2025-04-18 22:24:44.731] [INFO] [default] - Mapped {/api/v1/business/genres, PUT} route
[2025-04-18 22:24:44.731] [INFO] [default] - ConcertController {/api/v1/business/concerts}:
[2025-04-18 22:24:44.731] [INFO] [default] - Mapped {/api/v1/business/concerts/upcoming, GET} route
[2025-04-18 22:24:44.732] [INFO] [default] - Mapped {/api/v1/business/concerts, GET} route
[2025-04-18 22:24:44.732] [INFO] [default] - Mapped {/api/v1/business/concerts, GET} route
[2025-04-18 22:24:44.732] [INFO] [default] - Mapped {/api/v1/business/concerts/schedule, GET} route
[2025-04-18 22:24:44.732] [INFO] [default] - Mapped {/api/v1/business/concerts, POST} route
[2025-04-18 22:24:44.732] [INFO] [default] - Mapped {/api/v1/business/concerts/bulkCreate, POST} route
[2025-04-18 22:24:44.732] [INFO] [default] - Mapped {/api/v1/business/concerts/:id, GET} route
[2025-04-18 22:24:44.733] [INFO] [default] - Nest application successfully started
[2025-04-18 22:24:55.080] [INFO] [log-aspect] - Logging started: [ConcertController] findUpcomingConcerts
[2025-04-18 22:24:55.112] [INFO] [log-aspect] - Logging success: [ConcertController] findUpcomingConcerts executed successfully
[2025-04-18 22:24:55.113] [INFO] [log-aspect] - Logging ended: [ConcertController] findUpcomingConcerts ended after 33ms
[2025-04-18 22:27:07.129] [INFO] [default] - Starting Nest application...
[2025-04-18 22:27:07.365] [INFO] [default] - App successfully configured Logger
[2025-04-18 22:27:07.365] [INFO] [default] - App successfully configured Filter Exception Controller
[2025-04-18 22:27:07.365] [INFO] [default] - App successfully configured Interceptors
[2025-04-18 22:27:07.365] [INFO] [default] - Nest app started with port [8092]
[2025-04-18 22:27:07.374] [INFO] [default] - AppController {/}:
[2025-04-18 22:27:07.375] [INFO] [default] - Mapped {/, GET} route
[2025-04-18 22:27:07.375] [INFO] [default] - GenreController {/api/v1/business/genres}:
[2025-04-18 22:27:07.375] [INFO] [default] - Mapped {/api/v1/business/genres, GET} route
[2025-04-18 22:27:07.375] [INFO] [default] - Mapped {/api/v1/business/genres/page, GET} route
[2025-04-18 22:27:07.375] [INFO] [default] - Mapped {/api/v1/business/genres/:genreId, GET} route
[2025-04-18 22:27:07.376] [INFO] [default] - Mapped {/api/v1/business/genres, POST} route
[2025-04-18 22:27:07.376] [INFO] [default] - Mapped {/api/v1/business/genres/:genreId, DELETE} route
[2025-04-18 22:27:07.376] [INFO] [default] - Mapped {/api/v1/business/genres, PUT} route
[2025-04-18 22:27:07.376] [INFO] [default] - ConcertController {/api/v1/business/concerts}:
[2025-04-18 22:27:07.376] [INFO] [default] - Mapped {/api/v1/business/concerts/upcoming, GET} route
[2025-04-18 22:27:07.376] [INFO] [default] - Mapped {/api/v1/business/concerts, GET} route
[2025-04-18 22:27:07.376] [INFO] [default] - Mapped {/api/v1/business/concerts, GET} route
[2025-04-18 22:27:07.376] [INFO] [default] - Mapped {/api/v1/business/concerts/schedule, GET} route
[2025-04-18 22:27:07.376] [INFO] [default] - Mapped {/api/v1/business/concerts, POST} route
[2025-04-18 22:27:07.376] [INFO] [default] - Mapped {/api/v1/business/concerts/bulkCreate, POST} route
[2025-04-18 22:27:07.376] [INFO] [default] - Mapped {/api/v1/business/concerts/:id, GET} route
[2025-04-18 22:27:07.377] [INFO] [default] - Nest application successfully started
[2025-04-18 22:27:09.261] [INFO] [log-aspect] - Logging started: [ConcertController] findUpcomingConcerts
[2025-04-18 22:27:09.319] [INFO] [log-aspect] - Logging success: [ConcertController] findUpcomingConcerts executed successfully
[2025-04-18 22:27:09.319] [INFO] [log-aspect] - Logging ended: [ConcertController] findUpcomingConcerts ended after 58ms
[2025-04-18 22:28:42.761] [INFO] [default] - Starting Nest application...
[2025-04-18 22:28:42.962] [INFO] [default] - App successfully configured Logger
[2025-04-18 22:28:42.962] [INFO] [default] - App successfully configured Filter Exception Controller
[2025-04-18 22:28:42.962] [INFO] [default] - App successfully configured Interceptors
[2025-04-18 22:28:42.962] [INFO] [default] - Nest app started with port [8092]
[2025-04-18 22:28:42.971] [INFO] [default] - AppController {/}:
[2025-04-18 22:28:42.972] [INFO] [default] - Mapped {/, GET} route
[2025-04-18 22:28:42.972] [INFO] [default] - GenreController {/api/v1/business/genres}:
[2025-04-18 22:28:42.972] [INFO] [default] - Mapped {/api/v1/business/genres, GET} route
[2025-04-18 22:28:42.972] [INFO] [default] - Mapped {/api/v1/business/genres/page, GET} route
[2025-04-18 22:28:42.972] [INFO] [default] - Mapped {/api/v1/business/genres/:genreId, GET} route
[2025-04-18 22:28:42.973] [INFO] [default] - Mapped {/api/v1/business/genres, POST} route
[2025-04-18 22:28:42.973] [INFO] [default] - Mapped {/api/v1/business/genres/:genreId, DELETE} route
[2025-04-18 22:28:42.973] [INFO] [default] - Mapped {/api/v1/business/genres, PUT} route
[2025-04-18 22:28:42.973] [INFO] [default] - ConcertController {/api/v1/business/concerts}:
[2025-04-18 22:28:42.973] [INFO] [default] - Mapped {/api/v1/business/concerts/upcoming, GET} route
[2025-04-18 22:28:42.974] [INFO] [default] - Mapped {/api/v1/business/concerts, GET} route
[2025-04-18 22:28:42.974] [INFO] [default] - Mapped {/api/v1/business/concerts, GET} route
[2025-04-18 22:28:42.974] [INFO] [default] - Mapped {/api/v1/business/concerts/schedule, GET} route
[2025-04-18 22:28:42.974] [INFO] [default] - Mapped {/api/v1/business/concerts, POST} route
[2025-04-18 22:28:42.974] [INFO] [default] - Mapped {/api/v1/business/concerts/bulkCreate, POST} route
[2025-04-18 22:28:42.974] [INFO] [default] - Mapped {/api/v1/business/concerts/:id, GET} route
[2025-04-18 22:28:42.975] [INFO] [default] - Nest application successfully started
[2025-04-18 22:28:45.512] [INFO] [log-aspect] - Logging started: [ConcertController] findUpcomingConcerts
[2025-04-18 22:28:45.539] [INFO] [log-aspect] - Logging success: [ConcertController] findUpcomingConcerts executed successfully
[2025-04-18 22:28:45.540] [INFO] [log-aspect] - Logging ended: [ConcertController] findUpcomingConcerts ended after 28ms
[2025-04-18 22:30:13.717] [INFO] [default] - Starting Nest application...
[2025-04-18 22:30:13.926] [INFO] [default] - App successfully configured Logger
[2025-04-18 22:30:13.927] [INFO] [default] - App successfully configured Filter Exception Controller
[2025-04-18 22:30:13.927] [INFO] [default] - App successfully configured Interceptors
[2025-04-18 22:30:13.927] [INFO] [default] - Nest app started with port [8092]
[2025-04-18 22:30:13.935] [INFO] [default] - AppController {/}:
[2025-04-18 22:30:13.936] [INFO] [default] - Mapped {/, GET} route
[2025-04-18 22:30:13.936] [INFO] [default] - GenreController {/api/v1/business/genres}:
[2025-04-18 22:30:13.936] [INFO] [default] - Mapped {/api/v1/business/genres, GET} route
[2025-04-18 22:30:13.936] [INFO] [default] - Mapped {/api/v1/business/genres/page, GET} route
[2025-04-18 22:30:13.937] [INFO] [default] - Mapped {/api/v1/business/genres/:genreId, GET} route
[2025-04-18 22:30:13.937] [INFO] [default] - Mapped {/api/v1/business/genres, POST} route
[2025-04-18 22:30:13.937] [INFO] [default] - Mapped {/api/v1/business/genres/:genreId, DELETE} route
[2025-04-18 22:30:13.937] [INFO] [default] - Mapped {/api/v1/business/genres, PUT} route
[2025-04-18 22:30:13.937] [INFO] [default] - ConcertController {/api/v1/business/concerts}:
[2025-04-18 22:30:13.937] [INFO] [default] - Mapped {/api/v1/business/concerts/upcoming, GET} route
[2025-04-18 22:30:13.937] [INFO] [default] - Mapped {/api/v1/business/concerts, GET} route
[2025-04-18 22:30:13.937] [INFO] [default] - Mapped {/api/v1/business/concerts, GET} route
[2025-04-18 22:30:13.937] [INFO] [default] - Mapped {/api/v1/business/concerts/schedule, GET} route
[2025-04-18 22:30:13.938] [INFO] [default] - Mapped {/api/v1/business/concerts, POST} route
[2025-04-18 22:30:13.938] [INFO] [default] - Mapped {/api/v1/business/concerts/bulkCreate, POST} route
[2025-04-18 22:30:13.938] [INFO] [default] - Mapped {/api/v1/business/concerts/:id, GET} route
[2025-04-18 22:30:13.939] [INFO] [default] - Nest application successfully started
[2025-04-18 22:30:15.676] [INFO] [log-aspect] - Logging started: [ConcertController] findUpcomingConcerts
[2025-04-18 22:30:15.727] [INFO] [log-aspect] - Logging success: [ConcertController] findUpcomingConcerts executed successfully
[2025-04-18 22:30:15.727] [INFO] [log-aspect] - Logging ended: [ConcertController] findUpcomingConcerts ended after 51ms
[2025-04-18 23:02:17.537] [INFO] [default] - Starting Nest application...
[2025-04-18 23:02:17.743] [INFO] [default] - App successfully configured Logger
[2025-04-18 23:02:17.743] [INFO] [default] - App successfully configured Filter Exception Controller
[2025-04-18 23:02:17.743] [INFO] [default] - App successfully configured Interceptors
[2025-04-18 23:02:17.743] [INFO] [default] - Nest app started with port [8092]
[2025-04-18 23:02:17.752] [INFO] [default] - AppController {/}:
[2025-04-18 23:02:17.752] [INFO] [default] - Mapped {/, GET} route
[2025-04-18 23:02:17.752] [INFO] [default] - GenreController {/api/v1/business/genres}:
[2025-04-18 23:02:17.753] [INFO] [default] - Mapped {/api/v1/business/genres, GET} route
[2025-04-18 23:02:17.753] [INFO] [default] - Mapped {/api/v1/business/genres/page, GET} route
[2025-04-18 23:02:17.753] [INFO] [default] - Mapped {/api/v1/business/genres/:genreId, GET} route
[2025-04-18 23:02:17.754] [INFO] [default] - Mapped {/api/v1/business/genres, POST} route
[2025-04-18 23:02:17.754] [INFO] [default] - Mapped {/api/v1/business/genres/:genreId, DELETE} route
[2025-04-18 23:02:17.754] [INFO] [default] - Mapped {/api/v1/business/genres, PUT} route
[2025-04-18 23:02:17.754] [INFO] [default] - ConcertController {/api/v1/business/concerts}:
[2025-04-18 23:02:17.754] [INFO] [default] - Mapped {/api/v1/business/concerts/upcoming, GET} route
[2025-04-18 23:02:17.754] [INFO] [default] - Mapped {/api/v1/business/concerts, GET} route
[2025-04-18 23:02:17.754] [INFO] [default] - Mapped {/api/v1/business/concerts, GET} route
[2025-04-18 23:02:17.754] [INFO] [default] - Mapped {/api/v1/business/concerts/schedule, GET} route
[2025-04-18 23:02:17.755] [INFO] [default] - Mapped {/api/v1/business/concerts, POST} route
[2025-04-18 23:02:17.755] [INFO] [default] - Mapped {/api/v1/business/concerts/bulkCreate, POST} route
[2025-04-18 23:02:17.755] [INFO] [default] - Mapped {/api/v1/business/concerts/:id, GET} route
[2025-04-18 23:02:17.755] [INFO] [default] - Nest application successfully started
[2025-04-18 23:03:57.268] [INFO] [default] - Starting Nest application...
[2025-04-18 23:03:57.461] [INFO] [default] - App successfully configured Logger
[2025-04-18 23:03:57.461] [INFO] [default] - App successfully configured Filter Exception Controller
[2025-04-18 23:03:57.462] [INFO] [default] - App successfully configured Interceptors
[2025-04-18 23:03:57.462] [INFO] [default] - Nest app started with port [8092]
[2025-04-18 23:03:57.470] [INFO] [default] - AppController {/}:
[2025-04-18 23:03:57.471] [INFO] [default] - Mapped {/, GET} route
[2025-04-18 23:03:57.471] [INFO] [default] - GenreController {/api/v1/business/genres}:
[2025-04-18 23:03:57.471] [INFO] [default] - Mapped {/api/v1/business/genres, GET} route
[2025-04-18 23:03:57.472] [INFO] [default] - Mapped {/api/v1/business/genres/page, GET} route
[2025-04-18 23:03:57.472] [INFO] [default] - Mapped {/api/v1/business/genres/:genreId, GET} route
[2025-04-18 23:03:57.472] [INFO] [default] - Mapped {/api/v1/business/genres, POST} route
[2025-04-18 23:03:57.472] [INFO] [default] - Mapped {/api/v1/business/genres/:genreId, DELETE} route
[2025-04-18 23:03:57.472] [INFO] [default] - Mapped {/api/v1/business/genres, PUT} route
[2025-04-18 23:03:57.472] [INFO] [default] - ConcertController {/api/v1/business/concerts}:
[2025-04-18 23:03:57.472] [INFO] [default] - Mapped {/api/v1/business/concerts/upcoming, GET} route
[2025-04-18 23:03:57.472] [INFO] [default] - Mapped {/api/v1/business/concerts, GET} route
[2025-04-18 23:03:57.473] [INFO] [default] - Mapped {/api/v1/business/concerts, GET} route
[2025-04-18 23:03:57.473] [INFO] [default] - Mapped {/api/v1/business/concerts/schedule, GET} route
[2025-04-18 23:03:57.473] [INFO] [default] - Mapped {/api/v1/business/concerts, POST} route
[2025-04-18 23:03:57.473] [INFO] [default] - Mapped {/api/v1/business/concerts/bulkCreate, POST} route
[2025-04-18 23:03:57.473] [INFO] [default] - Mapped {/api/v1/business/concerts/:id, GET} route
[2025-04-18 23:03:57.474] [INFO] [default] - Nest application successfully started
[2025-04-18 23:10:52.151] [INFO] [default] - Starting Nest application...
[2025-04-18 23:10:52.472] [INFO] [default] - App successfully configured Logger
[2025-04-18 23:10:52.472] [INFO] [default] - App successfully configured Filter Exception Controller
[2025-04-18 23:10:52.472] [INFO] [default] - App successfully configured Interceptors
[2025-04-18 23:10:52.473] [INFO] [default] - Nest app started with port [8092]
[2025-04-18 23:10:52.484] [INFO] [default] - AppController {/}:
[2025-04-18 23:10:52.485] [INFO] [default] - Mapped {/, GET} route
[2025-04-18 23:10:52.485] [INFO] [default] - GenreController {/api/v1/business/genres}:
[2025-04-18 23:10:52.485] [INFO] [default] - Mapped {/api/v1/business/genres, GET} route
[2025-04-18 23:10:52.486] [INFO] [default] - Mapped {/api/v1/business/genres/page, GET} route
[2025-04-18 23:10:52.486] [INFO] [default] - Mapped {/api/v1/business/genres/:genreId, GET} route
[2025-04-18 23:10:52.486] [INFO] [default] - Mapped {/api/v1/business/genres, POST} route
[2025-04-18 23:10:52.486] [INFO] [default] - Mapped {/api/v1/business/genres/:genreId, DELETE} route
[2025-04-18 23:10:52.487] [INFO] [default] - Mapped {/api/v1/business/genres, PUT} route
[2025-04-18 23:10:52.487] [INFO] [default] - ConcertController {/api/v1/business/concerts}:
[2025-04-18 23:10:52.487] [INFO] [default] - Mapped {/api/v1/business/concerts/upcoming, GET} route
[2025-04-18 23:10:52.488] [INFO] [default] - Mapped {/api/v1/business/concerts, GET} route
[2025-04-18 23:10:52.488] [INFO] [default] - Mapped {/api/v1/business/concerts, GET} route
[2025-04-18 23:10:52.488] [INFO] [default] - Mapped {/api/v1/business/concerts/schedule, GET} route
[2025-04-18 23:10:52.488] [INFO] [default] - Mapped {/api/v1/business/concerts, POST} route
[2025-04-18 23:10:52.488] [INFO] [default] - Mapped {/api/v1/business/concerts/bulkCreate, POST} route
[2025-04-18 23:10:52.488] [INFO] [default] - Mapped {/api/v1/business/concerts/:id, GET} route
[2025-04-18 23:10:52.489] [INFO] [default] - Nest application successfully started
[2025-04-25 23:21:17.330] [INFO] [default] - Starting Nest application...
[2025-04-25 23:21:41.304] [INFO] [default] - Starting Nest application...
[2025-04-26 00:01:37.129] [INFO] [default] - Starting Nest application...
[2025-04-26 00:07:17.817] [INFO] [default] - Starting Nest application...
[2025-04-26 00:07:41.223] [INFO] [default] - Starting Nest application...
[2025-04-26 00:08:03.218] [INFO] [default] - Starting Nest application...
[2025-04-26 00:08:46.933] [INFO] [default] - Starting Nest application...
[2025-04-26 00:16:05.395] [INFO] [default] - Starting Nest application...
[2025-04-26 00:16:52.915] [INFO] [default] - Starting Nest application...
[2025-04-26 00:19:15.399] [INFO] [default] - Starting Nest application...
[2025-04-26 00:19:52.400] [INFO] [default] - Starting Nest application...
[2025-04-26 00:20:21.854] [INFO] [default] - Starting Nest application...
[2025-04-26 00:23:05.109] [INFO] [default] - Starting Nest application...
[2025-04-26 00:23:38.649] [INFO] [default] - Starting Nest application...
[2025-04-26 00:24:34.366] [INFO] [default] - Starting Nest application...
[2025-04-26 00:26:38.273] [INFO] [default] - Starting Nest application...
[2025-04-26 00:27:19.133] [INFO] [default] - Starting Nest application...
[2025-04-26 00:30:29.018] [INFO] [default] - Starting Nest application...
[2025-04-26 00:32:04.567] [INFO] [default] - Starting Nest application...
[2025-04-26 00:36:25.905] [INFO] [default] - Starting Nest application...
[2025-04-26 00:37:51.794] [INFO] [default] - Starting Nest application...
[2025-04-26 00:38:21.080] [INFO] [default] - Starting Nest application...
[2025-04-26 00:48:57.688] [INFO] [default] - Starting Nest application...
[2025-04-26 00:49:19.471] [INFO] [default] - Starting Nest application...
[2025-04-26 00:49:40.179] [INFO] [default] - Starting Nest application...
[2025-04-26 00:50:59.926] [INFO] [default] - Starting Nest application...
[2025-04-26 00:52:10.166] [INFO] [default] - Starting Nest application...
[2025-04-26 00:56:14.135] [INFO] [default] - Starting Nest application...
[2025-04-26 00:58:15.292] [INFO] [default] - Starting Nest application...
[2025-04-26 00:59:54.137] [INFO] [default] - Starting Nest application...
[2025-04-26 01:01:14.179] [INFO] [default] - Starting Nest application...
[2025-04-27 10:11:01.759] [INFO] [default] - Starting Nest application...
[2025-04-27 10:39:08.466] [INFO] [default] - Starting Nest application...
[2025-04-27 10:40:23.939] [INFO] [default] - Starting Nest application...
[2025-04-27 10:42:21.554] [INFO] [default] - Starting Nest application...
[2025-04-27 10:43:53.215] [INFO] [default] - Starting Nest application...
[2025-04-27 10:44:28.072] [INFO] [default] - Starting Nest application...
[2025-04-27 10:46:41.120] [INFO] [default] - Starting Nest application...
[2025-04-27 10:47:40.762] [INFO] [default] - Starting Nest application...
[2025-04-27 12:55:51.854] [INFO] [default] - Starting Nest application...
[2025-04-27 12:56:40.988] [INFO] [default] - Starting Nest application...
[2025-04-27 13:05:48.078] [INFO] [default] - Starting Nest application...
[2025-04-27 13:14:24.796] [INFO] [default] - Starting Nest application...
[2025-04-27 13:14:24.845] [INFO] [default] - App successfully configured Logger
[2025-04-27 13:14:24.845] [INFO] [default] - App successfully configured Filter Exception Controller
[2025-04-27 13:14:24.845] [INFO] [default] - App successfully configured Interceptors
[2025-04-27 13:14:24.846] [INFO] [default] - Nest app started with port [8092]
[2025-04-27 13:14:24.857] [INFO] [default] - AppController {/}:
[2025-04-27 13:14:24.857] [INFO] [default] - Mapped {/, GET} route
[2025-04-27 13:14:24.857] [INFO] [default] - GenreController {/api/v1/business/genres}:
[2025-04-27 13:14:24.857] [INFO] [default] - Mapped {/api/v1/business/genres, GET} route
[2025-04-27 13:14:24.858] [INFO] [default] - Mapped {/api/v1/business/genres/page, GET} route
[2025-04-27 13:14:24.858] [INFO] [default] - Mapped {/api/v1/business/genres/:genreId, GET} route
[2025-04-27 13:14:24.858] [INFO] [default] - Mapped {/api/v1/business/genres, POST} route
[2025-04-27 13:14:24.858] [INFO] [default] - Mapped {/api/v1/business/genres/:genreId, DELETE} route
[2025-04-27 13:14:24.858] [INFO] [default] - Mapped {/api/v1/business/genres, PUT} route
[2025-04-27 13:14:24.858] [INFO] [default] - ConcertController {/api/v1/business/concerts}:
[2025-04-27 13:14:24.858] [INFO] [default] - Mapped {/api/v1/business/concerts/upcoming, GET} route
[2025-04-27 13:14:24.859] [INFO] [default] - Mapped {/api/v1/business/concerts, GET} route
[2025-04-27 13:14:24.859] [INFO] [default] - Mapped {/api/v1/business/concerts, GET} route
[2025-04-27 13:14:24.859] [INFO] [default] - Mapped {/api/v1/business/concerts/schedule, GET} route
[2025-04-27 13:14:24.859] [INFO] [default] - Mapped {/api/v1/business/concerts, POST} route
[2025-04-27 13:14:24.859] [INFO] [default] - Mapped {/api/v1/business/concerts/bulkCreate, POST} route
[2025-04-27 13:14:24.859] [INFO] [default] - Mapped {/api/v1/business/concerts/:id, GET} route
[2025-04-27 13:14:24.859] [INFO] [default] - SeatCategoryController {/api/v1/business/seat-categories}:
[2025-04-27 13:14:24.859] [INFO] [default] - Mapped {/api/v1/business/seat-categories, GET} route
[2025-04-27 13:14:24.859] [INFO] [default] - S3Controller {/api/v1/business/s3}:
[2025-04-27 13:14:24.859] [INFO] [default] - Mapped {/api/v1/business/s3/upload, POST} route
[2025-04-27 13:14:24.860] [INFO] [default] - Nest application successfully started
[2025-04-27 13:15:21.430] [INFO] [default] - Starting Nest application...
[2025-04-27 13:16:35.525] [INFO] [default] - Starting Nest application...
[2025-04-27 13:16:35.706] [INFO] [default] - App successfully configured Logger
[2025-04-27 13:16:35.706] [INFO] [default] - App successfully configured Filter Exception Controller
[2025-04-27 13:16:35.706] [INFO] [default] - App successfully configured Interceptors
[2025-04-27 13:16:35.706] [INFO] [default] - Nest app started with port [8092]
[2025-04-27 13:16:35.716] [INFO] [default] - AppController {/}:
[2025-04-27 13:16:35.717] [INFO] [default] - Mapped {/, GET} route
[2025-04-27 13:16:35.717] [INFO] [default] - GenreController {/api/v1/business/genres}:
[2025-04-27 13:16:35.717] [INFO] [default] - Mapped {/api/v1/business/genres, GET} route
[2025-04-27 13:16:35.717] [INFO] [default] - Mapped {/api/v1/business/genres/page, GET} route
[2025-04-27 13:16:35.718] [INFO] [default] - Mapped {/api/v1/business/genres/:genreId, GET} route
[2025-04-27 13:16:35.718] [INFO] [default] - Mapped {/api/v1/business/genres, POST} route
[2025-04-27 13:16:35.718] [INFO] [default] - Mapped {/api/v1/business/genres/:genreId, DELETE} route
[2025-04-27 13:16:35.718] [INFO] [default] - Mapped {/api/v1/business/genres, PUT} route
[2025-04-27 13:16:35.718] [INFO] [default] - ConcertController {/api/v1/business/concerts}:
[2025-04-27 13:16:35.718] [INFO] [default] - Mapped {/api/v1/business/concerts/upcoming, GET} route
[2025-04-27 13:16:35.718] [INFO] [default] - Mapped {/api/v1/business/concerts, GET} route
[2025-04-27 13:16:35.718] [INFO] [default] - Mapped {/api/v1/business/concerts, GET} route
[2025-04-27 13:16:35.718] [INFO] [default] - Mapped {/api/v1/business/concerts/schedule, GET} route
[2025-04-27 13:16:35.719] [INFO] [default] - Mapped {/api/v1/business/concerts, POST} route
[2025-04-27 13:16:35.719] [INFO] [default] - Mapped {/api/v1/business/concerts/bulkCreate, POST} route
[2025-04-27 13:16:35.719] [INFO] [default] - Mapped {/api/v1/business/concerts/:id, GET} route
[2025-04-27 13:16:35.719] [INFO] [default] - SeatCategoryController {/api/v1/business/seat-categories}:
[2025-04-27 13:16:35.719] [INFO] [default] - Mapped {/api/v1/business/seat-categories, GET} route
[2025-04-27 13:16:35.719] [INFO] [default] - CartController {/api/v1/business/carts}:
[2025-04-27 13:16:35.719] [INFO] [default] - Mapped {/api/v1/business/carts, POST} route
[2025-04-27 13:16:35.719] [INFO] [default] - S3Controller {/api/v1/business/s3}:
[2025-04-27 13:16:35.719] [INFO] [default] - Mapped {/api/v1/business/s3/upload, POST} route
[2025-04-27 13:16:35.720] [INFO] [default] - Nest application successfully started
[2025-04-27 15:31:19.443] [INFO] [default] - Starting Nest application...
[2025-04-27 15:32:30.278] [INFO] [default] - Starting Nest application...
[2025-04-27 15:32:30.444] [INFO] [default] - App successfully configured Logger
[2025-04-27 15:33:12.869] [INFO] [default] - Starting Nest application...
[2025-04-27 15:33:13.026] [INFO] [default] - App successfully configured Logger
[2025-04-27 15:33:13.026] [INFO] [default] - App successfully configured Filter Exception Controller
[2025-04-27 15:33:13.027] [INFO] [default] - App successfully configured Interceptors
[2025-04-27 15:33:13.027] [INFO] [default] - Nest app started with port [8092]
[2025-04-27 15:33:13.036] [INFO] [default] - AppController {/}:
[2025-04-27 15:33:13.037] [INFO] [default] - Mapped {/, GET} route
[2025-04-27 15:33:13.037] [INFO] [default] - GenreController {/api/v1/business/genres}:
[2025-04-27 15:33:13.037] [INFO] [default] - Mapped {/api/v1/business/genres, GET} route
[2025-04-27 15:33:13.037] [INFO] [default] - Mapped {/api/v1/business/genres/page, GET} route
[2025-04-27 15:33:13.038] [INFO] [default] - Mapped {/api/v1/business/genres/:genreId, GET} route
[2025-04-27 15:33:13.038] [INFO] [default] - Mapped {/api/v1/business/genres, POST} route
[2025-04-27 15:33:13.038] [INFO] [default] - Mapped {/api/v1/business/genres/:genreId, DELETE} route
[2025-04-27 15:33:13.038] [INFO] [default] - Mapped {/api/v1/business/genres, PUT} route
[2025-04-27 15:33:13.038] [INFO] [default] - ConcertController {/api/v1/business/concerts}:
[2025-04-27 15:33:13.038] [INFO] [default] - Mapped {/api/v1/business/concerts/upcoming, GET} route
[2025-04-27 15:33:13.038] [INFO] [default] - Mapped {/api/v1/business/concerts, GET} route
[2025-04-27 15:33:13.038] [INFO] [default] - Mapped {/api/v1/business/concerts, GET} route
[2025-04-27 15:33:13.038] [INFO] [default] - Mapped {/api/v1/business/concerts/schedule, GET} route
[2025-04-27 15:33:13.038] [INFO] [default] - Mapped {/api/v1/business/concerts, POST} route
[2025-04-27 15:33:13.039] [INFO] [default] - Mapped {/api/v1/business/concerts/bulkCreate, POST} route
[2025-04-27 15:33:13.039] [INFO] [default] - Mapped {/api/v1/business/concerts/:id, GET} route
[2025-04-27 15:33:13.039] [INFO] [default] - SeatCategoryController {/api/v1/business/seat-categories}:
[2025-04-27 15:33:13.039] [INFO] [default] - Mapped {/api/v1/business/seat-categories, GET} route
[2025-04-27 15:33:13.039] [INFO] [default] - CartController {/api/v1/business/carts}:
[2025-04-27 15:33:13.039] [INFO] [default] - Mapped {/api/v1/business/carts, POST} route
[2025-04-27 15:33:13.039] [INFO] [default] - Mapped {/api/v1/business/carts/add-to-cart, POST} route
[2025-04-27 15:33:13.039] [INFO] [default] - S3Controller {/api/v1/business/s3}:
[2025-04-27 15:33:13.039] [INFO] [default] - Mapped {/api/v1/business/s3/upload, POST} route
[2025-04-27 15:33:13.040] [INFO] [default] - Nest application successfully started
[2025-04-27 15:55:25.451] [INFO] [default] - Starting Nest application...
[2025-04-27 15:55:25.453] [INFO] [default] - Starting Nest application...
[2025-04-27 15:55:25.505] [WARN] [default] - Option 'logLevels' will be deprecated in the future. It is recommended to override or extend NestJS logger instead.
[2025-04-27 15:55:25.505] [WARN] [default] - Option 'logLevels' will be deprecated in the future. It is recommended to override or extend NestJS logger instead.
[2025-04-27 15:55:25.506] [INFO] [default] - LogModule dependencies initialized
[2025-04-27 15:55:25.509] [INFO] [default] - SequelizeModule dependencies initialized
[2025-04-27 15:55:25.509] [INFO] [default] - KeycloakConnectModule dependencies initialized
[2025-04-27 15:55:25.509] [INFO] [default] - KeycloakConnectModule dependencies initialized
[2025-04-27 15:55:25.509] [INFO] [default] - HttpServiceModule dependencies initialized
[2025-04-27 15:55:25.510] [INFO] [default] - ConfigHostModule dependencies initialized
[2025-04-27 15:55:25.510] [INFO] [default] - ConfigModule dependencies initialized
[2025-04-27 15:55:25.510] [INFO] [default] - ConfigModule dependencies initialized
[2025-04-27 15:55:25.510] [INFO] [default] - MiddlewareModule dependencies initialized
[2025-04-27 15:55:25.510] [INFO] [default] - S3Module dependencies initialized
[2025-04-27 15:55:25.510] [INFO] [default] - AppModule dependencies initialized
[2025-04-27 15:55:25.594] [INFO] [default] - SequelizeCoreModule dependencies initialized
[2025-04-27 15:55:25.594] [INFO] [default] - SequelizeModule dependencies initialized
[2025-04-27 15:55:25.594] [INFO] [default] - SequelizeModule dependencies initialized
[2025-04-27 15:55:25.594] [INFO] [default] - SequelizeModule dependencies initialized
[2025-04-27 15:55:25.594] [INFO] [default] - SequelizeModule dependencies initialized
[2025-04-27 15:55:25.594] [INFO] [default] - SeatCategoryModule dependencies initialized
[2025-04-27 15:55:25.594] [INFO] [default] - CartModule dependencies initialized
[2025-04-27 15:55:25.594] [INFO] [default] - GenreModule dependencies initialized
[2025-04-27 15:55:25.594] [INFO] [default] - ConcertModule dependencies initialized
[2025-04-27 15:55:25.596] [INFO] [default] - App successfully configured Logger
[2025-04-27 15:55:25.596] [INFO] [default] - App successfully configured Filter Exception Controller
[2025-04-27 15:55:25.596] [INFO] [default] - App successfully configured Interceptors
[2025-04-27 15:55:25.596] [INFO] [default] - Nest app started with port [8092]
[2025-04-27 15:55:25.605] [INFO] [default] - AppController {/}:
[2025-04-27 15:55:25.606] [INFO] [default] - Mapped {/, GET} route
[2025-04-27 15:55:25.606] [INFO] [default] - GenreController {/api/v1/business/genres}:
[2025-04-27 15:55:25.606] [INFO] [default] - Mapped {/api/v1/business/genres, GET} route
[2025-04-27 15:55:25.607] [INFO] [default] - Mapped {/api/v1/business/genres/page, GET} route
[2025-04-27 15:55:25.607] [INFO] [default] - Mapped {/api/v1/business/genres/:genreId, GET} route
[2025-04-27 15:55:25.607] [INFO] [default] - Mapped {/api/v1/business/genres, POST} route
[2025-04-27 15:55:25.607] [INFO] [default] - Mapped {/api/v1/business/genres/:genreId, DELETE} route
[2025-04-27 15:55:25.607] [INFO] [default] - Mapped {/api/v1/business/genres, PUT} route
[2025-04-27 15:55:25.607] [INFO] [default] - ConcertController {/api/v1/business/concerts}:
[2025-04-27 15:55:25.607] [INFO] [default] - Mapped {/api/v1/business/concerts/upcoming, GET} route
[2025-04-27 15:55:25.607] [INFO] [default] - Mapped {/api/v1/business/concerts, GET} route
[2025-04-27 15:55:25.607] [INFO] [default] - Mapped {/api/v1/business/concerts, GET} route
[2025-04-27 15:55:25.608] [INFO] [default] - Mapped {/api/v1/business/concerts/schedule, GET} route
[2025-04-27 15:55:25.608] [INFO] [default] - Mapped {/api/v1/business/concerts, POST} route
[2025-04-27 15:55:25.608] [INFO] [default] - Mapped {/api/v1/business/concerts/bulkCreate, POST} route
[2025-04-27 15:55:25.608] [INFO] [default] - Mapped {/api/v1/business/concerts/:id, GET} route
[2025-04-27 15:55:25.608] [INFO] [default] - SeatCategoryController {/api/v1/business/seat-categories}:
[2025-04-27 15:55:25.608] [INFO] [default] - Mapped {/api/v1/business/seat-categories, GET} route
[2025-04-27 15:55:25.608] [INFO] [default] - CartController {/api/v1/business/carts}:
[2025-04-27 15:55:25.608] [INFO] [default] - Mapped {/api/v1/business/carts, POST} route
[2025-04-27 15:55:25.608] [INFO] [default] - Mapped {/api/v1/business/carts/add-to-cart, POST} route
[2025-04-27 15:55:25.608] [INFO] [default] - S3Controller {/api/v1/business/s3}:
[2025-04-27 15:55:25.608] [INFO] [default] - Mapped {/api/v1/business/s3/upload, POST} route
[2025-04-27 15:55:25.610] [INFO] [default] - Nest application successfully started
[2025-04-27 15:57:31.896] [INFO] [default] - Starting Nest application...
[2025-04-27 15:57:31.949] [WARN] [default] - Option 'logLevels' will be deprecated in the future. It is recommended to override or extend NestJS logger instead.
[2025-04-27 15:57:31.950] [WARN] [default] - Option 'logLevels' will be deprecated in the future. It is recommended to override or extend NestJS logger instead.
[2025-04-27 15:57:31.950] [INFO] [default] - LogModule dependencies initialized
[2025-04-27 15:57:31.953] [INFO] [default] - SequelizeModule dependencies initialized
[2025-04-27 15:57:31.953] [INFO] [default] - KeycloakConnectModule dependencies initialized
[2025-04-27 15:57:31.953] [INFO] [default] - KeycloakConnectModule dependencies initialized
[2025-04-27 15:57:31.954] [INFO] [default] - HttpServiceModule dependencies initialized
[2025-04-27 15:57:31.954] [INFO] [default] - ConfigHostModule dependencies initialized
[2025-04-27 15:57:31.954] [INFO] [default] - ConfigModule dependencies initialized
[2025-04-27 15:57:31.954] [INFO] [default] - ConfigModule dependencies initialized
[2025-04-27 15:57:31.954] [INFO] [default] - MiddlewareModule dependencies initialized
[2025-04-27 15:57:31.954] [INFO] [default] - S3Module dependencies initialized
[2025-04-27 15:57:31.954] [INFO] [default] - AppModule dependencies initialized
[2025-04-27 15:57:32.047] [INFO] [default] - SequelizeCoreModule dependencies initialized
[2025-04-27 15:57:32.047] [INFO] [default] - SequelizeModule dependencies initialized
[2025-04-27 15:57:32.047] [INFO] [default] - SequelizeModule dependencies initialized
[2025-04-27 15:57:32.047] [INFO] [default] - SequelizeModule dependencies initialized
[2025-04-27 15:57:32.047] [INFO] [default] - SequelizeModule dependencies initialized
[2025-04-27 15:57:32.048] [INFO] [default] - SeatCategoryModule dependencies initialized
[2025-04-27 15:57:32.048] [INFO] [default] - CartModule dependencies initialized
[2025-04-27 15:57:32.048] [INFO] [default] - GenreModule dependencies initialized
[2025-04-27 15:57:32.048] [INFO] [default] - ConcertModule dependencies initialized
[2025-04-27 15:57:32.049] [INFO] [default] - App successfully configured Logger
[2025-04-27 15:57:32.049] [INFO] [default] - App successfully configured Filter Exception Controller
[2025-04-27 15:57:32.049] [INFO] [default] - App successfully configured Interceptors
[2025-04-27 15:57:32.049] [INFO] [default] - Nest app started with port [8092]
[2025-04-27 15:57:32.059] [INFO] [default] - AppController {/}:
[2025-04-27 15:57:32.059] [INFO] [default] - Mapped {/, GET} route
[2025-04-27 15:57:32.059] [INFO] [default] - GenreController {/api/v1/business/genres}:
[2025-04-27 15:57:32.060] [INFO] [default] - Mapped {/api/v1/business/genres, GET} route
[2025-04-27 15:57:32.060] [INFO] [default] - Mapped {/api/v1/business/genres/page, GET} route
[2025-04-27 15:57:32.060] [INFO] [default] - Mapped {/api/v1/business/genres/:genreId, GET} route
[2025-04-27 15:57:32.060] [INFO] [default] - Mapped {/api/v1/business/genres, POST} route
[2025-04-27 15:57:32.060] [INFO] [default] - Mapped {/api/v1/business/genres/:genreId, DELETE} route
[2025-04-27 15:57:32.060] [INFO] [default] - Mapped {/api/v1/business/genres, PUT} route
[2025-04-27 15:57:32.060] [INFO] [default] - ConcertController {/api/v1/business/concerts}:
[2025-04-27 15:57:32.060] [INFO] [default] - Mapped {/api/v1/business/concerts/upcoming, GET} route
[2025-04-27 15:57:32.061] [INFO] [default] - Mapped {/api/v1/business/concerts, GET} route
[2025-04-27 15:57:32.061] [INFO] [default] - Mapped {/api/v1/business/concerts, GET} route
[2025-04-27 15:57:32.061] [INFO] [default] - Mapped {/api/v1/business/concerts/schedule, GET} route
[2025-04-27 15:57:32.061] [INFO] [default] - Mapped {/api/v1/business/concerts, POST} route
[2025-04-27 15:57:32.061] [INFO] [default] - Mapped {/api/v1/business/concerts/bulkCreate, POST} route
[2025-04-27 15:57:32.061] [INFO] [default] - Mapped {/api/v1/business/concerts/:id, GET} route
[2025-04-27 15:57:32.061] [INFO] [default] - SeatCategoryController {/api/v1/business/seat-categories}:
[2025-04-27 15:57:32.061] [INFO] [default] - Mapped {/api/v1/business/seat-categories, GET} route
[2025-04-27 15:57:32.061] [INFO] [default] - CartController {/api/v1/business/carts}:
[2025-04-27 15:57:32.061] [INFO] [default] - Mapped {/api/v1/business/carts, POST} route
[2025-04-27 15:57:32.061] [INFO] [default] - Mapped {/api/v1/business/carts/add-to-cart, POST} route
[2025-04-27 15:57:32.061] [INFO] [default] - S3Controller {/api/v1/business/s3}:
[2025-04-27 15:57:32.061] [INFO] [default] - Mapped {/api/v1/business/s3/upload, POST} route
[2025-04-27 15:57:32.062] [INFO] [default] - Nest application successfully started
[2025-04-27 16:07:09.488] [INFO] [default] - App successfully configured Logger
[2025-04-27 16:07:09.489] [INFO] [default] - App successfully configured Filter Exception Controller
[2025-04-27 16:07:09.490] [INFO] [default] - App successfully configured Interceptors
[2025-04-27 16:07:09.490] [INFO] [default] - Nest app started with port [8092]
[2025-04-27 16:07:09.500] [INFO] [default] - AppController {/}:
[2025-04-27 16:07:09.500] [INFO] [default] - Mapped {/, GET} route
[2025-04-27 16:07:09.500] [INFO] [default] - GenreController {/api/v1/business/genres}:
[2025-04-27 16:07:09.501] [INFO] [default] - Mapped {/api/v1/business/genres, GET} route
[2025-04-27 16:07:09.501] [INFO] [default] - Mapped {/api/v1/business/genres/page, GET} route
[2025-04-27 16:07:09.501] [INFO] [default] - Mapped {/api/v1/business/genres/:genreId, GET} route
[2025-04-27 16:07:09.501] [INFO] [default] - Mapped {/api/v1/business/genres, POST} route
[2025-04-27 16:07:09.501] [INFO] [default] - Mapped {/api/v1/business/genres/:genreId, DELETE} route
[2025-04-27 16:07:09.501] [INFO] [default] - Mapped {/api/v1/business/genres, PUT} route
[2025-04-27 16:07:09.501] [INFO] [default] - ConcertController {/api/v1/business/concerts}:
[2025-04-27 16:07:09.502] [INFO] [default] - Mapped {/api/v1/business/concerts/upcoming, GET} route
[2025-04-27 16:07:09.502] [INFO] [default] - Mapped {/api/v1/business/concerts, GET} route
[2025-04-27 16:07:09.502] [INFO] [default] - Mapped {/api/v1/business/concerts, GET} route
[2025-04-27 16:07:09.502] [INFO] [default] - Mapped {/api/v1/business/concerts/schedule, GET} route
[2025-04-27 16:07:09.502] [INFO] [default] - Mapped {/api/v1/business/concerts, POST} route
[2025-04-27 16:07:09.502] [INFO] [default] - Mapped {/api/v1/business/concerts/bulkCreate, POST} route
[2025-04-27 16:07:09.502] [INFO] [default] - Mapped {/api/v1/business/concerts/:id, GET} route
[2025-04-27 16:07:09.502] [INFO] [default] - SeatCategoryController {/api/v1/business/seat-categories}:
[2025-04-27 16:07:09.502] [INFO] [default] - Mapped {/api/v1/business/seat-categories, GET} route
[2025-04-27 16:07:09.502] [INFO] [default] - CartController {/api/v1/business/carts}:
[2025-04-27 16:07:09.502] [INFO] [default] - Mapped {/api/v1/business/carts, POST} route
[2025-04-27 16:07:09.502] [INFO] [default] - Mapped {/api/v1/business/carts/add-to-cart, POST} route
[2025-04-27 16:07:09.502] [INFO] [default] - S3Controller {/api/v1/business/s3}:
[2025-04-27 16:07:09.502] [INFO] [default] - Mapped {/api/v1/business/s3/upload, POST} route
[2025-04-27 16:07:09.503] [INFO] [default] - Nest application successfully started
[2025-04-27 16:07:37.719] [INFO] [default] - App successfully configured Logger
[2025-04-27 16:07:37.720] [INFO] [default] - App successfully configured Filter Exception Controller
[2025-04-27 16:07:37.720] [INFO] [default] - App successfully configured Interceptors
[2025-04-27 16:07:37.720] [INFO] [default] - Nest app started with port [8092]
[2025-04-27 16:07:37.733] [INFO] [default] - Starting Nest application...
[2025-04-27 16:07:37.733] [WARN] [default] - Option 'logLevels' will be deprecated in the future. It is recommended to override or extend NestJS logger instead.
[2025-04-27 16:07:37.733] [WARN] [default] - Option 'logLevels' will be deprecated in the future. It is recommended to override or extend NestJS logger instead.
[2025-04-27 16:07:37.734] [INFO] [default] - LogModule dependencies initialized
[2025-04-27 16:07:37.734] [INFO] [default] - SequelizeModule dependencies initialized
[2025-04-27 16:07:37.734] [INFO] [default] - KeycloakConnectModule dependencies initialized
[2025-04-27 16:07:37.734] [INFO] [default] - KeycloakConnectModule dependencies initialized
[2025-04-27 16:07:37.734] [INFO] [default] - HttpServiceModule dependencies initialized
[2025-04-27 16:07:37.734] [INFO] [default] - ConfigHostModule dependencies initialized
[2025-04-27 16:07:37.734] [INFO] [default] - ConfigModule dependencies initialized
[2025-04-27 16:07:37.734] [INFO] [default] - ConfigModule dependencies initialized
[2025-04-27 16:07:37.734] [INFO] [default] - MiddlewareModule dependencies initialized
[2025-04-27 16:07:37.734] [INFO] [default] - S3Module dependencies initialized
[2025-04-27 16:07:37.734] [INFO] [default] - AppModule dependencies initialized
[2025-04-27 16:07:37.734] [INFO] [default] - SequelizeCoreModule dependencies initialized
[2025-04-27 16:07:37.734] [INFO] [default] - SequelizeModule dependencies initialized
[2025-04-27 16:07:37.734] [INFO] [default] - SequelizeModule dependencies initialized
[2025-04-27 16:07:37.734] [INFO] [default] - SequelizeModule dependencies initialized
[2025-04-27 16:07:37.734] [INFO] [default] - SequelizeModule dependencies initialized
[2025-04-27 16:07:37.734] [INFO] [default] - SeatCategoryModule dependencies initialized
[2025-04-27 16:07:37.734] [INFO] [default] - CartModule dependencies initialized
[2025-04-27 16:07:37.734] [INFO] [default] - GenreModule dependencies initialized
[2025-04-27 16:07:37.734] [INFO] [default] - ConcertModule dependencies initialized
[2025-04-27 16:07:37.734] [INFO] [default] - AppController {/}:
[2025-04-27 16:07:37.734] [INFO] [default] - Mapped {/, GET} route
[2025-04-27 16:07:37.734] [INFO] [default] - GenreController {/api/v1/business/genres}:
[2025-04-27 16:07:37.734] [INFO] [default] - Mapped {/api/v1/business/genres, GET} route
[2025-04-27 16:07:37.734] [INFO] [default] - Mapped {/api/v1/business/genres/page, GET} route
[2025-04-27 16:07:37.734] [INFO] [default] - Mapped {/api/v1/business/genres/:genreId, GET} route
[2025-04-27 16:07:37.734] [INFO] [default] - Mapped {/api/v1/business/genres, POST} route
[2025-04-27 16:07:37.734] [INFO] [default] - Mapped {/api/v1/business/genres/:genreId, DELETE} route
[2025-04-27 16:07:37.734] [INFO] [default] - Mapped {/api/v1/business/genres, PUT} route
[2025-04-27 16:07:37.734] [INFO] [default] - ConcertController {/api/v1/business/concerts}:
[2025-04-27 16:07:37.734] [INFO] [default] - Mapped {/api/v1/business/concerts/upcoming, GET} route
[2025-04-27 16:07:37.734] [INFO] [default] - Mapped {/api/v1/business/concerts, GET} route
[2025-04-27 16:07:37.734] [INFO] [default] - Mapped {/api/v1/business/concerts, GET} route
[2025-04-27 16:07:37.734] [INFO] [default] - Mapped {/api/v1/business/concerts/schedule, GET} route
[2025-04-27 16:07:37.734] [INFO] [default] - Mapped {/api/v1/business/concerts, POST} route
[2025-04-27 16:07:37.734] [INFO] [default] - Mapped {/api/v1/business/concerts/bulkCreate, POST} route
[2025-04-27 16:07:37.734] [INFO] [default] - Mapped {/api/v1/business/concerts/:id, GET} route
[2025-04-27 16:07:37.734] [INFO] [default] - SeatCategoryController {/api/v1/business/seat-categories}:
[2025-04-27 16:07:37.734] [INFO] [default] - Mapped {/api/v1/business/seat-categories, GET} route
[2025-04-27 16:07:37.734] [INFO] [default] - CartController {/api/v1/business/carts}:
[2025-04-27 16:07:37.734] [INFO] [default] - Mapped {/api/v1/business/carts, POST} route
[2025-04-27 16:07:37.734] [INFO] [default] - Mapped {/api/v1/business/carts/add-to-cart, POST} route
[2025-04-27 16:07:37.734] [INFO] [default] - S3Controller {/api/v1/business/s3}:
[2025-04-27 16:07:37.734] [INFO] [default] - Mapped {/api/v1/business/s3/upload, POST} route
[2025-04-27 16:07:37.734] [INFO] [default] - Nest application successfully started
[2025-04-27 16:08:26.305] [INFO] [default] - App successfully configured Logger
[2025-04-27 16:08:26.306] [INFO] [default] - App successfully configured Filter Exception Controller
[2025-04-27 16:08:26.306] [INFO] [default] - App successfully configured Interceptors
[2025-04-27 16:08:26.307] [INFO] [default] - Nest app started with port [8092]
[2025-04-27 16:08:26.323] [INFO] [default] - Starting Nest application...
[2025-04-27 16:08:26.323] [WARN] [default] - Option 'logLevels' will be deprecated in the future. It is recommended to override or extend NestJS logger instead.
[2025-04-27 16:08:26.323] [WARN] [default] - Option 'logLevels' will be deprecated in the future. It is recommended to override or extend NestJS logger instead.
[2025-04-27 16:08:26.323] [INFO] [default] - LogModule dependencies initialized
[2025-04-27 16:08:26.323] [INFO] [default] - SequelizeModule dependencies initialized
[2025-04-27 16:08:26.323] [INFO] [default] - KeycloakConnectModule dependencies initialized
[2025-04-27 16:08:26.323] [INFO] [default] - KeycloakConnectModule dependencies initialized
[2025-04-27 16:08:26.323] [INFO] [default] - HttpServiceModule dependencies initialized
[2025-04-27 16:08:26.324] [INFO] [default] - ConfigHostModule dependencies initialized
[2025-04-27 16:08:26.324] [INFO] [default] - ConfigModule dependencies initialized
[2025-04-27 16:08:26.324] [INFO] [default] - ConfigModule dependencies initialized
[2025-04-27 16:08:26.324] [INFO] [default] - MiddlewareModule dependencies initialized
[2025-04-27 16:08:26.324] [INFO] [default] - S3Module dependencies initialized
[2025-04-27 16:08:26.324] [INFO] [default] - AppModule dependencies initialized
[2025-04-27 16:08:26.324] [INFO] [default] - SequelizeCoreModule dependencies initialized
[2025-04-27 16:08:26.324] [INFO] [default] - SequelizeModule dependencies initialized
[2025-04-27 16:08:26.324] [INFO] [default] - SequelizeModule dependencies initialized
[2025-04-27 16:08:26.324] [INFO] [default] - SequelizeModule dependencies initialized
[2025-04-27 16:08:26.324] [INFO] [default] - SequelizeModule dependencies initialized
[2025-04-27 16:08:26.324] [INFO] [default] - SeatCategoryModule dependencies initialized
[2025-04-27 16:08:26.324] [INFO] [default] - CartModule dependencies initialized
[2025-04-27 16:08:26.324] [INFO] [default] - GenreModule dependencies initialized
[2025-04-27 16:08:26.324] [INFO] [default] - ConcertModule dependencies initialized
[2025-04-27 16:08:26.324] [INFO] [default] - AppController {/}:
[2025-04-27 16:08:26.324] [INFO] [default] - Mapped {/, GET} route
[2025-04-27 16:08:26.324] [INFO] [default] - GenreController {/api/v1/business/genres}:
[2025-04-27 16:08:26.324] [INFO] [default] - Mapped {/api/v1/business/genres, GET} route
[2025-04-27 16:08:26.324] [INFO] [default] - Mapped {/api/v1/business/genres/page, GET} route
[2025-04-27 16:08:26.324] [INFO] [default] - Mapped {/api/v1/business/genres/:genreId, GET} route
[2025-04-27 16:08:26.324] [INFO] [default] - Mapped {/api/v1/business/genres, POST} route
[2025-04-27 16:08:26.324] [INFO] [default] - Mapped {/api/v1/business/genres/:genreId, DELETE} route
[2025-04-27 16:08:26.324] [INFO] [default] - Mapped {/api/v1/business/genres, PUT} route
[2025-04-27 16:08:26.324] [INFO] [default] - ConcertController {/api/v1/business/concerts}:
[2025-04-27 16:08:26.324] [INFO] [default] - Mapped {/api/v1/business/concerts/upcoming, GET} route
[2025-04-27 16:08:26.324] [INFO] [default] - Mapped {/api/v1/business/concerts, GET} route
[2025-04-27 16:08:26.324] [INFO] [default] - Mapped {/api/v1/business/concerts, GET} route
[2025-04-27 16:08:26.324] [INFO] [default] - Mapped {/api/v1/business/concerts/schedule, GET} route
[2025-04-27 16:08:26.324] [INFO] [default] - Mapped {/api/v1/business/concerts, POST} route
[2025-04-27 16:08:26.324] [INFO] [default] - Mapped {/api/v1/business/concerts/bulkCreate, POST} route
[2025-04-27 16:08:26.324] [INFO] [default] - Mapped {/api/v1/business/concerts/:id, GET} route
[2025-04-27 16:08:26.324] [INFO] [default] - SeatCategoryController {/api/v1/business/seat-categories}:
[2025-04-27 16:08:26.324] [INFO] [default] - Mapped {/api/v1/business/seat-categories, GET} route
[2025-04-27 16:08:26.324] [INFO] [default] - CartController {/api/v1/business/carts}:
[2025-04-27 16:08:26.324] [INFO] [default] - Mapped {/api/v1/business/carts, POST} route
[2025-04-27 16:08:26.324] [INFO] [default] - Mapped {/api/v1/business/carts/add-to-cart, POST} route
[2025-04-27 16:08:26.324] [INFO] [default] - S3Controller {/api/v1/business/s3}:
[2025-04-27 16:08:26.324] [INFO] [default] - Mapped {/api/v1/business/s3/upload, POST} route
[2025-04-27 16:08:26.324] [INFO] [default] - Nest application successfully started
[2025-04-27 16:11:01.308] [INFO] [default] - App successfully configured Logger
[2025-04-27 16:11:01.308] [INFO] [default] - App successfully configured Filter Exception Controller
[2025-04-27 16:11:01.308] [INFO] [default] - App successfully configured Interceptors
[2025-04-27 16:11:01.308] [INFO] [default] - Nest app started with port [8092]
[2025-04-27 16:11:01.322] [INFO] [default] - Starting Nest application...
[2025-04-27 16:11:01.322] [WARN] [default] - Option 'logLevels' will be deprecated in the future. It is recommended to override or extend NestJS logger instead.
[2025-04-27 16:11:01.322] [WARN] [default] - Option 'logLevels' will be deprecated in the future. It is recommended to override or extend NestJS logger instead.
[2025-04-27 16:11:01.322] [INFO] [default] - LogModule dependencies initialized
[2025-04-27 16:11:01.322] [INFO] [default] - SequelizeModule dependencies initialized
[2025-04-27 16:11:01.322] [INFO] [default] - KeycloakConnectModule dependencies initialized
[2025-04-27 16:11:01.322] [INFO] [default] - KeycloakConnectModule dependencies initialized
[2025-04-27 16:11:01.322] [INFO] [default] - HttpServiceModule dependencies initialized
[2025-04-27 16:11:01.322] [INFO] [default] - ConfigHostModule dependencies initialized
[2025-04-27 16:11:01.322] [INFO] [default] - ConfigModule dependencies initialized
[2025-04-27 16:11:01.322] [INFO] [default] - ConfigModule dependencies initialized
[2025-04-27 16:11:01.322] [INFO] [default] - MiddlewareModule dependencies initialized
[2025-04-27 16:11:01.322] [INFO] [default] - S3Module dependencies initialized
[2025-04-27 16:11:01.322] [INFO] [default] - AppModule dependencies initialized
[2025-04-27 16:11:01.322] [INFO] [default] - SequelizeCoreModule dependencies initialized
[2025-04-27 16:11:01.322] [INFO] [default] - SequelizeModule dependencies initialized
[2025-04-27 16:11:01.322] [INFO] [default] - SequelizeModule dependencies initialized
[2025-04-27 16:11:01.322] [INFO] [default] - SequelizeModule dependencies initialized
[2025-04-27 16:11:01.322] [INFO] [default] - SequelizeModule dependencies initialized
[2025-04-27 16:11:01.322] [INFO] [default] - SeatCategoryModule dependencies initialized
[2025-04-27 16:11:01.322] [INFO] [default] - CartModule dependencies initialized
[2025-04-27 16:11:01.322] [INFO] [default] - GenreModule dependencies initialized
[2025-04-27 16:11:01.322] [INFO] [default] - ConcertModule dependencies initialized
[2025-04-27 16:11:01.322] [INFO] [default] - AppController {/}:
[2025-04-27 16:11:01.322] [INFO] [default] - Mapped {/, GET} route
[2025-04-27 16:11:01.322] [INFO] [default] - GenreController {/api/v1/business/genres}:
[2025-04-27 16:11:01.322] [INFO] [default] - Mapped {/api/v1/business/genres, GET} route
[2025-04-27 16:11:01.322] [INFO] [default] - Mapped {/api/v1/business/genres/page, GET} route
[2025-04-27 16:11:01.322] [INFO] [default] - Mapped {/api/v1/business/genres/:genreId, GET} route
[2025-04-27 16:11:01.322] [INFO] [default] - Mapped {/api/v1/business/genres, POST} route
[2025-04-27 16:11:01.322] [INFO] [default] - Mapped {/api/v1/business/genres/:genreId, DELETE} route
[2025-04-27 16:11:01.322] [INFO] [default] - Mapped {/api/v1/business/genres, PUT} route
[2025-04-27 16:11:01.322] [INFO] [default] - ConcertController {/api/v1/business/concerts}:
[2025-04-27 16:11:01.322] [INFO] [default] - Mapped {/api/v1/business/concerts/upcoming, GET} route
[2025-04-27 16:11:01.322] [INFO] [default] - Mapped {/api/v1/business/concerts, GET} route
[2025-04-27 16:11:01.322] [INFO] [default] - Mapped {/api/v1/business/concerts, GET} route
[2025-04-27 16:11:01.322] [INFO] [default] - Mapped {/api/v1/business/concerts/schedule, GET} route
[2025-04-27 16:11:01.322] [INFO] [default] - Mapped {/api/v1/business/concerts, POST} route
[2025-04-27 16:11:01.322] [INFO] [default] - Mapped {/api/v1/business/concerts/bulkCreate, POST} route
[2025-04-27 16:11:01.322] [INFO] [default] - Mapped {/api/v1/business/concerts/:id, GET} route
[2025-04-27 16:11:01.322] [INFO] [default] - SeatCategoryController {/api/v1/business/seat-categories}:
[2025-04-27 16:11:01.322] [INFO] [default] - Mapped {/api/v1/business/seat-categories, GET} route
[2025-04-27 16:11:01.322] [INFO] [default] - CartController {/api/v1/business/carts}:
[2025-04-27 16:11:01.322] [INFO] [default] - Mapped {/api/v1/business/carts, POST} route
[2025-04-27 16:11:01.322] [INFO] [default] - Mapped {/api/v1/business/carts/add-to-cart, POST} route
[2025-04-27 16:11:01.322] [INFO] [default] - S3Controller {/api/v1/business/s3}:
[2025-04-27 16:11:01.322] [INFO] [default] - Mapped {/api/v1/business/s3/upload, POST} route
[2025-04-27 16:11:01.322] [INFO] [default] - Nest application successfully started
